form_id,group,egg,rarity,lane,personality,policy,room,enemy_types,runs_reached,died_at_least_once_rate,final_loss_rate,moves_n,moves_mean,moves_ci_lo,moves_ci_hi,moves_min,moves_p10,moves_median,moves_p90,moves_max,hp_end_mean,jam_events_mean,casts_mean,enemy_hp_lost_mean
egg1-balanced-A,stage4,egg1,Common,balanced,A,greedy-egg,1,mushroom,200,0.03,0.03,200,16.455,16.0252,16.8848,11,13,16,20,35,30.25,0,2.78,95.9
egg1-balanced-A,stage4,egg1,Common,balanced,A,greedy-egg,2,mushroom|beetle,194,0.9588,0.9021,194,8.1753,7.5743,8.7762,2,3.3,8,14.7,24,1.5258,0,1.7165,49.8711
egg1-balanced-A,stage4,egg1,Common,balanced,A,greedy-egg,3,mushroom|beetle,19,0.8947,0.8947,19,5.9474,3.533,8.3617,2,2,3,10,22,0.8947,0,1.2105,36.4737
egg1-balanced-A,stage4,egg1,Common,balanced,A,greedy-egg,4,brute,2,1,1,2,6,0.12,11.88,3,3.6,6,8.4,9,0,0,1,56.5
egg1-balanced-A,stage4,egg1,Common,balanced,A,greedy,1,mushroom,200,0.015,0.015,200,22.785,21.8874,23.6826,11,15,22,31,46,44.015,0,4.095,119.825
egg1-balanced-A,stage4,egg1,Common,balanced,A,greedy,2,beetle|mushroom,197,0.731,0.6751,197,16.3096,14.6539,17.9654,2,4,14,33,73,17.6599,0,3.269,82.7614
egg1-balanced-A,stage4,egg1,Common,balanced,A,greedy,3,beetle|mushroom,64,0.5156,0.5,64,19.1406,15.8082,22.4731,2,4,18,34,72,26.6875,0.0625,3.8594,92.6094
egg1-balanced-A,stage4,egg1,Common,balanced,A,greedy,4,brute,32,0.8438,0.8125,32,17.1875,11.6968,22.6782,3,3,12,44.7,52,10.4688,0.1875,3.4375,129.4375
egg1-balanced-A,stage4,egg1,Common,balanced,A,greedy,6,mushroom|beetle,2,0,0,2,18.5,13.6,23.4,16,16.5,18.5,20.5,21,92,0,3.5,59
egg1-balanced-A,stage4,egg1,Common,balanced,A,greedy,7,mushroom,2,0.5,0.5,2,17.5,-1.12,36.12,8,9.9,17.5,25.1,27,14.5,0.5,4.5,107
egg1-balanced-A,stage4,egg1,Common,balanced,A,greedy,8,stag,5,1,1,5,18.6,6.2101,30.9899,6,8.4,12,33.6,42,0,0.4,3.6,201.6
egg1-balanced-A,stage4,egg1,Common,balanced,A,random,1,mushroom,200,0.08,0.08,200,23.145,22.3191,23.9709,13,16,22,31,45,35.86,0,4.155,126.23
egg1-balanced-A,stage4,egg1,Common,balanced,A,random,2,mushroom|beetle,184,0.8152,0.8043,184,13.4348,11.6559,15.2137,2,4,8,32.7,60,9.2826,0.0054,2.7337,69.1087
egg1-balanced-A,stage4,egg1,Common,balanced,A,random,3,mushroom|beetle,36,0.5,0.4444,36,16.8333,13.0178,20.6489,2,3.5,14.5,33,37,30.8611,0.0833,3.4444,83.7222
egg1-balanced-A,stage4,egg1,Common,balanced,A,random,4,brute,20,0.95,0.95,20,10.05,7.4456,12.6544,3,3,7.5,18,24,0.3,0,2.1,86.35
egg1-balanced-A,stage4,egg1,Common,balanced,A,random,7,mushroom,1,0,0,1,3,3,3,3,3,3,3,3,60,0,1,12
egg1-balanced-A,stage4,egg1,Common,balanced,A,random,8,stag,1,1,1,1,6,6,6,6,6,6,6,6,0,0,1,75
egg1-balanced-B,stage4,egg1,Common,balanced,B,greedy-egg,1,mushroom,200,0,0,200,16.555,16.1548,16.9552,11,13,16,20,34,57.165,0,2.78,68.03
egg1-balanced-B,stage4,egg1,Common,balanced,B,greedy-egg,2,beetle|mushroom,200,0.075,0.075,200,16.615,15.8563,17.3737,5,10,16.5,24,31,30.93,0,3.28,43.925
egg1-balanced-B,stage4,egg1,Common,balanced,B,greedy-egg,3,mushroom|beetle,185,0.4486,0.4,185,12.6486,11.6727,13.6246,2,4,12,21.6,35,18.2703,0,2.4811,33.3838
egg1-balanced-B,stage4,egg1,Common,balanced,B,greedy-egg,4,brute,111,0.9009,0.8468,111,10.4685,9.2623,11.6746,3,6,6,20,30,3.2432,0,2.1261,55.0811
egg1-balanced-B,stage4,egg1,Common,balanced,B,greedy-egg,5,mushroom|beetle,5,0.8,0.4,5,11,3.16,18.84,2,3.2,8,20.8,24,20,0,2.2,35.2
egg1-balanced-B,stage4,egg1,Common,balanced,B,greedy-egg,6,beetle|mushroom,7,0.4286,0.4286,7,10.4286,6.4886,14.3685,5,5,10,16.2,18,24.2857,0,2,23
egg1-balanced-B,stage4,egg1,Common,balanced,B,greedy-egg,7,mushroom|beetle,5,0.6,0.6,5,14.6,9.7354,19.4646,8,9.6,14,20.2,23,15.4,0,3,43.4
egg1-balanced-B,stage4,egg1,Common,balanced,B,greedy-egg,8,stag,9,1,1,9,12,8.6052,15.3948,6,8.4,12,16.8,24,0,0,2.7778,77.2222
egg1-balanced-B,stage4,egg1,Common,balanced,B,greedy,1,mushroom,200,0,0,200,21.895,21.1138,22.6762,12,16,21,30,42,73.07,0,3.89,77.135
egg1-balanced-B,stage4,egg1,Common,balanced,B,greedy,2,beetle|mushroom,200,0.025,0.025,200,23.46,22.201,24.719,8,12,23,36,52,64.57,0,4.645,55.16
egg1-balanced-B,stage4,egg1,Common,balanced,B,greedy,3,mushroom|beetle,195,0.1128,0.0974,195,19.3282,17.9218,20.7346,2,6.4,18,33,53,62.0359,0.0154,3.8718,43.8667
egg1-balanced-B,stage4,egg1,Common,balanced,B,greedy,4,brute,176,0.4545,0.4261,176,24.9261,22.8079,27.0444,3,6,24,42.5,72,35.3466,0.0511,4.9943,106.1932
egg1-balanced-B,stage4,egg1,Common,balanced,B,greedy,8,stag,90,1,1,90,27.2333,23.0542,31.4125,3,6,24,51.2,127,0,0.5,5.7667,160.3111
egg1-balanced-B,stage4,egg1,Common,balanced,B,greedy,6,mushroom|beetle,40,0.2,0.2,40,18.4,14.63,22.17,2,4,17,30.5,60,61.1,0.225,3.925,45.775
egg1-balanced-B,stage4,egg1,Common,balanced,B,greedy,5,beetle|mushroom,44,0.1364,0.0682,44,21.5,17.7443,25.2557,2,8,19.5,34.1,57,61.8182,0.1136,4.3864,47.0682
egg1-balanced-B,stage4,egg1,Common,balanced,B,greedy,7,beetle|mushroom,34,0.0294,0,34,16.2059,13.4993,18.9125,1,5.3,17,25.7,38,69.2941,0.1471,3.3529,40.8824
egg1-balanced-B,stage4,egg1,Common,balanced,B,random,1,mushroom,200,0,0,200,22.56,21.8312,23.2888,13,16,22,30,40,70.925,0,4.02,80.67
egg1-balanced-B,stage4,egg1,Common,balanced,B,random,2,mushroom|beetle,200,0.065,0.055,200,26.265,24.9635,27.5665,4,15,26,37,58,65.195,0.01,5.225,59.615
egg1-balanced-B,stage4,egg1,Common,balanced,B,random,3,mushroom|beetle,189,0.1005,0.0741,189,20.0847,18.7687,21.4006,2,9,20,32,58,62.8307,0.0423,4.0317,44.8889
egg1-balanced-B,stage4,egg1,Common,balanced,B,random,4,brute,175,0.5943,0.5486,175,24.3429,22.1875,26.4982,3,6,24,43.6,69,28.6171,0.2686,4.8686,110.3314
egg1-balanced-B,stage4,egg1,Common,balanced,B,random,8,stag,64,0.9844,0.9844,64,27.625,22.8299,32.4201,3,9,24,52.2,84,0.25,0.5,5.875,179.1406
egg1-balanced-B,stage4,egg1,Common,balanced,B,random,5,beetle|mushroom,31,0.2903,0.2581,31,20.8387,16.1201,25.5573,3,6,19,33,71,57.6452,0.4839,4.3871,53.8387
egg1-balanced-B,stage4,egg1,Common,balanced,B,random,6,beetle|mushroom,28,0.2143,0.2143,28,25.1429,18.8611,31.4246,2,3.7,22,39,84,61.4643,0.5714,5.1786,60.8929
egg1-balanced-B,stage4,egg1,Common,balanced,B,random,7,beetle|mushroom,29,0.0345,0.0345,29,22.9655,15.7061,30.2249,2,3.8,18,53.2,82,77.6552,0.5862,4.6897,57.069
egg1-control,control_stage1-3,egg1,Common,balanced,A,greedy-egg,1,mushroom,200,0.435,0.38,200,18.43,17.9454,18.9146,13,15.9,18,22,42,11.35,0,0,112.245
egg1-control,control_stage1-3,egg1,Common,balanced,A,greedy-egg,2,beetle|mushroom,124,0.9839,0.9839,124,5.5565,4.9082,6.2047,2,2,4,11.4,21,0.2097,0,0,33.8548
egg1-control,control_stage1-3,egg1,Common,balanced,A,greedy-egg,3,mushroom|beetle,2,1,1,2,3.5,2.52,4.48,3,3.1,3.5,3.9,4,0,0,0,23
egg1-control,control_stage1-3,egg1,Common,balanced,A,greedy,1,mushroom,200,0.27,0.245,200,26.715,25.3737,28.0563,14,17,24,39.1,67,25.87,0,0,142.52
egg1-control,control_stage1-3,egg1,Common,balanced,A,greedy,2,beetle|mushroom,151,0.8543,0.7881,151,14.6821,12.2932,17.0711,2,3,9,36,66,10.5762,0.0066,0,73.6159
egg1-control,control_stage1-3,egg1,Common,balanced,A,greedy,3,beetle|mushroom,32,0.5938,0.5938,32,16.3125,11.1738,21.4512,2,4,11.5,34.2,74,19.6875,0,0,78.4688
egg1-control,control_stage1-3,egg1,Common,balanced,A,greedy,4,brute,13,1,1,13,19.3846,11.1328,27.6364,3,6.6,15,36,60,0,0,0,152.0769
egg1-control,control_stage1-3,egg1,Common,balanced,A,random,1,mushroom,200,0.52,0.475,200,26.37,25.2134,27.5266,14,18,24,37.1,58,18.215,0,0,147.55
egg1-control,control_stage1-3,egg1,Common,balanced,A,random,2,mushroom|beetle,105,0.9048,0.8476,105,12,9.6972,14.3028,2,3,9,26,80,8.0952,0,0,62.8476
egg1-control,control_stage1-3,egg1,Common,balanced,A,random,3,mushroom|beetle,16,0.875,0.6875,16,20.0625,14.8692,25.2558,4,5,21,31.5,36,13.75,0,0,110.4375
egg1-control,control_stage1-3,egg1,Common,balanced,A,random,4,brute,5,1,1,5,8.4,5.5194,11.2806,3,5.4,9,10.8,12,0,0,0,77.2
egg1-math-A,stage4,egg1,Common,math,A,greedy-egg,1,mushroom,200,0,0,200,14.46,14.1208,14.7992,11,12,14,17.1,29,39.075,0,2.425,83.315
egg1-math-A,stage4,egg1,Common,math,A,greedy-egg,2,mushroom|beetle,200,0.905,0.82,200,9.645,8.9835,10.3065,2,4,9,15.1,25,4.165,0,2.02,56.56
egg1-math-A,stage4,egg1,Common,math,A,greedy-egg,3,mushroom|beetle,36,0.9444,0.9444,36,5.4444,4.3955,6.4934,2,2,5,9,15,1,0,1.0556,32.9722
egg1-math-A,stage4,egg1,Common,math,A,greedy-egg,4,brute,2,1,1,2,4.5,1.56,7.44,3,3.3,4.5,5.7,6,0,0,1,39.5
egg1-math-A,stage4,egg1,Common,math,A,greedy,1,mushroom,200,0,0,200,17.905,17.362,18.448,10,13,18,23,30,55.26,0,3.15,93.435
egg1-math-A,stage4,egg1,Common,math,A,greedy,2,beetle|mushroom,200,0.55,0.495,200,16.01,14.8702,17.1498,2,6,14,28,38,23.13,0,3.19,78.195
egg1-math-A,stage4,egg1,Common,math,A,greedy,3,mushroom|beetle,101,0.5149,0.4851,101,13.5644,12.0586,15.0701,2,4,14,24,35,31.2673,0,2.703,65.9703
egg1-math-A,stage4,egg1,Common,math,A,greedy,4,brute,52,0.7692,0.7692,52,15.3654,12.3622,18.3685,3,6,12,35,40,14.9808,0.0192,3.1538,115.0769
egg1-math-A,stage4,egg1,Common,math,A,greedy,6,beetle|mushroom,5,0.6,0.2,5,23.8,10.2859,37.3141,3,7.8,26,38.6,43,55,0.6,4.6,103.4
egg1-math-A,stage4,egg1,Common,math,A,greedy,7,mushroom|beetle,3,0.3333,0.3333,3,16,6.2,25.8,6,9,21,21,21,40.3333,0,3.6667,72
egg1-math-A,stage4,egg1,Common,math,A,greedy,8,stag,6,1,1,6,25.1667,7.3791,42.9543,9,10.5,14,51,66,0,0.5,5,274.8333
egg1-math-A,stage4,egg1,Common,math,A,greedy,5,mushroom|beetle,6,0.6667,0.6667,6,18.6667,12.272,25.0613,6,9,21.5,25.5,27,36,0.3333,3.8333,93.6667
egg1-math-A,stage4,egg1,Common,math,A,random,1,mushroom,200,0.025,0.025,200,18.585,18.0528,19.1172,11,14,18,24.1,34,44.87,0,3.27,101.05
egg1-math-A,stage4,egg1,Common,math,A,random,2,mushroom|beetle,195,0.7128,0.6359,195,14.8769,13.5784,16.1755,3,6,12,31,40,16.0513,0,3.0051,76.2359
egg1-math-A,stage4,egg1,Common,math,A,random,3,beetle|mushroom,71,0.5915,0.5775,71,12.2958,10.4166,14.175,2,3,11,23,33,22.2394,0,2.493,58.7746
egg1-math-A,stage4,egg1,Common,math,A,random,4,brute,30,1,1,30,12.5,9.4756,15.5244,3,3,10.5,24,33,0,0,2.6333,104.4
egg1-math-B,stage4,egg1,Common,math,B,greedy-egg,1,mushroom,200,0,0,200,16.685,16.2755,17.0945,11,13,16,21,34,56.145,0,2.78,69.32
egg1-math-B,stage4,egg1,Common,math,B,greedy-egg,2,beetle|mushroom,200,0.155,0.14,200,16.99,16.2397,17.7403,6,10.9,17,24,41,26.545,0,3.355,49.815
egg1-math-B,stage4,egg1,Common,math,B,greedy-egg,3,mushroom|beetle,172,0.6221,0.564,172,11.0814,10.1337,12.0291,2,4,12,20,28,14.1686,0,2.1919,33.9767
egg1-math-B,stage4,egg1,Common,math,B,greedy-egg,4,brute,75,0.9467,0.9333,75,8.5733,7.279,9.8677,3,3,6,15,35,1.6133,0,1.84,51.68
egg1-math-B,stage4,egg1,Common,math,B,greedy-egg,5,mushroom|beetle,2,0.5,0,2,12.5,9.56,15.44,11,11.3,12.5,13.7,14,32.5,0,2.5,34.5
egg1-math-B,stage4,egg1,Common,math,B,greedy-egg,6,mushroom|beetle,2,0.5,0.5,2,12,0.24,23.76,6,7.2,12,16.8,18,17,0,2.5,31.5
egg1-math-B,stage4,egg1,Common,math,B,greedy-egg,8,stag,4,1,1,4,9,5.6052,12.3948,6,6,9,12,12,0,0,2,72.75
egg1-math-B,stage4,egg1,Common,math,B,greedy-egg,7,mushroom,1,0,0,1,17,17,17,17,17,17,17,17,57,0,4,58
egg1-math-B,stage4,egg1,Common,math,B,greedy,1,mushroom,200,0,0,200,22.095,21.3048,22.8852,12,16,21,30,42,71.475,0,3.89,79.94
egg1-math-B,stage4,egg1,Common,math,B,greedy,2,beetle|mushroom,200,0.05,0.04,200,23.415,22.1185,24.7115,8,12,23,34.1,64,61.025,0,4.645,60.575
egg1-math-B,stage4,egg1,Common,math,B,greedy,3,mushroom|beetle,192,0.1667,0.1563,192,19.75,18.358,21.142,2,8,19,31,58,59.4635,0.0365,3.9635,48.4896
egg1-math-B,stage4,egg1,Common,math,B,greedy,4,brute,162,0.5679,0.5494,162,22.5864,20.4585,24.7144,3,6,21,42,76,23.5864,0.0679,4.5494,115.5679
egg1-math-B,stage4,egg1,Common,math,B,greedy,6,mushroom|beetle,31,0.2903,0.2581,31,17.6774,13.5357,21.8192,3,5,14,29,49,51.3871,0.1613,3.5806,48.8387
egg1-math-B,stage4,egg1,Common,math,B,greedy,7,beetle|mushroom,21,0.1429,0.1429,21,19.5238,14.1824,24.8652,1,6,18,30,60,70.5714,0.1429,4,46.9048
egg1-math-B,stage4,egg1,Common,math,B,greedy,8,stag,58,1,1,58,24.8276,19.5738,30.0814,3,6,19,48.3,96,0,0.3966,5.4655,167.7759
egg1-math-B,stage4,egg1,Common,math,B,greedy,5,beetle|mushroom,28,0.1429,0.1429,28,20.5714,14.5951,26.5478,2,4.7,18.5,34.3,83,52.6786,0.2857,4.25,51.7857
egg1-math-B,stage4,egg1,Common,math,B,random,1,mushroom,200,0,0,200,22.755,22.0239,23.4861,13,17,22,30,41,69.1,0,4.02,83.895
egg1-math-B,stage4,egg1,Common,math,B,random,2,mushroom|beetle,200,0.12,0.115,200,25.32,24.0597,26.5803,4,14,24.5,36.1,58,57.96,0,5.085,64.39
egg1-math-B,stage4,egg1,Common,math,B,random,3,mushroom|beetle,177,0.1638,0.1582,177,19.7232,18.2282,21.2181,2,7,19,32,55,55.8757,0.0282,3.904,51.8927
egg1-math-B,stage4,egg1,Common,math,B,random,4,brute,149,0.6309,0.5973,149,23.1611,20.8038,25.5184,3,6,21,43.4,68,23.1409,0.1745,4.7852,117.2819
egg1-math-B,stage4,egg1,Common,math,B,random,5,mushroom|beetle,26,0.1923,0.1923,26,18.8846,13.9966,23.7726,3,4,18.5,37.5,44,62.2692,0.3462,3.9231,50.3077
egg1-math-B,stage4,egg1,Common,math,B,random,7,beetle|mushroom,24,0.1667,0.1667,24,20.3333,14.6072,26.0594,4,5.3,18,43.3,51,63.5,0.375,4.2083,59.4167
egg1-math-B,stage4,egg1,Common,math,B,random,8,stag,46,1,1,46,20.8043,16.5542,25.0545,6,6,18,41.5,81,0,0.413,4.3261,158.3043
egg1-math-B,stage4,egg1,Common,math,B,random,6,beetle|mushroom,23,0.2609,0.2174,23,24.7391,19.2419,30.2364,2,8,26,42.6,54,57.4348,0.4783,5.1739,57.7391
egg1-science-A,stage4,egg1,Common,science,A,greedy-egg,1,mushroom,200,0.01,0.01,200,15.665,15.3029,16.0271,11,13,16,18,31,33.79,0,2.565,90.805
egg1-science-A,stage4,egg1,Common,science,A,greedy-egg,2,mushroom|beetle,198,0.9293,0.8687,198,8.4394,7.8331,9.0457,2,4,8,14,24,2.8081,0,1.8485,50.9747
egg1-science-A,stage4,egg1,Common,science,A,greedy-egg,3,beetle|mushroom,26,1,1,26,5.8846,4.3343,7.4349,2,2,6,12,16,0,0,1.3077,35.8077
egg1-science-A,stage4,egg1,Common,science,A,greedy,1,mushroom,200,0,0,200,20.195,19.5176,20.8724,12,14,20,27,38,48.075,0,3.49,106.55
egg1-science-A,stage4,egg1,Common,science,A,greedy,2,mushroom|beetle,200,0.615,0.54,200,15.985,14.6263,17.3437,2,6,14,30,43,18.705,0,3.25,76.45
egg1-science-A,stage4,egg1,Common,science,A,greedy,3,mushroom|beetle,92,0.5978,0.5761,92,14.1413,11.9407,16.3419,2,4,12,29.9,42,25.6739,0.0109,2.913,64.6957
egg1-science-A,stage4,egg1,Common,science,A,greedy,4,brute,39,0.8974,0.8974,39,14.7949,11.9765,17.6133,3,6,13,25.2,42,5.4615,0.0256,3.1538,113.1795
egg1-science-A,stage4,egg1,Common,science,A,greedy,5,mushroom,2,0,0,2,29,15.28,42.72,22,23.4,29,34.6,36,46.5,0.5,5.5,140.5
egg1-science-A,stage4,egg1,Common,science,A,greedy,6,beetle,2,0,0,2,34.5,31.56,37.44,33,33.3,34.5,35.7,36,65,1,7,132.5
egg1-science-A,stage4,egg1,Common,science,A,greedy,7,mushroom|beetle,3,0,0,3,30.3333,22.305,38.3616,24,25,29,36.2,38,94.6667,0.6667,5.6667,138
egg1-science-A,stage4,egg1,Common,science,A,greedy,8,stag,4,1,1,4,24.75,8.4028,41.0972,6,9.6,24,40.5,45,0,0.25,5,226
egg1-science-A,stage4,egg1,Common,science,A,random,1,mushroom,200,0.05,0.05,200,20.755,20.1554,21.3546,13,16,21,26,34,40.18,0,3.665,113.755
egg1-science-A,stage4,egg1,Common,science,A,random,2,mushroom|beetle,190,0.7421,0.7105,190,13.9895,12.6135,15.3654,2,4,12,29,44,14.7158,0,2.8263,74
egg1-science-A,stage4,egg1,Common,science,A,random,3,beetle|mushroom,55,0.6,0.5455,55,15.1636,12.6401,17.6872,2,3,15,28.6,37,27.1636,0.0545,3.2182,71.5818
egg1-science-A,stage4,egg1,Common,science,A,random,4,brute,25,0.92,0.88,25,13.44,8.0818,18.7982,3,3,12,26.4,66,8.48,0.08,2.88,110.8
egg1-science-A,stage4,egg1,Common,science,A,random,5,mushroom,2,0,0,2,24,20.08,27.92,22,22.4,24,25.6,26,78,0,4.5,133
egg1-science-A,stage4,egg1,Common,science,A,random,8,stag,3,1,1,3,17,7.2,26.8,12,12,12,24,27,0,0.3333,3.6667,194
egg1-science-A,stage4,egg1,Common,science,A,random,7,mushroom,1,0,0,1,18,18,18,18,18,18,18,18,40,0,3,120
egg1-science-B,stage4,egg1,Common,science,B,greedy-egg,1,mushroom,200,0,0,200,13.565,13.2468,13.8832,10,11,14,15,25,43.86,0,2.31,77.63
egg1-science-B,stage4,egg1,Common,science,B,greedy-egg,2,mushroom|beetle,200,0.85,0.73,200,10.28,9.6344,10.9256,3,6,9,18,25,6.55,0,2.075,59.82
egg1-science-B,stage4,egg1,Common,science,B,greedy-egg,3,mushroom|beetle,54,0.9444,0.9444,54,6.2222,5.2274,7.2171,2,2,6,10.7,18,1.7593,0,1.1296,37.0741
egg1-science-B,stage4,egg1,Common,science,B,greedy-egg,4,brute,3,1,1,3,6,0.12,11.88,3,3,3,10.2,12,0,0,0.6667,54.6667
egg1-science-B,stage4,egg1,Common,science,B,greedy,1,mushroom,200,0,0,200,16.805,16.291,17.319,10,12,16,20.1,25,58.925,0,3.01,86.855
egg1-science-B,stage4,egg1,Common,science,B,greedy,2,beetle|mushroom,200,0.485,0.425,200,16.48,15.3958,17.5642,4,8,15,28.1,35,28.825,0,3.24,79.075
egg1-science-B,stage4,egg1,Common,science,B,greedy,3,beetle|mushroom,115,0.5043,0.4783,115,13.2435,11.7951,14.6919,2,4,12,24,37,29.5826,0.0087,2.5478,63.3478
egg1-science-B,stage4,egg1,Common,science,B,greedy,4,brute,60,0.9167,0.9,60,12.8333,10.7399,14.9267,3,3,12,24,42,6.6667,0.0167,2.6333,103.15
egg1-science-B,stage4,egg1,Common,science,B,greedy,7,mushroom,1,1,1,1,8,8,8,8,8,8,8,8,0,0,2,60
egg1-science-B,stage4,egg1,Common,science,B,greedy,6,beetle|mushroom,3,0,0,3,23.3333,15.3852,31.2815,16,17.6,24,28.8,30,84.3333,0,5,106.3333
egg1-science-B,stage4,egg1,Common,science,B,greedy,8,stag,4,1,1,4,12,7.199,16.801,6,7.8,12,16.2,18,0,0,2.75,126.25
egg1-science-B,stage4,egg1,Common,science,B,greedy,5,beetle|mushroom,3,0.3333,0.3333,3,21,5.0367,36.9633,6,9.4,23,31.8,34,48,0.6667,4.3333,120
egg1-science-B,stage4,egg1,Common,science,B,random,1,mushroom,200,0,0,200,17.315,16.8543,17.7757,10,14,17,21,25,49.535,0,3.075,93.16
egg1-science-B,stage4,egg1,Common,science,B,random,2,mushroom|beetle,200,0.68,0.585,200,14.57,13.4909,15.6491,3,6,12,25,40,19.535,0,2.89,76.3
egg1-science-B,stage4,egg1,Common,science,B,random,3,beetle|mushroom,83,0.5783,0.5422,83,13.6506,11.7937,15.5075,2,3,12,27,34,26.7229,0.012,2.759,67.9157
egg1-science-B,stage4,egg1,Common,science,B,random,4,brute,38,0.9474,0.9211,38,12.5263,9.8226,15.23,3,5.1,10.5,22.8,36,1.6053,0.0526,2.3684,109.1842
egg1-science-B,stage4,egg1,Common,science,B,random,7,mushroom,1,1,1,1,8,8,8,8,8,8,8,8,0,0,1,42
egg1-science-B,stage4,egg1,Common,science,B,random,5,beetle,2,1,0.5,2,10.5,-4.2,25.2,3,4.5,10.5,16.5,18,8,0,2,36
egg1-science-B,stage4,egg1,Common,science,B,random,6,beetle,1,1,1,1,14,14,14,14,14,14,14,14,0,1,2,63
egg2-balanced-A,stage4,egg2,Common,balanced,A,greedy-egg,1,mushroom,200,0.01,0.01,200,111.315,105.4841,117.1459,24,60,108,164.1,260,84.34,0.195,17.985,311.135
egg2-balanced-A,stage4,egg2,Common,balanced,A,greedy-egg,2,mushroom|beetle,198,0.2273,0.2273,198,141.9747,132.5113,151.4382,3,70.7,132,234.9,341,67.2273,1.4192,23.6667,334.8182
egg2-balanced-A,stage4,egg2,Common,balanced,A,greedy-egg,3,mushroom|beetle,153,0.2941,0.2745,153,135.902,122.4327,149.3712,3,28.4,132,241.8,378,60.5033,2.7778,23.1176,314.0523
egg2-balanced-A,stage4,egg2,Common,balanced,A,greedy-egg,4,brute,111,0.8829,0.8649,111,61.5405,51.3195,71.7616,6,9,42,138,266,9.4234,1.1712,10.4955,287.5405
egg2-balanced-A,stage4,egg2,Common,balanced,A,greedy-egg,5,mushroom|beetle,8,0.25,0.25,8,74.625,18.9311,130.3189,22,27.6,37,179.2,245,69,1.5,12.625,150
egg2-balanced-A,stage4,egg2,Common,balanced,A,greedy-egg,7,beetle,6,0.5,0.5,6,51.3333,20.4769,82.1898,9,19.5,42,92.5,121,42.1667,1.8333,8.5,133.1667
egg2-balanced-A,stage4,egg2,Common,balanced,A,greedy-egg,8,stag,8,1,1,8,31.25,12.3022,50.1978,12,12,16.5,73.5,77,0,0.875,5.375,179.25
egg2-balanced-A,stage4,egg2,Common,balanced,A,greedy-egg,6,mushroom|beetle,4,0.5,0.5,4,72.5,15.8886,129.1114,22,23.8,63,128.8,142,44.25,1.5,12.25,212.5
egg2-balanced-A,stage4,egg2,Common,balanced,A,greedy,1,mushroom,200,0.065,0.055,200,53.455,50.0713,56.8387,16,26,49,84,143,62.295,0.01,8.385,218.34
egg2-balanced-A,stage4,egg2,Common,balanced,A,greedy,2,beetle|mushroom,189,0.381,0.3545,189,44.7354,39.7263,49.7446,2,6,41,91.4,177,44.1693,0.1164,7.4656,160.3545
egg2-balanced-A,stage4,egg2,Common,balanced,A,greedy,3,mushroom|beetle,122,0.3443,0.3279,122,40.5492,35.5231,45.5753,1,6,38.5,76.9,131,46.6639,0.377,6.8361,146.1639
egg2-balanced-A,stage4,egg2,Common,balanced,A,greedy,4,brute,82,0.878,0.878,82,27.7927,22.0994,33.4859,3,6,18,72.6,105,6.3659,0.1951,4.7805,179.2805
egg2-balanced-A,stage4,egg2,Common,balanced,A,greedy,7,mushroom|beetle,4,0.5,0.5,4,40,18.6939,61.3061,8,19.1,48.5,54.1,55,44,1,7.5,161
egg2-balanced-A,stage4,egg2,Common,balanced,A,greedy,8,stag,5,1,1,5,17.4,4.7341,30.0659,6,6,9,33.6,36,0,0.4,2.8,171.6
egg2-balanced-A,stage4,egg2,Common,balanced,A,greedy,5,mushroom|beetle,4,0.25,0.25,4,55.75,-16.2133,127.7133,2,8,28.5,125.3,164,44.25,1.75,9.5,212
egg2-balanced-A,stage4,egg2,Common,balanced,A,greedy,6,mushroom|beetle,5,0.4,0.4,5,45.8,5.8314,85.7686,10,10.4,20,97.2,110,36.6,0.8,7.6,183
egg2-balanced-A,stage4,egg2,Common,balanced,A,random,1,mushroom,200,0.205,0.185,200,53.13,49.7219,56.5381,16,25.9,50,87.1,172,50.545,0.07,8.305,226.03
egg2-balanced-A,stage4,egg2,Common,balanced,A,random,2,beetle|mushroom,163,0.5092,0.4847,163,50.4479,44.6898,56.2059,2,6,43,102.8,150,34.4601,0.4172,8.4663,177.0491
egg2-balanced-A,stage4,egg2,Common,balanced,A,random,3,beetle|mushroom,84,0.5476,0.5238,84,35.631,29.1132,42.1487,1,6,27,68.8,167,31.1667,0.5357,6.1786,138.2024
egg2-balanced-A,stage4,egg2,Common,balanced,A,random,4,brute,40,0.975,0.925,40,23.475,15.4857,31.4643,3,6,12,74.1,103,2.3,0.25,4.125,159.15
egg2-balanced-A,stage4,egg2,Common,balanced,A,random,5,beetle,1,0,0,1,42,42,42,42,42,42,42,42,100,0,8,116
egg2-balanced-A,stage4,egg2,Common,balanced,A,random,6,beetle|mushroom,2,0.5,0.5,2,23,-14.24,60.24,4,7.8,23,38.2,42,50,0,5,78
egg2-balanced-A,stage4,egg2,Common,balanced,A,random,7,mushroom,1,0,0,1,37,37,37,37,37,37,37,37,66,0,6,172
egg2-balanced-A,stage4,egg2,Common,balanced,A,random,8,stag,2,1,1,2,7.5,4.56,10.44,6,6.3,7.5,8.7,9,0,0,1.5,79
egg2-balanced-B,stage4,egg2,Common,balanced,B,greedy-egg,1,mushroom,200,0,0,200,111.635,105.7826,117.4874,24,60,108.5,165,260,93.41,0.195,18.04,173.985
egg2-balanced-B,stage4,egg2,Common,balanced,B,greedy-egg,2,mushroom|beetle,200,0.035,0.03,200,160.215,150.724,169.706,51,82,146.5,254,374,90.645,1.695,26.685,182.355
egg2-balanced-B,stage4,egg2,Common,balanced,B,greedy-egg,3,mushroom|beetle,194,0.0258,0.0206,194,163.0206,150.8375,175.2037,18,28.6,162,268,392,90.3041,3.634,27.7062,184.8711
egg2-balanced-B,stage4,egg2,Common,balanced,B,greedy-egg,4,brute,190,0.7421,0.7263,190,126.9263,114.2579,139.5947,6,29.8,111,252.2,391,22.5842,3.2263,21.5368,363.9684
egg2-balanced-B,stage4,egg2,Common,balanced,B,greedy-egg,8,stag,45,1,1,45,52.2222,40.2489,64.1956,6,12,42,107.6,185,0,1.3111,8.8,233.4667
egg2-balanced-B,stage4,egg2,Common,balanced,B,greedy-egg,5,mushroom|beetle,21,0.1429,0.1429,21,109.3333,64.2715,154.3951,4,20,58,286,317,77.7143,3.3333,18.8095,139.4286
egg2-balanced-B,stage4,egg2,Common,balanced,B,greedy-egg,6,beetle|mushroom,18,0.1111,0.1111,18,84.1111,42.7944,125.4279,18,21.4,34.5,177.7,323,84,2.2778,14.5,106.7778
egg2-balanced-B,stage4,egg2,Common,balanced,B,greedy-egg,7,mushroom|beetle,13,0.1538,0.1538,13,76.1538,27.6434,124.6643,13,18.6,33,158.2,318,67.1538,2.4615,12.7692,111.8462
egg2-balanced-B,stage4,egg2,Common,balanced,B,greedy,1,mushroom,200,0,0,200,53.935,50.5844,57.2856,17,27,49,84,143,84.725,0.01,8.45,130.325
egg2-balanced-B,stage4,egg2,Common,balanced,B,greedy,2,beetle|mushroom,200,0.005,0.005,200,56.08,51.8726,60.2874,3,23.9,50,94.1,177,86.3,0.14,9.265,98.915
egg2-balanced-B,stage4,egg2,Common,balanced,B,greedy,3,mushroom|beetle,199,0.0352,0.0302,199,51.2915,46.7497,55.8332,1,16,42,94.2,156,84.7839,0.5427,8.7085,87.4673
egg2-balanced-B,stage4,egg2,Common,balanced,B,greedy,4,brute,193,0.4715,0.4611,193,62.5181,56.9078,68.1284,2,18,54,120,241,37.9275,0.8964,10.5959,239.8756
egg2-balanced-B,stage4,egg2,Common,balanced,B,greedy,8,stag,96,0.9792,0.9792,96,38.5104,31.9574,45.0635,3,10,27,83,170,1.7813,0.7604,6.7292,210.0521
egg2-balanced-B,stage4,egg2,Common,balanced,B,greedy,5,beetle|mushroom,41,0.0732,0.0732,41,62.439,48.3401,76.5379,2,11,54,126,203,77.439,1.3171,10.8293,106.8293
egg2-balanced-B,stage4,egg2,Common,balanced,B,greedy,6,beetle|mushroom,50,0.04,0.04,50,44.98,34.8844,55.0756,1,11.9,31,101.9,141,77.94,0.86,7.6,85.64
egg2-balanced-B,stage4,egg2,Common,balanced,B,greedy,7,mushroom|beetle,40,0.075,0.075,40,60.475,44.9313,76.0187,9,17.8,41,125.7,221,77.575,1.525,10.625,114.85
egg2-balanced-B,stage4,egg2,Common,balanced,B,random,1,mushroom,200,0,0,200,55.335,52.0565,58.6135,21,29,51,88.1,172,82.395,0.07,8.62,137.08
egg2-balanced-B,stage4,egg2,Common,balanced,B,random,2,beetle|mushroom,200,0.045,0.035,200,64.03,58.9785,69.0815,6,27,54,122.1,186,80.44,0.57,10.65,113.225
egg2-balanced-B,stage4,egg2,Common,balanced,B,random,3,beetle|mushroom,193,0.0829,0.0725,193,51.1295,45.6181,56.6409,1,14.2,41,106.4,239,77.4508,0.9171,8.7668,91.2176
egg2-balanced-B,stage4,egg2,Common,balanced,B,random,4,brute,179,0.6313,0.6034,179,51.5978,46.3251,56.8704,2,15,42,108.2,174,24.648,0.9553,8.8492,204.9497
egg2-balanced-B,stage4,egg2,Common,balanced,B,random,6,beetle|mushroom,24,0.0833,0.0833,24,39.5833,22.4489,56.7178,2,4,25,86.5,180,63.375,0.9583,6.875,72.7083
egg2-balanced-B,stage4,egg2,Common,balanced,B,random,8,stag,59,1,1,59,23.6102,18.8176,28.4027,6,8.4,18,42,102,0,0.5593,4.1695,142.5593
egg2-balanced-B,stage4,egg2,Common,balanced,B,random,7,mushroom|beetle,22,0.1818,0.1818,22,41.6364,24.1172,59.1555,2,8.4,29,100.2,155,61.5455,1.2727,7.2273,79.9091
egg2-balanced-B,stage4,egg2,Common,balanced,B,random,5,mushroom|beetle,29,0.2069,0.2069,29,40.0345,23.3913,56.6777,1,5.6,30,74.2,192,61.6207,1.4483,6.8276,70.8966
egg2-control,control_stage1-3,egg2,Common,balanced,A,greedy-egg,1,mushroom,200,0.01,0.01,200,102.15,96.6049,107.6951,23,54.9,101,155.2,236,84.065,0.15,0,292.545
egg2-control,control_stage1-3,egg2,Common,balanced,A,greedy-egg,2,beetle|mushroom,198,0.1364,0.1212,198,128.6667,120.2852,137.0481,2,59.1,120.5,208.3,312,72.9192,1.0505,0,308.399
egg2-control,control_stage1-3,egg2,Common,balanced,A,greedy-egg,3,beetle|mushroom,174,0.2874,0.2644,174,102.4885,92.9155,112.0615,4,27,98,190.1,293,62.5,1.3391,0,254.6437
egg2-control,control_stage1-3,egg2,Common,balanced,A,greedy-egg,4,brute,128,0.8828,0.8516,128,54.2656,44.229,64.3022,3,12,30,137.1,299,12.0234,0.625,0,261.0547
egg2-control,control_stage1-3,egg2,Common,balanced,A,greedy-egg,5,mushroom|beetle,7,0.1429,0.1429,7,40.5714,16.129,65.0139,16,18.4,30,75,111,68,0.5714,0,138
egg2-control,control_stage1-3,egg2,Common,balanced,A,greedy-egg,6,beetle|mushroom,10,0.1,0.1,10,59.7,7.5576,111.8424,14,24.8,33.5,81,297,68,1,0,144.7
egg2-control,control_stage1-3,egg2,Common,balanced,A,greedy-egg,7,mushroom|beetle,8,0.125,0.125,8,37.75,29.0258,46.4742,20,27,34.5,53.7,60,80,0.5,0,109.75
egg2-control,control_stage1-3,egg2,Common,balanced,A,greedy-egg,8,stag,16,1,1,16,36,19.9477,52.0523,6,10.5,31.5,77.5,123,0,0.375,0,228.9375
egg2-control,control_stage1-3,egg2,Common,balanced,A,greedy,1,mushroom,200,0.045,0.045,200,50.1,46.8033,53.3967,16,23.9,46.5,80.1,140,59.81,0.005,0,203.925
egg2-control,control_stage1-3,egg2,Common,balanced,A,greedy,2,beetle|mushroom,191,0.4084,0.3613,191,42.9791,38.676,47.2821,2,6,41,77,164,45.1675,0.0942,0,156.9686
egg2-control,control_stage1-3,egg2,Common,balanced,A,greedy,3,beetle|mushroom,122,0.3525,0.3115,122,40.3934,34.9545,45.8324,1,6,33,80.9,178,49.8115,0.2049,0,145.2705
egg2-control,control_stage1-3,egg2,Common,balanced,A,greedy,4,brute,84,0.8929,0.881,84,26.1905,21.3096,31.0713,2,6,18,66,96,4.7857,0.0833,0,165
egg2-control,control_stage1-3,egg2,Common,balanced,A,greedy,5,beetle,2,0,0,2,60,24.72,95.28,42,45.6,60,74.4,78,66.5,0,0,189
egg2-control,control_stage1-3,egg2,Common,balanced,A,greedy,6,mushroom|beetle,3,0.6667,0.6667,3,35.6667,6.7202,64.6131,18,19.2,24,56.8,65,18,0.3333,0,151
egg2-control,control_stage1-3,egg2,Common,balanced,A,greedy,7,beetle|mushroom,3,0,0,3,41.6667,30.0528,53.2806,33,34.2,39,50.2,53,59.3333,0.3333,0,153.3333
egg2-control,control_stage1-3,egg2,Common,balanced,A,greedy,8,stag,8,1,1,8,9.375,6.3445,12.4055,3,5.1,9,13.8,18,0,0,0,95.5
egg2-control,control_stage1-3,egg2,Common,balanced,A,random,1,mushroom,200,0.21,0.185,200,49.86,46.5783,53.1417,16,24,47,81.1,168,48.48,0.06,0,212.155
egg2-control,control_stage1-3,egg2,Common,balanced,A,random,2,mushroom|beetle,163,0.4969,0.4663,163,43.8773,38.4855,49.2691,2,6.4,39,89.6,154,34.7853,0.3006,0,157.7669
egg2-control,control_stage1-3,egg2,Common,balanced,A,random,3,beetle|mushroom,87,0.4943,0.4598,87,35.023,28.1063,41.9397,1,4,22,75,159,32.4023,0.4483,0,135.8621
egg2-control,control_stage1-3,egg2,Common,balanced,A,random,4,brute,47,0.9787,0.9574,47,18.3617,12.6905,24.0329,3,4.8,12,33.4,97,1.3617,0.0851,0,129.2128
egg2-control,control_stage1-3,egg2,Common,balanced,A,random,8,stag,1,1,1,1,21,21,21,21,21,21,21,21,0,0,0,178
egg2-control,control_stage1-3,egg2,Common,balanced,A,random,5,beetle,1,1,1,1,6,6,6,6,6,6,6,6,0,0,0,40
egg2-math-A,stage4,egg2,Common,math,A,greedy-egg,1,mushroom,200,0,0,200,33.905,33.1254,34.6846,17,26.9,36,42,48,83.325,0,5.435,111.735
egg2-math-A,stage4,egg2,Common,math,A,greedy-egg,2,mushroom|beetle,200,0.015,0.01,200,43.845,41.9883,45.7017,12,30,41,60,85,87.915,0.005,7.25,110.19
egg2-math-A,stage4,egg2,Common,math,A,greedy-egg,3,beetle|mushroom,198,0.0152,0.0152,198,40.0051,37.8355,42.1746,10,21,37,60,86,84.404,0.1313,6.8384,100.1111
egg2-math-A,stage4,egg2,Common,math,A,greedy-egg,4,brute,195,0.4821,0.4462,195,50.3128,46.8773,53.7484,6,12,55,79.6,90,42.0359,0.4256,8.4974,223.3231
egg2-math-A,stage4,egg2,Common,math,A,greedy-egg,6,mushroom|beetle,46,0.0652,0.0435,46,40.7174,34.7872,46.6476,8,18,38.5,65.5,94,76.8043,0.6087,6.9348,97.7609
egg2-math-A,stage4,egg2,Common,math,A,greedy-egg,8,stag,100,1,1,100,32.35,26.7285,37.9715,3,12,21,66.6,153,0,0.65,5.63,208.09
egg2-math-A,stage4,egg2,Common,math,A,greedy-egg,5,mushroom|beetle,44,0.1136,0.1136,44,36.5227,31.1609,41.8845,8,19.3,33,62,89,80.3182,0.4545,6.3636,93.9773
egg2-math-A,stage4,egg2,Common,math,A,greedy-egg,7,mushroom|beetle,40,0.025,0.025,40,34.8,28.7393,40.8607,12,17,25.5,64.2,83,85.975,0.475,6.175,81.125
egg2-math-A,stage4,egg2,Common,math,A,greedy,1,mushroom,200,0.005,0.005,200,28.67,27.7006,29.6394,13,20,29,37,44,61.815,0,4.42,123.405
egg2-math-A,stage4,egg2,Common,math,A,greedy,2,beetle|mushroom,199,0.3317,0.2965,199,29.3518,27.0025,31.701,2,6,29,54,74,49.8643,0,4.8241,103.0653
egg2-math-A,stage4,egg2,Common,math,A,greedy,3,mushroom|beetle,140,0.2143,0.2,140,28.1714,25.7145,30.6283,2,9.9,27,48,85,58.8786,0.0857,4.7643,99.5929
egg2-math-A,stage4,egg2,Common,math,A,greedy,4,brute,112,0.7054,0.6607,112,31.0804,27.4171,34.7436,6,9,28.5,60.9,78,18.8214,0.1429,5.2411,181.1339
egg2-math-A,stage4,egg2,Common,math,A,greedy,5,beetle|mushroom,12,0.0833,0,12,36.6667,26.3169,47.0165,6,22,31,59,64,81.25,0.3333,6.5833,110.1667
egg2-math-A,stage4,egg2,Common,math,A,greedy,6,mushroom|beetle,16,0.25,0.1875,16,32.25,23.4892,41.0108,2,12,29.5,52,66,58.6875,0.5625,5.5,118
egg2-math-A,stage4,egg2,Common,math,A,greedy,7,beetle|mushroom,16,0.0625,0.0625,16,31.3125,21.7964,40.8286,10,11,25.5,59.5,72,65.5625,0.4375,5.5,105.4375
egg2-math-A,stage4,egg2,Common,math,A,greedy,8,stag,34,1,1,34,19.4412,13.6455,25.2368,3,6,13.5,40.7,72,0,0.2059,3.3235,154.3529
egg2-math-A,stage4,egg2,Common,math,A,random,1,mushroom,200,0.055,0.04,200,29.23,28.2575,30.2025,16,20,30,38.1,48,52.885,0,4.525,131.58
egg2-math-A,stage4,egg2,Common,math,A,random,2,mushroom|beetle,192,0.4583,0.4271,192,26.7552,24.3212,29.1892,2,6,25,49.9,73,40.8125,0.0104,4.4323,101.7292
egg2-math-A,stage4,egg2,Common,math,A,random,3,mushroom|beetle,110,0.2364,0.2182,110,28.4818,25.6273,31.3363,2,9,26,48.1,81,54.9545,0.1455,4.7545,105.7818
egg2-math-A,stage4,egg2,Common,math,A,random,4,brute,86,0.8372,0.814,86,24.0465,20.1801,27.9129,3,6,18.5,48,86,10.1744,0.2093,3.9767,157.9186
egg2-math-A,stage4,egg2,Common,math,A,random,6,mushroom|beetle,7,0.4286,0.2857,7,28.1429,16.3098,39.976,9,10.8,25,48,51,46.1429,0.7143,5.1429,110
egg2-math-A,stage4,egg2,Common,math,A,random,7,beetle|mushroom,5,0.2,0.2,5,33.8,10.6057,56.9943,4,8,29,61.6,64,52,1.2,6,137.2
egg2-math-A,stage4,egg2,Common,math,A,random,8,stag,9,1,1,9,19.3333,5.4702,33.1965,6,6,9,45,69,0,0.2222,3.3333,153.1111
egg2-math-A,stage4,egg2,Common,math,A,random,5,beetle|mushroom,6,0.6667,0.6667,6,16.6667,1.353,31.9803,4,5,10.5,34.5,55,33.3333,0,3,62.3333
egg2-math-B,stage4,egg2,Common,math,B,greedy-egg,1,mushroom,200,0,0,200,111.635,105.7826,117.4874,24,60,108.5,165,260,90.785,0.195,18.04,219.77
egg2-math-B,stage4,egg2,Common,math,B,greedy-egg,2,mushroom|beetle,200,0.055,0.04,200,159.695,150.1946,169.1954,51,82,146,254,374,87.71,1.675,26.59,239.705
egg2-math-B,stage4,egg2,Common,math,B,greedy-egg,3,mushroom|beetle,192,0.099,0.0833,192,153.0052,140.8637,165.1468,16,30.1,145,261.6,392,80.5104,3.276,26.0156,228.3802
egg2-math-B,stage4,egg2,Common,math,B,greedy-egg,4,brute,176,0.7216,0.7159,176,121.2159,108.2133,134.2185,3,26.5,105,253,391,22.8295,2.9148,20.5284,353.483
egg2-math-B,stage4,egg2,Common,math,B,greedy-egg,8,stag,39,1,1,39,49.2821,37.4634,61.1007,9,18,36,93.6,174,0,1.2308,8.3846,222.0513
egg2-math-B,stage4,egg2,Common,math,B,greedy-egg,5,mushroom|beetle,18,0.2778,0.2778,18,80.6111,47.1823,114.0399,18,24.4,36.5,172.8,245,62.4444,2,13.7778,141
egg2-math-B,stage4,egg2,Common,math,B,greedy-egg,7,beetle|mushroom,22,0.0909,0.0909,22,41.0455,23.771,58.3199,18,20.2,24,115.2,161,84.0455,0.8636,6.9091,67.3636
egg2-math-B,stage4,egg2,Common,math,B,greedy-egg,6,beetle|mushroom,20,0.2,0.2,20,63.75,35.3452,92.1548,6,21.8,31.5,133.9,261,67.3,1.7,11.1,104.45
egg2-math-B,stage4,egg2,Common,math,B,greedy,1,mushroom,200,0,0,200,53.935,50.5844,57.2856,17,27,49,84,143,79.09,0.01,8.45,156.045
egg2-math-B,stage4,egg2,Common,math,B,greedy,2,beetle|mushroom,200,0.065,0.055,200,54.83,50.5505,59.1095,3,18,49.5,94.1,177,77.81,0.135,9.055,118.135
egg2-math-B,stage4,egg2,Common,math,B,greedy,3,mushroom|beetle,189,0.0582,0.0529,189,50.5238,45.8611,55.1865,1,15.8,42,94.2,151,77.4233,0.5397,8.582,107.037
egg2-math-B,stage4,egg2,Common,math,B,greedy,4,brute,179,0.4916,0.4525,179,61.7151,55.5113,67.9189,2,18,54,120,241,37.4804,0.8547,10.4581,238.1899
egg2-math-B,stage4,egg2,Common,math,B,greedy,8,stag,81,1,1,81,36.9012,30.5314,43.2711,3,12,30,72,165,0,0.679,6.2963,198.3951
egg2-math-B,stage4,egg2,Common,math,B,greedy,5,mushroom|beetle,41,0.1463,0.1463,41,63.8293,49.4365,78.222,2,18,53,132,203,67,1.4146,11.0732,132.6098
egg2-math-B,stage4,egg2,Common,math,B,greedy,6,mushroom|beetle,40,0.125,0.1,40,45.25,32.6293,57.8707,1,3,31,111.6,141,67.625,0.8,7.625,95.325
egg2-math-B,stage4,egg2,Common,math,B,greedy,7,beetle|mushroom,42,0.1667,0.1667,42,50.6429,38.3583,62.9274,4,18.1,38,98.4,215,68.7619,1.3333,8.8095,117
egg2-math-B,stage4,egg2,Common,math,B,random,1,mushroom,200,0.005,0.005,200,55.33,52.0526,58.6074,21,29,51,88.1,172,75.295,0.07,8.62,162.955
egg2-math-B,stage4,egg2,Common,math,B,random,2,beetle|mushroom,199,0.1156,0.1005,199,61.7337,56.6418,66.8256,2,21.6,51,121.2,186,71.1457,0.5477,10.2613,133.7085
egg2-math-B,stage4,egg2,Common,math,B,random,3,beetle|mushroom,179,0.1508,0.1285,179,50.6816,45.0355,56.3276,1,14.8,40,107.2,228,68.3799,0.8827,8.7095,109.6648
egg2-math-B,stage4,egg2,Common,math,B,random,4,brute,156,0.6731,0.6474,156,47.6026,42.3924,52.8127,1,10,39,89,162,20.9423,0.891,8.1026,195.5256
egg2-math-B,stage4,egg2,Common,math,B,random,8,stag,43,1,1,43,27.814,22.1408,33.4871,6,12,24,47.2,102,0,0.5814,4.814,162.5116
egg2-math-B,stage4,egg2,Common,math,B,random,6,mushroom|beetle,18,0.1111,0.1111,18,34.0556,19.2312,48.8799,1,2.7,25.5,73.3,124,59.1111,0.7222,6.0556,79.1667
egg2-math-B,stage4,egg2,Common,math,B,random,7,mushroom|beetle,21,0.2381,0.2381,21,32.2381,21.2502,43.226,2,6,24,71,103,61.1429,0.9048,5.7619,71.1429
egg2-math-B,stage4,egg2,Common,math,B,random,5,mushroom|beetle,20,0.25,0.25,20,37.15,19.1255,55.1745,1,4,25,72.1,184,57,1.4,6.35,86.75
egg2-science-A,stage4,egg2,Common,science,A,greedy-egg,1,mushroom,200,0,0,200,111.635,105.7826,117.4874,24,60,108.5,165,260,94.105,0.195,18.04,244.635
egg2-science-A,stage4,egg2,Common,science,A,greedy-egg,2,mushroom|beetle,200,0.025,0.025,200,159.99,150.5855,169.3945,51,82,146.5,253.1,374,92.16,1.695,26.64,287.645
egg2-science-A,stage4,egg2,Common,science,A,greedy-egg,3,mushroom|beetle,195,0.0154,0.0154,195,162.2923,150.1006,174.484,6,30.4,161,269.2,392,92.4974,3.6,27.5692,297.2615
egg2-science-A,stage4,egg2,Common,science,A,greedy-egg,4,brute,192,0.7083,0.6979,192,142.8594,129.1928,156.526,9,30.3,127.5,274.8,391,26.2292,3.7083,24.2135,596.7552
egg2-science-A,stage4,egg2,Common,science,A,greedy-egg,6,beetle|mushroom,27,0.1111,0.1111,27,85.2222,49.4946,120.9499,4,19.6,32,240,323,84.7407,2.7037,14.6296,185.7407
egg2-science-A,stage4,egg2,Common,science,A,greedy-egg,8,stag,49,0.9796,0.9796,49,64.7347,51.9581,77.5113,15,19.6,54,120.6,210,2.0408,1.7959,11.0408,373.898
egg2-science-A,stage4,egg2,Common,science,A,greedy-egg,5,mushroom|beetle,28,0.1071,0.1071,28,109.8571,68.1619,151.5524,18,23.4,40,305.8,394,81.0357,3.6071,19,251.8571
egg2-science-A,stage4,egg2,Common,science,A,greedy-egg,7,beetle|mushroom,22,0.1364,0.1364,22,66.7727,35.6785,97.867,9,20.2,34,145.3,330,84.0909,2.1818,11.2273,162.6818
egg2-science-A,stage4,egg2,Common,science,A,greedy,1,mushroom,200,0,0,200,53.935,50.5844,57.2856,17,27,49,84,143,89.735,0.01,8.45,182.76
egg2-science-A,stage4,egg2,Common,science,A,greedy,2,beetle|mushroom,200,0,0,200,56.16,51.9652,60.3548,3,24,50,94.1,177,91.83,0.14,9.28,159.79
egg2-science-A,stage4,egg2,Common,science,A,greedy,3,mushroom|beetle,200,0.01,0.005,200,52.49,47.9101,57.0699,1,17,43,94.1,187,92.42,0.57,8.91,144.165
egg2-science-A,stage4,egg2,Common,science,A,greedy,4,brute,199,0.4372,0.4121,199,65.2764,59.7156,70.8371,2,22.6,57,121,241,45.6683,0.9196,11.0402,360.9296
egg2-science-A,stage4,egg2,Common,science,A,greedy,8,stag,113,0.9912,0.9823,113,44.9204,38.3822,51.4585,6,12,36,84.8,198,1.115,0.9381,7.7699,333.2212
egg2-science-A,stage4,egg2,Common,science,A,greedy,6,mushroom|beetle,50,0.02,0.02,50,47.54,34.8734,60.2066,1,11.9,31,101.9,264,84.26,1.1,8.16,146.8
egg2-science-A,stage4,egg2,Common,science,A,greedy,5,mushroom|beetle,48,0.0417,0.0417,48,62.5417,49.9119,75.1714,2,17.6,52.5,128.2,203,85.5417,1.4375,10.7917,176.1667
egg2-science-A,stage4,egg2,Common,science,A,greedy,7,mushroom|beetle,48,0.0208,0.0208,48,54.4375,41.4356,67.4394,15,19,36.5,103.2,221,90.5625,1.2917,9.5625,167.7708
egg2-science-A,stage4,egg2,Common,science,A,random,1,mushroom,200,0,0,200,55.335,52.0565,58.6135,21,29,51,88.1,172,88.435,0.07,8.62,197.99
egg2-science-A,stage4,egg2,Common,science,A,random,2,beetle|mushroom,200,0.01,0.005,200,65.075,59.9908,70.1592,14,27,55,124.1,186,89.875,0.58,10.835,188.63
egg2-science-A,stage4,egg2,Common,science,A,random,3,beetle|mushroom,199,0.0352,0.0352,199,53.6784,48.3028,59.054,1,19,44,103.8,239,86.6784,0.9698,9.1508,161.0452
egg2-science-A,stage4,egg2,Common,science,A,random,4,brute,192,0.5781,0.5365,192,58.1719,53.0568,63.287,2,22.2,48,114,207,32.9948,1.1563,9.9323,341.6771
egg2-science-A,stage4,egg2,Common,science,A,random,6,beetle|mushroom,34,0.0588,0.0588,34,41.3824,28.8194,53.9453,2,5.3,32,86.5,180,74.6176,1,7.2059,143.9706
egg2-science-A,stage4,egg2,Common,science,A,random,8,stag,81,0.9877,0.9877,81,34.8272,28.1642,41.4901,3,9,24,78,177,0.9136,0.8765,6.1111,265.0988
egg2-science-A,stage4,egg2,Common,science,A,random,5,beetle|mushroom,38,0.0526,0.0526,38,49.8684,36.4445,63.2923,1,18.7,37.5,98.7,192,77.8684,1.6579,8.5526,158.2632
egg2-science-A,stage4,egg2,Common,science,A,random,7,mushroom|beetle,36,0.1111,0.1111,36,40.1389,27.8105,52.4672,2,7,30,99.5,155,73.5,1.25,7,131.8889
egg2-science-B,stage4,egg2,Common,science,B,greedy-egg,1,mushroom,200,0,0,200,111.635,105.7826,117.4874,24,60,108.5,165,260,96.2,0.195,18.04,249.915
egg2-science-B,stage4,egg2,Common,science,B,greedy-egg,2,mushroom|beetle,200,0.025,0.025,200,159.955,150.5524,169.3576,51,82,146.5,253.1,374,93.05,1.695,26.64,265.31
egg2-science-B,stage4,egg2,Common,science,B,greedy-egg,3,mushroom|beetle,195,0.0205,0.0205,195,162.3026,150.1942,174.4109,6,31.8,161,268,392,93.0359,3.5949,27.5641,284.6872
egg2-science-B,stage4,egg2,Common,science,B,greedy-egg,4,brute,191,0.7539,0.7173,191,140.2461,126.508,153.9841,12,30,126,270,535,24.1571,3.5707,23.8534,590.4555
egg2-science-B,stage4,egg2,Common,science,B,greedy-egg,8,stag,47,0.9787,0.9787,47,67.617,52.7163,82.5178,15,18,57,137.4,228,2.1277,1.8936,11.8298,386.3191
egg2-science-B,stage4,egg2,Common,science,B,greedy-egg,5,mushroom|beetle,23,0.087,0.087,23,114.7391,69.196,160.2823,18,26,43,289.8,394,87.8261,3.7391,19.7391,242.8696
egg2-science-B,stage4,egg2,Common,science,B,greedy-egg,7,beetle|mushroom,18,0.1111,0.1111,18,100.4444,54.2981,146.5908,16,22.8,43.5,224.3,334,84.8889,3.6667,17.1111,227.6667
egg2-science-B,stage4,egg2,Common,science,B,greedy-egg,6,mushroom|beetle,23,0.1304,0.1304,23,81.2609,49.8162,112.7055,22,27,36,160.6,323,81.2609,2.4783,13.913,184.4348
egg2-science-B,stage4,egg2,Common,science,B,greedy,1,mushroom,200,0,0,200,53.935,50.5844,57.2856,17,27,49,84,143,90.425,0.01,8.45,196.805
egg2-science-B,stage4,egg2,Common,science,B,greedy,2,beetle|mushroom,200,0,0,200,56.16,51.9652,60.3548,3,24,50,94.1,177,92.27,0.14,9.28,160.835
egg2-science-B,stage4,egg2,Common,science,B,greedy,3,mushroom|beetle,200,0.015,0.01,200,52.035,47.6728,56.3972,1,17.9,43,94,156,92.435,0.53,8.83,142.915
egg2-science-B,stage4,egg2,Common,science,B,greedy,4,brute,198,0.4495,0.4293,198,64.0253,58.5507,69.4998,2,21,57.5,113.7,241,44.3232,0.8838,10.8788,360.4697
egg2-science-B,stage4,egg2,Common,science,B,greedy,8,stag,106,1,1,106,39.9434,32.9767,46.9101,3,12,27,87,198,0,0.8585,7.0472,310.5189
egg2-science-B,stage4,egg2,Common,science,B,greedy,6,mushroom|beetle,48,0.0625,0.0625,48,47.6458,34.9666,60.3251,1,11.7,35,99.6,261,84.0833,1.1042,8.2292,147.3958
egg2-science-B,stage4,egg2,Common,science,B,greedy,7,mushroom|beetle,44,0.0227,0.0227,44,55.4318,41.2682,69.5955,3,22,34,108.8,221,86.8182,1.3182,9.75,179.75
egg2-science-B,stage4,egg2,Common,science,B,greedy,5,mushroom|beetle,39,0.0769,0.0769,39,64.8462,50.3669,79.3254,2,12.6,58,128,203,82.2821,1.4103,11.2308,183.7949
egg2-science-B,stage4,egg2,Common,science,B,random,1,mushroom,200,0,0,200,55.335,52.0565,58.6135,21,29,51,88.1,172,90.22,0.07,8.62,212.835
egg2-science-B,stage4,egg2,Common,science,B,random,2,beetle|mushroom,200,0.015,0.01,200,64.895,59.8403,69.9497,14,27,55,123.1,186,89.56,0.575,10.805,188.33
egg2-science-B,stage4,egg2,Common,science,B,random,3,beetle|mushroom,198,0.0556,0.0556,198,53.5101,48.1001,58.9201,1,18.7,44.5,104.2,239,86.2323,0.9747,9.1364,163.9747
egg2-science-B,stage4,egg2,Common,science,B,random,4,brute,187,0.5936,0.5668,187,58.7968,53.3243,64.2692,9,21,48,117.4,183,30.4439,1.1711,10.139,346.1658
egg2-science-B,stage4,egg2,Common,science,B,random,7,beetle|mushroom,31,0.0968,0.0645,31,47.8387,33.5488,62.1286,3,15,35,119,155,74.129,1.3871,8.2903,150.2581
egg2-science-B,stage4,egg2,Common,science,B,random,8,stag,73,1,1,73,31.9589,25.652,38.2659,3,12,21,71.4,149,0,0.8356,5.6575,256.2192
egg2-science-B,stage4,egg2,Common,science,B,random,6,mushroom|beetle,25,0.08,0.08,25,48.12,32.1811,64.0589,2,15,37,92.8,180,73.96,1.2,8.48,164.12
egg2-science-B,stage4,egg2,Common,science,B,random,5,mushroom|beetle,32,0.125,0.125,32,50.6563,35.4406,65.8719,1,10.6,41,95.5,192,75.7813,1.7188,8.7188,162.2813
egg3-balanced-A,stage4,egg3,Legendary,balanced,A,greedy-egg,1,mushroom,200,0,0,200,10.67,10.3984,10.9416,6,7.9,10,13,15,105.89,0,1.89,36.64
egg3-balanced-A,stage4,egg3,Legendary,balanced,A,greedy-egg,2,mushroom|beetle,200,0,0,200,11.135,10.5736,11.6964,2,6,10,17,22,107.275,0,2.11,33.365
egg3-balanced-A,stage4,egg3,Legendary,balanced,A,greedy-egg,3,beetle|mushroom,200,0.005,0.005,200,9.43,8.8782,9.9818,1,4,10,14.1,20,107.835,0,1.835,28.015
egg3-balanced-A,stage4,egg3,Legendary,balanced,A,greedy-egg,4,brute,199,0.0352,0.0352,199,13.1759,12.443,13.9087,2,6,13,19,25,102.1608,0.005,2.6432,61.8141
egg3-balanced-A,stage4,egg3,Legendary,balanced,A,greedy-egg,6,beetle|mushroom,85,0,0,85,8.0588,7.0718,9.0459,1,2,9,13.6,18,111.0824,0,1.6,22.9882
egg3-balanced-A,stage4,egg3,Legendary,balanced,A,greedy-egg,8,stag,192,0.1771,0.1615,192,39.1302,37.1951,41.0653,6,22.1,39.5,55,80,93.6406,0.2083,8.2552,171.8802
egg3-balanced-A,stage4,egg3,Legendary,balanced,A,greedy-egg,7,beetle|mushroom,86,0,0,86,9.2326,8.1195,10.3456,1,2,10,15.5,22,109.0233,0,1.9535,28.4767
egg3-balanced-A,stage4,egg3,Legendary,balanced,A,greedy-egg,5,beetle|mushroom,80,0,0,80,9.5375,8.4229,10.6521,1,2,10,16,24,110.8875,0,1.8875,25.6625
egg3-balanced-A,stage4,egg3,Legendary,balanced,A,greedy,1,mushroom,200,0,0,200,12.85,12.4683,13.2317,7,10,12,15.1,20,95.82,0,2.325,52.895
egg3-balanced-A,stage4,egg3,Legendary,balanced,A,greedy,2,mushroom|beetle,200,0.005,0.005,200,14.7,14.0499,15.3501,5,9,14,22,31,90.495,0,2.84,53.225
egg3-balanced-A,stage4,egg3,Legendary,balanced,A,greedy,3,beetle|mushroom,199,0.0352,0.0201,199,12.794,11.9725,13.6154,1,5.8,13,20.2,30,89.8643,0,2.5578,42.9698
egg3-balanced-A,stage4,egg3,Legendary,balanced,A,greedy,4,brute,195,0.2154,0.2,195,16.6564,15.586,17.7268,3,6,16,26.6,39,72.0821,0.0154,3.2923,90.7795
egg3-balanced-A,stage4,egg3,Legendary,balanced,A,greedy,5,beetle|mushroom,54,0.0185,0.0185,54,12.4444,10.7973,14.0916,2,3,12,20.7,25,92.0926,0,2.5741,41.037
egg3-balanced-A,stage4,egg3,Legendary,balanced,A,greedy,6,mushroom|beetle,53,0.0566,0.0566,53,13.4528,11.6082,15.2975,1,4.2,14,21,29,93.0566,0.0189,2.6792,45.8491
egg3-balanced-A,stage4,egg3,Legendary,balanced,A,greedy,8,stag,152,0.6184,0.5987,152,44.8882,40.6192,49.1571,3,12,44,82,108,41.9145,0.4868,9.5921,279.1447
egg3-balanced-A,stage4,egg3,Legendary,balanced,A,greedy,7,mushroom|beetle,62,0,0,62,11.9516,10.2916,13.6116,2,4,11.5,19,32,99.2419,0.0161,2.5323,37.9194
egg3-balanced-A,stage4,egg3,Legendary,balanced,A,random,1,mushroom,200,0,0,200,13.315,12.9555,13.6745,7,10,14,16,20,94.085,0,2.445,57.92
egg3-balanced-A,stage4,egg3,Legendary,balanced,A,random,2,mushroom|beetle,200,0,0,200,15.29,14.5551,16.0249,4,9,15,23,31,91.86,0,2.98,55.395
egg3-balanced-A,stage4,egg3,Legendary,balanced,A,random,3,mushroom|beetle,200,0.035,0.035,200,13.305,12.6031,14.0069,2,7,13,20,30,87.685,0.01,2.62,46.715
egg3-balanced-A,stage4,egg3,Legendary,balanced,A,random,4,brute,193,0.2176,0.2021,193,17.3109,16.2547,18.367,2,6,18,27,34,67.6477,0.0363,3.4974,98.5337
egg3-balanced-A,stage4,egg3,Legendary,balanced,A,random,5,beetle|mushroom,63,0.0952,0.0794,63,13.7143,12.4769,14.9517,4,6.2,13,20,25,84.5873,0,2.6984,48.254
egg3-balanced-A,stage4,egg3,Legendary,balanced,A,random,8,stag,145,0.6621,0.6276,145,46.6483,42.0734,51.2231,3,12,47,82.6,123,34.9724,0.6759,10.0483,300.9655
egg3-balanced-A,stage4,egg3,Legendary,balanced,A,random,7,mushroom|beetle,51,0.0196,0.0196,51,12.8235,11.3347,14.3124,1,4,13,18,25,91.3333,0.0392,2.4706,44.4706
egg3-balanced-A,stage4,egg3,Legendary,balanced,A,random,6,mushroom|beetle,64,0.0469,0.0469,64,13.7969,12.3728,15.2209,2,5,15,21,24,90.6719,0.0313,2.8906,49.2188
egg3-balanced-B,stage4,egg3,Legendary,balanced,B,greedy-egg,1,mushroom,200,0,0,200,15.925,15.4299,16.4201,8,12,16,21,25,113.755,0,2.58,39.72
egg3-balanced-B,stage4,egg3,Legendary,balanced,B,greedy-egg,2,mushroom|beetle,200,0,0,200,15.48,14.7735,16.1865,2,9,16,22.1,28,114.14,0,3.06,20.38
egg3-balanced-B,stage4,egg3,Legendary,balanced,B,greedy-egg,3,mushroom|beetle,200,0,0,200,14.365,13.4944,15.2356,1,5.9,15,22.1,30,114.22,0,2.92,18.685
egg3-balanced-B,stage4,egg3,Legendary,balanced,B,greedy-egg,4,brute,200,0,0,200,15.94,15.07,16.81,1,8,16,24,29,113.565,0.005,3.165,27.29
egg3-balanced-B,stage4,egg3,Legendary,balanced,B,greedy-egg,5,mushroom|beetle,81,0,0,81,13.5926,12.1473,15.0379,1,4,14,24,34,114.0494,0.0123,2.8272,15.9877
egg3-balanced-B,stage4,egg3,Legendary,balanced,B,greedy-egg,6,beetle|mushroom,71,0,0,71,12.4648,10.9385,13.991,1,4,12,19,33,114.3099,0,2.507,14.507
egg3-balanced-B,stage4,egg3,Legendary,balanced,B,greedy-egg,8,stag,200,0.12,0.105,200,49.635,47.5493,51.7207,23,32,47,70,93,102.365,0.615,10.49,97.995
egg3-balanced-B,stage4,egg3,Legendary,balanced,B,greedy-egg,7,beetle|mushroom,85,0,0,85,10.5059,9.2254,11.7863,1,3,10,18,27,114.4,0,2.1294,12.3882
egg3-balanced-B,stage4,egg3,Legendary,balanced,B,greedy,1,mushroom,200,0,0,200,20.885,20.1072,21.6628,9,14,20,29,38,110.985,0,3.575,55.785
egg3-balanced-B,stage4,egg3,Legendary,balanced,B,greedy,2,mushroom|beetle,200,0,0,200,20.545,19.595,21.495,2,12,19.5,30,36,112.53,0,4.08,30.535
egg3-balanced-B,stage4,egg3,Legendary,balanced,B,greedy,3,beetle|mushroom,200,0,0,200,16,14.8229,17.1771,1,3.9,16,27,45,113.475,0.015,3.23,24.05
egg3-balanced-B,stage4,egg3,Legendary,balanced,B,greedy,4,brute,200,0,0,200,22.555,21.4224,23.6876,4,12,22.5,33,43,112.42,0.01,4.53,47.96
egg3-balanced-B,stage4,egg3,Legendary,balanced,B,greedy,6,mushroom|beetle,96,0,0,96,13.5625,12.1594,14.9656,1,4.5,13.5,20.5,37,112.0208,0.0208,2.8125,21.3542
egg3-balanced-B,stage4,egg3,Legendary,balanced,B,greedy,8,stag,200,0.215,0.205,200,59.275,56.6366,61.9134,18,38,57.5,81.1,130,90.345,0.91,12.605,150.135
egg3-balanced-B,stage4,egg3,Legendary,balanced,B,greedy,5,beetle|mushroom,74,0,0,74,14.6892,12.8474,16.5309,1,3.3,15,25.7,34,114.0135,0,2.973,19.5135
egg3-balanced-B,stage4,egg3,Legendary,balanced,B,greedy,7,beetle|mushroom,79,0,0,79,14.2785,12.6573,15.8997,1,4,15,24,33,113.1266,0.0253,2.9114,20.5696
egg3-balanced-B,stage4,egg3,Legendary,balanced,B,random,1,mushroom,200,0,0,200,22.005,21.2628,22.7472,11,15,22,29,39,111.68,0,3.8,62.47
egg3-balanced-B,stage4,egg3,Legendary,balanced,B,random,2,beetle|mushroom,200,0,0,200,21.49,20.3772,22.6028,4,11,21.5,31,49,112.86,0.01,4.25,31.375
egg3-balanced-B,stage4,egg3,Legendary,balanced,B,random,3,mushroom|beetle,200,0,0,200,17.14,16.0968,18.1832,1,8,17,26,49,111.88,0.015,3.505,27.84
egg3-balanced-B,stage4,egg3,Legendary,balanced,B,random,4,brute,200,0.005,0,200,23.285,22.2092,24.3608,3,13,23,33.1,42,111.4,0.11,4.675,50.67
egg3-balanced-B,stage4,egg3,Legendary,balanced,B,random,5,mushroom|beetle,86,0,0,86,16.2674,14.6311,17.9037,2,6,16,26,38,111.8372,0.0349,3.3721,23.686
egg3-balanced-B,stage4,egg3,Legendary,balanced,B,random,8,stag,199,0.3417,0.3065,199,62.9598,59.8172,66.1024,18,38,60,93.2,139,77.8995,1.2965,13.2312,185.7186
egg3-balanced-B,stage4,egg3,Legendary,balanced,B,random,6,beetle|mushroom,82,0,0,82,14.0366,12.0486,16.0246,1,3,13,27.9,35,111.5122,0.122,2.8659,23.7317
egg3-balanced-B,stage4,egg3,Legendary,balanced,B,random,7,beetle|mushroom,73,0.0137,0.0137,73,14.2877,12.4266,16.1488,1,4,13,24,44,110.8219,0.1233,2.9726,20.4795
egg3-control,control_stage1-3,egg3,Legendary,balanced,A,greedy-egg,1,mushroom,200,0,0,200,17.005,16.3757,17.6343,7,11.9,17,22,41,89.305,0,0,61.325
egg3-control,control_stage1-3,egg3,Legendary,balanced,A,greedy-egg,2,mushroom|beetle,200,0.01,0.01,200,16.37,15.4614,17.2786,2,8,16,24,33,93.1,0,0,47.255
egg3-control,control_stage1-3,egg3,Legendary,balanced,A,greedy-egg,3,beetle|mushroom,198,0,0,198,16.0152,15.0529,16.9774,1,6,16,24,35,94.803,0,0,48.8081
egg3-control,control_stage1-3,egg3,Legendary,balanced,A,greedy-egg,4,brute,198,0.1313,0.1162,198,18.0152,16.9974,19.0329,1,9,18,27,39,78.9646,0,0,87.0859
egg3-control,control_stage1-3,egg3,Legendary,balanced,A,greedy-egg,5,beetle|mushroom,69,0.029,0.029,69,16.4493,14.5744,18.3241,1,3.8,18,26.2,29,92.8406,0,0,50.3188
egg3-control,control_stage1-3,egg3,Legendary,balanced,A,greedy-egg,7,mushroom|beetle,73,0.0137,0.0137,73,14,12.1808,15.8192,1,2,15,24.6,32,94.3836,0.0137,0,40.8767
egg3-control,control_stage1-3,egg3,Legendary,balanced,A,greedy-egg,8,stag,171,0.7485,0.7135,171,38.1345,34.1384,42.1306,6,12,24,75,105,26.3684,0.1462,0,222.7602
egg3-control,control_stage1-3,egg3,Legendary,balanced,A,greedy-egg,6,beetle|mushroom,73,0.0137,0.0137,73,17.3288,15.5383,19.1192,2,8.2,17,28,35,94.4247,0.0137,0,52.4384
egg3-control,control_stage1-3,egg3,Legendary,balanced,A,greedy,1,mushroom,200,0.02,0.02,200,25.93,24.5979,27.2621,8,16,24,37.2,66,69.75,0,0,110.825
egg3-control,control_stage1-3,egg3,Legendary,balanced,A,greedy,2,beetle|mushroom,196,0.2296,0.2092,196,23.1276,21.2724,24.9827,2,6,22,42,57,61.3622,0.0051,0,85.5765
egg3-control,control_stage1-3,egg3,Legendary,balanced,A,greedy,3,mushroom|beetle,155,0.1419,0.129,155,23.2065,21.1556,25.2574,1,7.4,22,37.6,64,66.9419,0.0194,0,84.7613
egg3-control,control_stage1-3,egg3,Legendary,balanced,A,greedy,4,brute,135,0.6222,0.6074,135,20.9926,18.6894,23.2958,3,6,18,42,67,31.2519,0.0148,0,130.1111
egg3-control,control_stage1-3,egg3,Legendary,balanced,A,greedy,7,beetle|mushroom,21,0.0476,0,21,28.0952,23.2188,32.9717,5,15,30,41,52,77.5238,0.0952,0,103.7143
egg3-control,control_stage1-3,egg3,Legendary,balanced,A,greedy,8,stag,50,0.96,0.96,50,24.3,17.7994,30.8006,3,6,15,63.3,99,3.98,0.08,0,190.4
egg3-control,control_stage1-3,egg3,Legendary,balanced,A,greedy,5,beetle|mushroom,18,0.1667,0.1667,18,21.2778,15.7823,26.7733,1,4,24,34,39,64.3333,0.0556,0,80
egg3-control,control_stage1-3,egg3,Legendary,balanced,A,greedy,6,mushroom|beetle,17,0,0,17,20.2941,15.7322,24.8561,1,7.6,20,31.2,37,91.1765,0,0,58.8235
egg3-control,control_stage1-3,egg3,Legendary,balanced,A,random,1,mushroom,200,0.08,0.065,200,26.515,25.3564,27.6736,9,16.9,25,36.1,56,62.745,0,0,117.905
egg3-control,control_stage1-3,egg3,Legendary,balanced,A,random,2,beetle|mushroom,187,0.2888,0.2781,187,24.5455,22.678,26.413,2,8,24,40,72,54.8449,0.0267,0,92.6952
egg3-control,control_stage1-3,egg3,Legendary,balanced,A,random,3,beetle|mushroom,135,0.2,0.1852,135,23.0667,20.8519,25.2814,1,6,23,41,63,64.1852,0.0519,0,87.3852
egg3-control,control_stage1-3,egg3,Legendary,balanced,A,random,4,brute,110,0.5636,0.5364,110,24.4818,21.6135,27.3501,3,6,23.5,45,60,38.0545,0.0455,0,151.9091
egg3-control,control_stage1-3,egg3,Legendary,balanced,A,random,6,beetle|mushroom,20,0.25,0.2,20,18.1,13.8202,22.3798,2,4.7,18.5,28.8,36,64.85,0.1,0,71.15
egg3-control,control_stage1-3,egg3,Legendary,balanced,A,random,7,mushroom|beetle,20,0.3,0.25,20,20.05,14.2158,25.8842,1,4.7,18,38.4,47,56.9,0.05,0,81.95
egg3-control,control_stage1-3,egg3,Legendary,balanced,A,random,8,stag,38,1,1,38,19.7105,13.9565,25.4646,3,6,12,46.5,75,0,0.1053,0,163.1316
egg3-control,control_stage1-3,egg3,Legendary,balanced,A,random,5,beetle|mushroom,25,0.16,0.16,25,23.04,17.5131,28.5669,2,6,24,37.6,58,68.64,0.12,0,90.4
egg3-math-A,stage4,egg3,Legendary,math,A,greedy-egg,1,mushroom,200,0,0,200,9.91,9.6812,10.1388,6,8,10,12,15,101.95,0,1.675,38.12
egg3-math-A,stage4,egg3,Legendary,math,A,greedy-egg,2,mushroom|beetle,200,0,0,200,10.82,10.4176,11.2224,5,7,10,15,18,100.015,0,2.095,33.295
egg3-math-A,stage4,egg3,Legendary,math,A,greedy-egg,3,mushroom|beetle,200,0,0,200,9.35,8.8649,9.8351,2,5,10,14,20,103.325,0,1.855,28.785
egg3-math-A,stage4,egg3,Legendary,math,A,greedy-egg,4,brute,200,0.045,0.035,200,13.705,13.1029,14.3071,2,8,14,19,27,88.855,0,2.75,70.75
egg3-math-A,stage4,egg3,Legendary,math,A,greedy-egg,5,beetle|mushroom,75,0,0,75,9.8,8.7184,10.8816,2,3,10,16.6,20,99.5733,0,2.04,31.8667
egg3-math-A,stage4,egg3,Legendary,math,A,greedy-egg,7,mushroom|beetle,62,0.0161,0.0161,62,8.5806,7.5308,9.6305,2,3,8.5,15,17,104.7742,0,1.7419,28.5161
egg3-math-A,stage4,egg3,Legendary,math,A,greedy-egg,8,stag,192,0.3438,0.3177,192,31.599,29.8906,33.3073,9,15,30,47,70,76.2865,0.1771,6.4479,168.5052
egg3-math-A,stage4,egg3,Legendary,math,A,greedy-egg,6,beetle|mushroom,81,0,0,81,8.3457,7.3982,9.2932,1,3,9,14,19,102.9259,0,1.6296,26.4568
egg3-math-A,stage4,egg3,Legendary,math,A,greedy,1,mushroom,200,0,0,200,11.82,11.4981,12.1419,6,9.9,11,15,15,93.05,0,2.1,51.035
egg3-math-A,stage4,egg3,Legendary,math,A,greedy,2,mushroom|beetle,200,0,0,200,13.325,12.7227,13.9273,5,8.9,12,20,29,82.32,0,2.685,52.29
egg3-math-A,stage4,egg3,Legendary,math,A,greedy,3,beetle|mushroom,200,0.06,0.05,200,12.26,11.6022,12.9178,2,6,11,18,26,79.655,0,2.375,44.355
egg3-math-A,stage4,egg3,Legendary,math,A,greedy,4,brute,190,0.3,0.2842,190,15.8632,14.9822,16.7441,3,7,16,23.1,35,57.3368,0.0105,3.2,96.2053
egg3-math-A,stage4,egg3,Legendary,math,A,greedy,8,stag,127,0.7402,0.7244,127,34.6693,30.6585,38.6801,6,12,30,67.2,99,26.378,0.3937,7.189,246.4252
egg3-math-A,stage4,egg3,Legendary,math,A,greedy,7,mushroom|beetle,54,0.037,0.037,54,12.3333,10.8104,13.8563,4,6,12,20,30,95.3519,0,2.463,40.8333
egg3-math-A,stage4,egg3,Legendary,math,A,greedy,5,mushroom|beetle,52,0.0769,0.0577,52,12.4231,10.7638,14.0824,1,4,13,20.9,24,78.2308,0.0385,2.5192,42.1923
egg3-math-A,stage4,egg3,Legendary,math,A,greedy,6,mushroom|beetle,46,0.1087,0.087,46,10.8478,9.3605,12.3351,1,4,11,17.5,20,89.413,0,2.1739,38.7826
egg3-math-A,stage4,egg3,Legendary,math,A,random,1,mushroom,200,0,0,200,12.13,11.805,12.455,7,10,12,15,15,88.335,0,2.17,55.295
egg3-math-A,stage4,egg3,Legendary,math,A,random,2,mushroom|beetle,200,0.01,0.01,200,13.48,12.8702,14.0898,4,8,12.5,20,25,74.025,0,2.67,54.985
egg3-math-A,stage4,egg3,Legendary,math,A,random,3,mushroom|beetle,198,0.1111,0.0909,198,12.3485,11.6519,13.0451,2,6,12,19,27,68.5707,0,2.4697,48.1061
egg3-math-A,stage4,egg3,Legendary,math,A,random,4,brute,180,0.4944,0.4722,180,15.0111,14.0049,16.0173,3,6,15,24,30,40.5833,0.0167,2.9167,98.3167
egg3-math-A,stage4,egg3,Legendary,math,A,random,8,stag,81,0.8519,0.8395,81,23.8395,20.4832,27.1958,3,9,20,44,78,17.1358,0.3827,4.8519,193.4321
egg3-math-A,stage4,egg3,Legendary,math,A,random,5,mushroom|beetle,42,0.119,0.0714,42,12.9048,11.1377,14.6718,3,5.1,13,21.7,24,82.2143,0.0238,2.5714,50.0952
egg3-math-A,stage4,egg3,Legendary,math,A,random,6,mushroom|beetle,46,0.1739,0.1739,46,11.7826,10.0466,13.5186,2,5.5,11,19,27,79.4565,0.1087,2.4565,45.3478
egg3-math-A,stage4,egg3,Legendary,math,A,random,7,mushroom|beetle,36,0.0833,0.0833,36,11.5,9.8261,13.1739,2,4,11.5,18,24,81.4444,0.0278,2.5,42.25
egg3-math-B,stage4,egg3,Legendary,math,B,greedy-egg,1,mushroom,200,0,0,200,17.19,16.5967,17.7833,8,12,17,23,30,113.17,0,2.84,43.245
egg3-math-B,stage4,egg3,Legendary,math,B,greedy-egg,2,beetle|mushroom,200,0,0,200,17.18,16.2814,18.0786,1,9,17.5,25,35,113.705,0,3.37,24.79
egg3-math-B,stage4,egg3,Legendary,math,B,greedy-egg,3,mushroom|beetle,200,0,0,200,13.165,12.0743,14.2557,1,2,13,23,33,114.235,0.005,2.68,17.295
egg3-math-B,stage4,egg3,Legendary,math,B,greedy-egg,4,brute,200,0,0,200,19.155,17.9033,20.4067,1,6.9,19,30,43,113.405,0.005,3.765,37.76
egg3-math-B,stage4,egg3,Legendary,math,B,greedy-egg,7,mushroom|beetle,73,0,0,73,11.0822,9.5278,12.6365,1,2.2,11,21,30,114.137,0.0274,2.2466,14.7534
egg3-math-B,stage4,egg3,Legendary,math,B,greedy-egg,8,stag,200,0.2,0.195,200,48.94,46.7697,51.1103,19,32,47.5,69,100,91.78,0.685,10.28,122.2
egg3-math-B,stage4,egg3,Legendary,math,B,greedy-egg,5,mushroom|beetle,78,0,0,78,11.359,9.6707,13.0472,1,2,11.5,19,43,114.2692,0.0128,2.3974,15.8333
egg3-math-B,stage4,egg3,Legendary,math,B,greedy-egg,6,beetle|mushroom,77,0,0,77,11.5974,9.9145,13.2803,1,2,11,23,31,114.3636,0,2.4026,15.2468
egg3-math-B,stage4,egg3,Legendary,math,B,greedy,1,mushroom,200,0,0,200,26.33,25.0342,27.6258,9,16,24.5,38.2,64,105.725,0,4.665,74.055
egg3-math-B,stage4,egg3,Legendary,math,B,greedy,2,mushroom|beetle,200,0,0,200,26.79,25.2556,28.3244,1,14.9,25,43.1,72,107.505,0.005,5.305,46.79
egg3-math-B,stage4,egg3,Legendary,math,B,greedy,3,beetle|mushroom,200,0,0,200,21.39,19.7784,23.0016,1,7.8,20,36,65,107.64,0.04,4.385,36
egg3-math-B,stage4,egg3,Legendary,math,B,greedy,4,brute,200,0,0,200,28.405,26.0746,30.7354,2,9,25,49.2,98,107.445,0.135,5.75,66.53
egg3-math-B,stage4,egg3,Legendary,math,B,greedy,5,beetle|mushroom,77,0.013,0.013,77,18.1429,15.4741,20.8116,1,3,18,29,68,102.6494,0.1429,3.7273,30.1688
egg3-math-B,stage4,egg3,Legendary,math,B,greedy,6,beetle|mushroom,78,0,0,78,21.7179,18.5687,24.8672,1,6.7,18,40.6,60,108.8718,0.1795,4.5385,31.2821
egg3-math-B,stage4,egg3,Legendary,math,B,greedy,8,stag,198,0.6162,0.5909,198,70.8788,65.6695,76.088,8,30,63,122.2,186,39.4949,1.8333,14.798,256.7475
egg3-math-B,stage4,egg3,Legendary,math,B,greedy,7,beetle|mushroom,63,0.0159,0.0159,63,18.746,15.5209,21.9712,1,6.2,16,34.2,83,108.0317,0.1429,3.9048,35.2698
egg3-math-B,stage4,egg3,Legendary,math,B,random,1,mushroom,200,0,0,200,27.555,26.3342,28.7758,13,17.9,26,40,60,106.425,0,4.89,79.08
egg3-math-B,stage4,egg3,Legendary,math,B,random,2,beetle|mushroom,200,0,0,200,27.595,26.0104,29.1796,4,15,27,41.1,74,106.425,0.08,5.5,49.355
egg3-math-B,stage4,egg3,Legendary,math,B,random,3,beetle|mushroom,200,0,0,200,21.695,19.9382,23.4518,1,5,20,39.1,77,107.22,0.145,4.39,39.755
egg3-math-B,stage4,egg3,Legendary,math,B,random,4,brute,200,0.045,0.03,200,31.59,29.2246,33.9554,1,14,29.5,51,128,99.335,0.3,6.44,84.085
egg3-math-B,stage4,egg3,Legendary,math,B,random,5,beetle|mushroom,84,0.0238,0.0238,84,22.5476,19.315,25.7802,1,5,20.5,43,62,103.8929,0.369,4.6667,40.7381
egg3-math-B,stage4,egg3,Legendary,math,B,random,8,stag,191,0.7173,0.6963,191,56.8168,52.1273,61.5062,6,18,51,105,215,30.8482,1.5602,11.8796,219.3717
egg3-math-B,stage4,egg3,Legendary,math,B,random,6,mushroom|beetle,70,0.0143,0.0143,70,21.7,18.4146,24.9854,2,3.9,20.5,38.5,72,102.7429,0.3571,4.4857,40.9
egg3-math-B,stage4,egg3,Legendary,math,B,random,7,beetle|mushroom,73,0,0,73,22.9315,18.8035,27.0595,2,8,17,46.4,89,100.0822,0.5479,4.7808,44.589
egg3-science-A,stage4,egg3,Legendary,science,A,greedy-egg,1,mushroom,200,0,0,200,10.67,10.4476,10.8924,7,9,10,13,17,112.75,0,1.665,32.755
egg3-science-A,stage4,egg3,Legendary,science,A,greedy-egg,2,beetle|mushroom,200,0,0,200,11.835,11.4057,12.2643,4,8,11,16,20,113.76,0,2.35,23.975
egg3-science-A,stage4,egg3,Legendary,science,A,greedy-egg,3,mushroom|beetle,200,0,0,200,9.46,8.9398,9.9802,2,4.9,10,15,18,114.16,0,1.875,20.62
egg3-science-A,stage4,egg3,Legendary,science,A,greedy-egg,4,brute,200,0,0,200,14.945,14.4144,15.4756,3,10,16,19,23,113.2,0,2.965,51.895
egg3-science-A,stage4,egg3,Legendary,science,A,greedy-egg,5,beetle|mushroom,76,0,0,76,9.2237,8.3047,10.1427,2,4,9.5,14,19,113.5921,0,1.7368,23.8421
egg3-science-A,stage4,egg3,Legendary,science,A,greedy-egg,8,stag,200,0.145,0.14,200,44.555,42.9363,46.1737,12,31,43.5,60,79,97.97,0.39,9.46,146.475
egg3-science-A,stage4,egg3,Legendary,science,A,greedy-egg,6,beetle|mushroom,84,0,0,84,9.6071,8.7307,10.4836,2,4,10,15,18,114.0833,0,1.8452,19.1429
egg3-science-A,stage4,egg3,Legendary,science,A,greedy-egg,7,mushroom|beetle,72,0,0,72,8.6667,7.6867,9.6467,2,3,8.5,15,18,113.9722,0,1.7917,19.25
egg3-science-A,stage4,egg3,Legendary,science,A,greedy,1,mushroom,200,0,0,200,11.645,11.3325,11.9575,7,9,11,15,18,111.06,0,1.925,40.355
egg3-science-A,stage4,egg3,Legendary,science,A,greedy,2,mushroom|beetle,200,0,0,200,13.01,12.5029,13.5171,3,9,13,17,28,110.885,0,2.5,34.835
egg3-science-A,stage4,egg3,Legendary,science,A,greedy,3,mushroom|beetle,200,0,0,200,10.8,10.2001,11.3999,2,5,11,17,21,111.335,0,2.195,25.445
egg3-science-A,stage4,egg3,Legendary,science,A,greedy,4,brute,200,0.005,0.005,200,15.255,14.5775,15.9325,2,8,16,21,25,109.28,0.005,3.005,61.205
egg3-science-A,stage4,egg3,Legendary,science,A,greedy,8,stag,199,0.1809,0.1658,199,43.9196,42.1394,45.6997,12,30,43,59,98,93.7186,0.3518,9.3116,164.5779
egg3-science-A,stage4,egg3,Legendary,science,A,greedy,5,mushroom|beetle,79,0,0,79,9.9747,8.8553,11.0941,1,3,11,16,23,111.6456,0.0127,2.0253,24.8608
egg3-science-A,stage4,egg3,Legendary,science,A,greedy,6,mushroom|beetle,79,0,0,79,9.5696,8.4482,10.6911,1,3,9,16,24,112.2658,0,1.9241,24.3671
egg3-science-A,stage4,egg3,Legendary,science,A,greedy,7,mushroom|beetle,86,0,0,86,9.1047,8.0255,10.1838,2,3,9,16,19,113.3488,0,1.8605,21.3605
egg3-science-A,stage4,egg3,Legendary,science,A,random,1,mushroom,200,0,0,200,12.89,12.5586,13.2214,7,10,13,16,21,106.885,0,2.105,48.54
egg3-science-A,stage4,egg3,Legendary,science,A,random,2,beetle|mushroom,200,0,0,200,13.445,12.8829,14.0071,6,8,13,19,25,110.17,0,2.685,36.85
egg3-science-A,stage4,egg3,Legendary,science,A,random,3,mushroom|beetle,200,0,0,200,10.855,10.2408,11.4692,2,5,11,16,24,111.51,0.005,2.18,30.17
egg3-science-A,stage4,egg3,Legendary,science,A,random,4,brute,200,0.01,0.01,200,16.065,15.3815,16.7485,2,9,17,21,27,106.795,0,3.26,69.32
egg3-science-A,stage4,egg3,Legendary,science,A,random,5,mushroom|beetle,76,0,0,76,10.5,9.271,11.729,1,3.5,11,17,26,111.7632,0,2.1316,30.1184
egg3-science-A,stage4,egg3,Legendary,science,A,random,6,mushroom|beetle,69,0,0,69,10.7246,9.5688,11.8805,4,5,10,17.2,23,112.8116,0,2.1159,31.5797
egg3-science-A,stage4,egg3,Legendary,science,A,random,8,stag,198,0.303,0.2778,198,45.6414,43.6506,47.6322,6,29.7,45,63,83,80.9192,0.596,9.6263,195.9343
egg3-science-A,stage4,egg3,Legendary,science,A,random,7,mushroom|beetle,74,0,0,74,10.1081,8.9884,11.2279,1,4,10,16,23,113.7162,0.0135,1.9865,26.8649
egg3-science-B,stage4,egg3,Legendary,science,B,greedy-egg,1,mushroom,200,0,0,200,17.395,16.8095,17.9805,8,12,17,23,39,108.46,0,2.875,60.46
egg3-science-B,stage4,egg3,Legendary,science,B,greedy-egg,2,mushroom|beetle,200,0,0,200,17.555,16.6895,18.4205,2,10,17,25.1,34,111.095,0,3.46,51.97
egg3-science-B,stage4,egg3,Legendary,science,B,greedy-egg,3,beetle|mushroom,200,0.005,0.005,200,14.1,13.086,15.114,1,2,15,23,38,111.75,0,2.83,44.05
egg3-science-B,stage4,egg3,Legendary,science,B,greedy-egg,4,brute,199,0.0452,0.0402,199,18.1809,16.9498,19.412,1,3.8,20,29,39,104.1005,0.0151,3.6834,87.2613
egg3-science-B,stage4,egg3,Legendary,science,B,greedy-egg,5,beetle|mushroom,77,0,0,77,13.8961,12.0494,15.7428,1,3,15,26,37,113.9091,0.039,2.8052,36.7662
egg3-science-B,stage4,egg3,Legendary,science,B,greedy-egg,8,stag,191,0.5236,0.5131,191,39.1728,36.9421,41.4035,12,18,39,58,89,53.7958,0.6649,8.2723,219.9215
egg3-science-B,stage4,egg3,Legendary,science,B,greedy-egg,6,mushroom|beetle,81,0,0,81,14.8148,13.1738,16.4558,1,3,15,24,34,112.5432,0,2.9383,43.8148
egg3-science-B,stage4,egg3,Legendary,science,B,greedy-egg,7,beetle|mushroom,77,0,0,77,11.8312,10.2441,13.4182,1,3,12,22,28,113.2208,0.039,2.4545,36.013
egg3-science-B,stage4,egg3,Legendary,science,B,greedy,1,mushroom,200,0,0,200,24.825,23.7666,25.8834,9,16,24,36,46,93.07,0,4.385,101.425
egg3-science-B,stage4,egg3,Legendary,science,B,greedy,2,mushroom|beetle,200,0.015,0.01,200,23.445,22.0506,24.8394,1,11.9,23,35,72,100.525,0.015,4.625,79.02
egg3-science-B,stage4,egg3,Legendary,science,B,greedy,3,beetle|mushroom,198,0.0354,0.0354,198,20.2828,18.7583,21.8074,1,4,20.5,34,57,98.3889,0.0606,4.101,69.3687
egg3-science-B,stage4,egg3,Legendary,science,B,greedy,4,brute,191,0.3194,0.3037,191,23.0157,21.4761,24.5553,1,11,22,38,62,69.0524,0.0995,4.6911,134.2932
egg3-science-B,stage4,egg3,Legendary,science,B,greedy,8,stag,126,0.8175,0.8095,126,30.7063,27.484,33.9287,1,12,27,57.5,105,20.3651,0.6032,6.4603,216.4762
egg3-science-B,stage4,egg3,Legendary,science,B,greedy,6,mushroom|beetle,51,0.0588,0.0588,51,19.098,15.6094,22.5866,1,2,19,33,59,104.8235,0.2353,3.9608,63.5882
egg3-science-B,stage4,egg3,Legendary,science,B,greedy,7,beetle|mushroom,49,0.0204,0.0204,49,18.6122,15.6255,21.599,1,2,18,33.4,42,103.2857,0.2857,3.8776,62.8163
egg3-science-B,stage4,egg3,Legendary,science,B,greedy,5,beetle|mushroom,57,0.0702,0.0526,57,19.9825,16.898,23.0669,1,3,18,37,47,97.7719,0.2281,4.0702,65.9649
egg3-science-B,stage4,egg3,Legendary,science,B,random,1,mushroom,200,0.01,0.01,200,24.82,23.9615,25.6785,13,17,25,33,46,95.345,0.005,4.37,105.115
egg3-science-B,stage4,egg3,Legendary,science,B,random,2,beetle|mushroom,198,0.0606,0.0505,198,22.9293,21.4611,24.3975,1,11,21.5,38,53,95.8788,0.0455,4.5303,82.5606
egg3-science-B,stage4,egg3,Legendary,science,B,random,3,beetle|mushroom,188,0.0426,0.0426,188,19.9734,18.3645,21.5823,1,4,19,35,54,98.4043,0.1117,4.1223,72.2234
egg3-science-B,stage4,egg3,Legendary,science,B,random,4,brute,180,0.3833,0.3722,180,21.3111,19.7214,22.9009,1,7,20,36,51,61.7778,0.1889,4.3833,129.65
egg3-science-B,stage4,egg3,Legendary,science,B,random,5,mushroom|beetle,46,0.1739,0.1739,46,19,15.3609,22.6391,1,3.5,20.5,31,65,84.2391,0.2826,3.7826,76
egg3-science-B,stage4,egg3,Legendary,science,B,random,8,stag,100,0.9,0.9,100,27.67,24.4674,30.8726,3,12,24,51.6,72,11.5,0.66,5.93,202.1
egg3-science-B,stage4,egg3,Legendary,science,B,random,6,beetle|mushroom,37,0.1081,0.0811,37,19.973,16.3121,23.6339,2,5.6,18,31.8,58,94.027,0.4054,4.1892,78.4595
egg3-science-B,stage4,egg3,Legendary,science,B,random,7,mushroom|beetle,34,0.0588,0.0588,34,19.3529,15.7584,22.9475,1,7.6,18,32.7,51,93.1471,0.2941,4,65.9118
egg4-balanced-A,stage4,egg4,Rare,balanced,A,greedy-egg,1,mushroom,200,0.15,0.135,200,107.555,101.5347,113.5753,24,57,103,164,259,56.73,0.205,20.95,181.86
egg4-balanced-A,stage4,egg4,Rare,balanced,A,greedy-egg,2,mushroom|beetle,173,0.6416,0.6127,173,102.5954,91.8667,113.3241,2,15.2,94,200.8,348,26,0.9249,20.6243,140.5838
egg4-balanced-A,stage4,egg4,Rare,balanced,A,greedy-egg,3,mushroom|beetle,67,0.806,0.806,67,61.0299,49.2,72.8597,3,13.2,40,139.4,220,11.8358,1.1642,12.5075,94.1045
egg4-balanced-A,stage4,egg4,Rare,balanced,A,greedy-egg,4,brute,13,0.7692,0.7692,13,25.6154,16.4879,34.7428,6,7,26,46.6,50,4.6923,0.3077,5.1538,89.6154
egg4-balanced-A,stage4,egg4,Rare,balanced,A,greedy-egg,8,stag,1,1,1,1,7,7,7,7,7,7,7,7,0,0,2,33
egg4-balanced-A,stage4,egg4,Rare,balanced,A,greedy-egg,5,mushroom,1,1,1,1,5,5,5,5,5,5,5,5,0,0,1,23
egg4-balanced-A,stage4,egg4,Rare,balanced,A,greedy-egg,6,mushroom,1,1,1,1,7,7,7,7,7,7,7,7,0,0,2,24
egg4-balanced-A,stage4,egg4,Rare,balanced,A,greedy,1,mushroom,200,0.02,0.015,200,52.935,49.5824,56.2876,17,26,49,84,142,70.54,0.01,10.015,170.45
egg4-balanced-A,stage4,egg4,Rare,balanced,A,greedy,2,beetle|mushroom,197,0.3096,0.2741,197,46.7208,42.32,51.1216,2,8.6,42,88.4,180,55.0102,0.1269,9.3299,137.4924
egg4-balanced-A,stage4,egg4,Rare,balanced,A,greedy,3,mushroom|beetle,143,0.2797,0.2517,143,44.5804,38.6929,50.4679,2,7.2,35,94.6,186,55.965,0.5315,9.1538,121.8531
egg4-balanced-A,stage4,egg4,Rare,balanced,A,greedy,4,brute,107,0.7944,0.7664,107,38.9065,32.5336,45.2794,2,6,29,83.6,151,16.0187,0.4579,7.9813,182.4673
egg4-balanced-A,stage4,egg4,Rare,balanced,A,greedy,8,stag,16,1,1,16,28.8125,17.8613,39.7637,3,6,31.5,58.5,71,0,0.3125,6.4375,178.4375
egg4-balanced-A,stage4,egg4,Rare,balanced,A,greedy,5,mushroom|beetle,10,0.5,0.5,10,32.5,7.8992,57.1008,1,2.8,26.5,62.1,135,31.1,0.8,6.8,121.2
egg4-balanced-A,stage4,egg4,Rare,balanced,A,greedy,7,mushroom|beetle,8,0.375,0.375,8,40.625,5.5069,75.7431,3,5.1,22.5,100.6,151,36.125,1.25,8.5,176.5
egg4-balanced-A,stage4,egg4,Rare,balanced,A,greedy,6,beetle,4,0.25,0.25,4,53,-23.4944,129.4944,11,11.6,15.5,124.4,170,64,2.25,10.5,159.75
egg4-balanced-A,stage4,egg4,Rare,balanced,A,random,1,mushroom,200,0.13,0.115,200,52.965,49.698,56.232,19,27,48.5,82.2,172,59.885,0.07,10.03,183.535
egg4-balanced-A,stage4,egg4,Rare,balanced,A,random,2,beetle|mushroom,177,0.4576,0.4237,177,48.3333,42.7156,53.9511,2,6,39,98.8,156,40.4802,0.3729,9.7175,134.8531
egg4-balanced-A,stage4,egg4,Rare,balanced,A,random,3,mushroom|beetle,102,0.3725,0.3627,102,43.4608,36.3599,50.5617,1,6,34.5,95.9,177,45.8137,0.6569,9.1078,130
egg4-balanced-A,stage4,egg4,Rare,balanced,A,random,4,brute,65,0.8308,0.8,65,35.1077,27.0484,43.167,3,6,20,83.8,143,12.2923,0.4615,7.2308,169.4308
egg4-balanced-A,stage4,egg4,Rare,balanced,A,random,6,mushroom|beetle,6,0.5,0.5,6,18.6667,8.3987,28.9346,6,7.5,16.5,32,42,45.6667,0.1667,3.8333,83.3333
egg4-balanced-A,stage4,egg4,Rare,balanced,A,random,5,beetle|mushroom,2,1,1,2,13.5,12.52,14.48,13,13.1,13.5,13.9,14,0,0.5,3,59.5
egg4-balanced-A,stage4,egg4,Rare,balanced,A,random,7,mushroom|beetle,4,0,0,4,36,7.9942,64.0058,14,17.3,26,62.7,78,65.75,0.5,7.5,96
egg4-balanced-A,stage4,egg4,Rare,balanced,A,random,8,stag,8,1,1,8,18.125,11.6304,24.6196,3,9.3,16.5,29.2,32,0,0.5,3.875,160.375
egg4-balanced-B,stage4,egg4,Rare,balanced,B,greedy-egg,1,mushroom,200,0.19,0.17,200,106.21,100.4772,111.9428,24,57.9,103,163,259,50.825,0.16,20.68,192.515
egg4-balanced-B,stage4,egg4,Rare,balanced,B,greedy-egg,2,mushroom|beetle,166,0.6867,0.6687,166,100.7169,89.3439,112.0899,2,15.5,92,201,341,21.9759,0.9157,20.1867,139.4699
egg4-balanced-B,stage4,egg4,Rare,balanced,B,greedy-egg,3,beetle|mushroom,55,0.7091,0.6909,55,67.6545,51.9825,83.3266,3,8.8,54,139.2,261,17.5818,1.1273,14.0364,102.9818
egg4-balanced-B,stage4,egg4,Rare,balanced,B,greedy-egg,4,brute,17,0.7647,0.7647,17,31.1176,22.7464,39.4889,3,6.6,34,52.8,58,14.7647,0.3529,6.1765,95
egg4-balanced-B,stage4,egg4,Rare,balanced,B,greedy-egg,7,mushroom|beetle,2,1,1,2,10,2.16,17.84,6,6.8,10,13.2,14,0,0,1.5,39
egg4-balanced-B,stage4,egg4,Rare,balanced,B,greedy-egg,5,mushroom,2,0.5,0.5,2,26,12.28,39.72,19,20.4,26,31.6,33,50,0,5,53
egg4-balanced-B,stage4,egg4,Rare,balanced,B,greedy-egg,8,stag,1,1,1,1,81,81,81,81,81,81,81,81,0,2,19,166
egg4-balanced-B,stage4,egg4,Rare,balanced,B,greedy-egg,6,mushroom,1,0,0,1,39,39,39,39,39,39,39,39,14,1,8,96
egg4-balanced-B,stage4,egg4,Rare,balanced,B,greedy,1,mushroom,200,0.015,0.015,200,52.965,49.616,56.314,17,25.9,49,83.1,142,69.875,0.01,10.025,173.37
egg4-balanced-B,stage4,egg4,Rare,balanced,B,greedy,2,beetle|mushroom,197,0.3096,0.2843,197,47.6193,43.1013,52.1372,3,8.6,41,92.4,164,54.8985,0.1269,9.5228,133.0711
egg4-balanced-B,stage4,egg4,Rare,balanced,B,greedy,3,mushroom|beetle,141,0.2624,0.227,141,50.1773,43.6983,56.6563,3,8,39,99,192,59.2199,0.6383,10.234,129.4752
egg4-balanced-B,stage4,egg4,Rare,balanced,B,greedy,4,brute,109,0.7615,0.7615,109,41.0826,34.204,47.9612,1,6,25,90.2,159,13.8716,0.5138,8.5046,180.633
egg4-balanced-B,stage4,egg4,Rare,balanced,B,greedy,6,mushroom|beetle,10,0.2,0.2,10,25,15.3625,34.6375,2,3.8,27,45.5,50,53.1,0.2,5.3,61.5
egg4-balanced-B,stage4,egg4,Rare,balanced,B,greedy,8,stag,17,1,1,17,32.1176,16.3059,47.9294,6,6,20,91.6,111,0,0.5882,6.8824,202.4118
egg4-balanced-B,stage4,egg4,Rare,balanced,B,greedy,7,beetle|mushroom,8,0.5,0.5,8,21.5,13.9543,29.0457,4,6.8,25,31.5,35,43.75,0.375,4.375,76.375
egg4-balanced-B,stage4,egg4,Rare,balanced,B,greedy,5,beetle|mushroom,6,0.5,0.5,6,38.6667,15.5605,61.7729,3,12,35.5,68.5,88,49.3333,0.3333,8,91.8333
egg4-balanced-B,stage4,egg4,Rare,balanced,B,random,1,mushroom,200,0.125,0.12,200,53.475,50.1506,56.7994,19,27,49,87.1,172,60.34,0.07,10.12,185.43
egg4-balanced-B,stage4,egg4,Rare,balanced,B,random,2,beetle|mushroom,176,0.4545,0.4091,176,49.8068,44.2976,55.3161,2,6,40.5,99.5,157,42.4773,0.4375,9.9716,134.8011
egg4-balanced-B,stage4,egg4,Rare,balanced,B,random,3,mushroom|beetle,104,0.3558,0.3558,104,38.9904,32.7824,45.1984,1,6,30,82.7,152,42.2596,0.7019,8.0577,116.75
egg4-balanced-B,stage4,egg4,Rare,balanced,B,random,4,brute,67,0.8806,0.8507,67,27.0448,20.058,34.0316,3,6,15,60.8,144,9.2985,0.3582,5.5224,142.1642
egg4-balanced-B,stage4,egg4,Rare,balanced,B,random,8,stag,7,1,1,7,20,10.5807,29.4193,12,12,13,34.6,46,0,0,4,181.1429
egg4-balanced-B,stage4,egg4,Rare,balanced,B,random,5,beetle,2,0,0,2,85.5,-23.28,194.28,30,41.1,85.5,129.9,141,106,3.5,18,334
egg4-balanced-B,stage4,egg4,Rare,balanced,B,random,6,mushroom,6,0.3333,0.3333,6,23,13.9189,32.0811,8,9,27,33,36,49.8333,0.3333,4.6667,86.1667
egg4-balanced-B,stage4,egg4,Rare,balanced,B,random,7,mushroom|beetle,4,0.25,0.25,4,42,12.3722,71.6278,8,14.3,41,70.5,78,71.75,0.5,8.5,99.25
egg4-control,control_stage1-3,egg4,Rare,balanced,A,greedy-egg,1,mushroom,200,0.385,0.365,200,90.585,85.5635,95.6065,23,46,87,137,211,30.07,0.095,0,186.535
egg4-control,control_stage1-3,egg4,Rare,balanced,A,greedy-egg,2,beetle|mushroom,127,0.7874,0.7717,127,56.2992,45.6675,66.9309,2,4,35,151.6,238,10.5118,0.3543,0,101.0394
egg4-control,control_stage1-3,egg4,Rare,balanced,A,greedy-egg,3,mushroom|beetle,29,0.9655,0.9655,29,34.2414,21.8259,46.6568,3,4,19,79.6,133,3.4483,0.4138,0,78.8966
egg4-control,control_stage1-3,egg4,Rare,balanced,A,greedy-egg,4,brute,1,1,1,1,60,60,60,60,60,60,60,60,0,0,0,186
egg4-control,control_stage1-3,egg4,Rare,balanced,A,greedy,1,mushroom,200,0.11,0.105,200,49.245,46.0979,52.3921,16,23.9,44.5,79.1,129,48.215,0.005,0,177.895
egg4-control,control_stage1-3,egg4,Rare,balanced,A,greedy,2,beetle|mushroom,179,0.5531,0.486,179,37.5307,33.0655,41.996,2,5.6,32,81,164,34.8212,0.067,0,122.4078
egg4-control,control_stage1-3,egg4,Rare,balanced,A,greedy,3,beetle|mushroom,92,0.3913,0.3587,92,38.1522,32.7012,43.6032,1,6,35.5,66.9,156,44.3261,0.1848,0,128.1087
egg4-control,control_stage1-3,egg4,Rare,balanced,A,greedy,4,brute,59,0.9492,0.9492,59,21.2034,16.9555,25.4513,3,6,18,47,76,2.322,0,0,126.7119
egg4-control,control_stage1-3,egg4,Rare,balanced,A,greedy,7,beetle,1,0,0,1,28,28,28,28,28,28,28,28,43,0,0,56
egg4-control,control_stage1-3,egg4,Rare,balanced,A,greedy,8,stag,2,1,1,2,12.5,7.6,17.4,10,10.5,12.5,14.5,15,0,0,0,95
egg4-control,control_stage1-3,egg4,Rare,balanced,A,greedy,5,mushroom|beetle,2,0.5,0.5,2,16.5,-4.08,37.08,6,8.1,16.5,24.9,27,30.5,0,0,55.5
egg4-control,control_stage1-3,egg4,Rare,balanced,A,random,1,mushroom,200,0.35,0.3,200,48.365,45.0466,51.6834,16,24,44,80.1,168,39.01,0.06,0,186.64
egg4-control,control_stage1-3,egg4,Rare,balanced,A,random,2,mushroom|beetle,140,0.6286,0.5786,140,39.8786,33.9488,45.8084,2,6,31.5,89,153,23.55,0.3143,0,132.7357
egg4-control,control_stage1-3,egg4,Rare,balanced,A,random,3,beetle|mushroom,59,0.5763,0.5424,59,27.8814,21.367,34.3958,1,3.8,20,61.6,116,25.4915,0.2712,0,99.5085
egg4-control,control_stage1-3,egg4,Rare,balanced,A,random,4,brute,27,0.9259,0.9259,27,19.8889,11.9192,27.8586,3,3,12,59.8,68,2.3333,0.037,0,119.7037
egg4-control,control_stage1-3,egg4,Rare,balanced,A,random,6,beetle|mushroom,2,1,1,2,15.5,0.8,30.2,8,9.5,15.5,21.5,23,0,0,0,53.5
egg4-math-A,stage4,egg4,Rare,math,A,greedy-egg,1,mushroom,200,0,0,200,25.55,25.0481,26.0519,15,20,25,30,35,72.735,0,4.975,66.69
egg4-math-A,stage4,egg4,Rare,math,A,greedy-egg,2,beetle|mushroom,200,0.105,0.085,200,33.625,32.0242,35.2258,8,20,30,50,57,52.645,0,6.72,64.95
egg4-math-A,stage4,egg4,Rare,math,A,greedy-egg,3,beetle|mushroom,183,0.3115,0.2678,183,26.082,24.0189,28.145,2,6.2,25,47.6,60,42.1475,0.0492,5.1585,50.3607
egg4-math-A,stage4,egg4,Rare,math,A,greedy-egg,4,brute,134,0.7761,0.7388,134,26.6493,23.4023,29.8962,3,6,23,55,68,10.6716,0.1045,5.2761,92.0672
egg4-math-A,stage4,egg4,Rare,math,A,greedy-egg,6,beetle|mushroom,15,0.3333,0.2667,15,22.1333,15.1606,29.1061,2,2.8,24,39.8,43,36.2667,0,4.4,44.3333
egg4-math-A,stage4,egg4,Rare,math,A,greedy-egg,8,stag,22,1,1,22,17.6818,12.7706,22.5931,3,3.3,16.5,33.9,40,0,0.0909,3.5,94.5455
egg4-math-A,stage4,egg4,Rare,math,A,greedy-egg,5,mushroom|beetle,10,0.6,0.6,10,14.3,7.2207,21.3793,2,2,12.5,26.3,29,22.2,0,2.9,34
egg4-math-A,stage4,egg4,Rare,math,A,greedy-egg,7,beetle|mushroom,11,0.2727,0.2727,11,24.0909,13.9565,34.2254,6,13,16,48,62,35.5455,0.1818,5.0909,47.2727
egg4-math-A,stage4,egg4,Rare,math,A,greedy,1,mushroom,200,0,0,200,22.245,21.5799,22.9101,11,15,23,28.1,35,71.38,0,4.23,88.345
egg4-math-A,stage4,egg4,Rare,math,A,greedy,2,beetle|mushroom,200,0.195,0.18,200,24.1,22.7089,25.4911,3,12,22,40,46,49.46,0,4.75,82.035
egg4-math-A,stage4,egg4,Rare,math,A,greedy,3,mushroom|beetle,164,0.2378,0.2195,164,20.9512,19.3025,22.6,2,6,21.5,35,50,52.9756,0.0183,4.2195,68.7195
egg4-math-A,stage4,egg4,Rare,math,A,greedy,4,brute,128,0.6328,0.6328,128,24.1641,21.2347,27.0934,3,6,18.5,50,58,23.9844,0.1016,4.7656,130.9922
egg4-math-A,stage4,egg4,Rare,math,A,greedy,6,mushroom|beetle,18,0.2222,0.2222,18,22.8889,15.2749,30.5029,2,4.7,20.5,45.8,53,64.1111,0.3889,4.7222,73.3889
egg4-math-A,stage4,egg4,Rare,math,A,greedy,7,mushroom|beetle,19,0.2632,0.2632,19,21.7368,16.9856,26.4881,2,5.2,24,31,43,63.5789,0.1579,4.5789,55.3684
egg4-math-A,stage4,egg4,Rare,math,A,greedy,8,stag,34,1,1,34,20.6176,16.2742,24.9611,3,12,18,37.4,60,0,0.3235,4.2353,157.9412
egg4-math-A,stage4,egg4,Rare,math,A,greedy,5,beetle|mushroom,22,0.2273,0.1818,22,23.5455,18.7018,28.3891,2,13,21.5,35,56,54.9091,0.1364,4.7727,70.0455
egg4-math-A,stage4,egg4,Rare,math,A,random,1,mushroom,200,0,0,200,22.935,22.3076,23.5624,12,17.9,23,30,35,62.435,0,4.32,96.56
egg4-math-A,stage4,egg4,Rare,math,A,random,2,mushroom|beetle,200,0.41,0.375,200,21.195,19.6903,22.6997,3,8,20,38,47,38.38,0,4.165,77.285
egg4-math-A,stage4,egg4,Rare,math,A,random,3,beetle|mushroom,125,0.384,0.36,125,19.792,17.7951,21.7889,2,4.8,21,34,52,42.032,0.088,3.944,72
egg4-math-A,stage4,egg4,Rare,math,A,random,4,brute,80,0.8625,0.825,80,18.575,15.4811,21.6689,3,6,14.5,41.1,65,10.2375,0.175,3.625,115.05
egg4-math-A,stage4,egg4,Rare,math,A,random,8,stag,11,1,1,11,21,11.3871,30.6129,3,9,12,43,54,0,0.9091,4.4545,164.7273
egg4-math-A,stage4,egg4,Rare,math,A,random,6,beetle|mushroom,3,0.6667,0.3333,3,27.6667,14.0717,41.2617,16,18.2,27,37.4,40,68.6667,1,5.3333,107.3333
egg4-math-A,stage4,egg4,Rare,math,A,random,5,mushroom|beetle,5,0.4,0.4,5,24.4,4.9318,43.8682,3,3.4,20,48,50,63.6,0.2,4.8,68.6
egg4-math-A,stage4,egg4,Rare,math,A,random,7,mushroom|beetle,4,0,0,4,29.75,18.48,41.02,19,21.1,27,40.6,46,84.75,1,6.25,118
egg4-math-B,stage4,egg4,Rare,math,B,greedy-egg,1,mushroom,200,0.035,0.03,200,109.425,103.6536,115.1964,24,60,105.5,163.1,259,77.765,0.195,21.295,140.685
egg4-math-B,stage4,egg4,Rare,math,B,greedy-egg,2,mushroom|beetle,194,0.3351,0.3041,194,140.1546,129.6842,150.625,2,51.6,137.5,238.1,352,55.9536,1.433,27.9845,114.6753
egg4-math-B,stage4,egg4,Rare,math,B,greedy-egg,3,mushroom|beetle,135,0.437,0.4296,135,98.7704,86.467,111.0737,2,22,83,208.8,320,42.2296,1.837,20.2074,87.6519
egg4-math-B,stage4,egg4,Rare,math,B,greedy-egg,4,brute,77,0.7143,0.6883,77,72.3247,59.1636,85.4858,6,26.8,41,164.8,281,22.3896,1.1558,14.7143,113.7792
egg4-math-B,stage4,egg4,Rare,math,B,greedy-egg,6,mushroom|beetle,11,0.1818,0.1818,11,28.1818,20.6146,35.749,15,18,27,35,63,72.9091,0.4545,5.8182,33.1818
egg4-math-B,stage4,egg4,Rare,math,B,greedy-egg,7,beetle|mushroom,10,0,0,10,27.9,24.6275,31.1725,17,21.5,29.5,33.1,34,80.6,0.4,5.6,24.2
egg4-math-B,stage4,egg4,Rare,math,B,greedy-egg,8,stag,20,1,1,20,42.15,31.9306,52.3694,6,12.3,40,76.2,79,0,0.95,8.75,115.55
egg4-math-B,stage4,egg4,Rare,math,B,greedy-egg,5,beetle|mushroom,8,0.25,0.25,8,25,18.4889,31.5111,16,17.4,22,36.3,44,61.125,0.375,5.125,16.625
egg4-math-B,stage4,egg4,Rare,math,B,greedy,1,mushroom,200,0,0,200,53.025,49.6741,56.3759,17,26,49,84,142,88.475,0.01,10.035,123.175
egg4-math-B,stage4,egg4,Rare,math,B,greedy,2,beetle|mushroom,200,0.015,0.01,200,56.08,52.001,60.159,3,24,49.5,95.1,164,88.825,0.145,11.17,90.055
egg4-math-B,stage4,egg4,Rare,math,B,greedy,3,mushroom|beetle,198,0.0657,0.0556,198,52.2525,47.1305,57.3746,1,16,42.5,97.6,195,85.7828,0.6263,10.601,73.702
egg4-math-B,stage4,egg4,Rare,math,B,greedy,4,brute,187,0.3209,0.3102,187,66.2995,59.6036,72.9953,1,17,57,125,263,52.4759,0.9519,13.5455,176.7059
egg4-math-B,stage4,egg4,Rare,math,B,greedy,8,stag,116,0.9914,0.9914,116,50.6897,42.5514,58.8279,3,12,38,108.5,231,0.9569,1.1724,10.681,227.7931
egg4-math-B,stage4,egg4,Rare,math,B,greedy,6,beetle|mushroom,50,0.14,0.12,50,41.56,27.7767,55.3433,2,10.8,26.5,91.3,303,78.6,0.9,8.94,60.48
egg4-math-B,stage4,egg4,Rare,math,B,greedy,5,beetle|mushroom,48,0.0833,0.0625,48,43.7292,32.1921,55.2662,2,11.4,28,92.7,178,70.5625,0.8958,8.9583,69.6042
egg4-math-B,stage4,egg4,Rare,math,B,greedy,7,beetle|mushroom,47,0.0851,0.0851,47,32.2128,22.7799,41.6456,1,9.2,22,61,145,72.1489,0.6809,6.5957,48
egg4-math-B,stage4,egg4,Rare,math,B,random,1,mushroom,200,0.005,0,200,54.575,51.291,57.859,19,28.9,50.5,88.1,172,83.535,0.07,10.325,133.7
egg4-math-B,stage4,egg4,Rare,math,B,random,2,beetle|mushroom,200,0.085,0.085,200,61.965,57.0026,66.9274,6,26.9,53,109,191,81.755,0.535,12.36,92.9
egg4-math-B,stage4,egg4,Rare,math,B,random,3,mushroom|beetle,183,0.1585,0.153,183,49.0984,43.2739,54.9228,1,11.2,38,101.8,290,71.7104,0.9727,10.0328,78.8197
egg4-math-B,stage4,egg4,Rare,math,B,random,4,brute,155,0.4774,0.4516,155,51.5871,46.3409,56.8333,4,16,44,99.2,162,37.6968,0.8323,10.5419,152.1032
egg4-math-B,stage4,egg4,Rare,math,B,random,8,stag,74,0.9865,0.9865,74,37.527,30.1679,44.8862,9,12,27,70.3,174,1,0.8649,7.8649,180.7568
egg4-math-B,stage4,egg4,Rare,math,B,random,6,mushroom|beetle,27,0.1111,0.1111,27,24.8889,16.9089,32.8689,1,8.2,20,36.4,94,69.4074,0.4815,5.1852,47.9259
egg4-math-B,stage4,egg4,Rare,math,B,random,7,beetle|mushroom,28,0.0714,0.0714,28,31,16.5871,45.4129,1,9.7,18,68.6,202,64.4286,0.9286,6.2143,56.3214
egg4-math-B,stage4,egg4,Rare,math,B,random,5,mushroom|beetle,28,0.25,0.2143,28,27.6071,15.2187,39.9956,1,4.7,18.5,55,164,56.6071,0.5714,5.7857,54
egg4-science-A,stage4,egg4,Rare,science,A,greedy-egg,1,mushroom,200,0.035,0.035,200,47.685,46.1809,49.1891,17,36,47,63.1,81,61.05,0.005,9.075,109.145
egg4-science-A,stage4,egg4,Rare,science,A,greedy-egg,2,mushroom|beetle,193,0.4041,0.3575,193,45.6528,42.3791,48.9266,2,14,47,75,100,37.9119,0.0518,9.1295,84.6218
egg4-science-A,stage4,egg4,Rare,science,A,greedy-egg,3,beetle|mushroom,124,0.5081,0.4516,124,32.7823,29.3786,36.1859,2,6.6,31,59,85,31.871,0.2097,6.7258,63.8387
egg4-science-A,stage4,egg4,Rare,science,A,greedy-egg,4,brute,68,0.8235,0.8088,68,29.1176,23.1047,35.1306,3,6,22,68.3,103,8.8676,0.0882,5.8971,95.4118
egg4-science-A,stage4,egg4,Rare,science,A,greedy-egg,5,mushroom|beetle,6,0.6667,0.6667,6,21.5,6.8349,36.1651,3,5.5,16,43,52,13.8333,0.3333,4.5,50.8333
egg4-science-A,stage4,egg4,Rare,science,A,greedy-egg,6,beetle|mushroom,4,0,0,4,28.25,17.8363,38.6637,21,21.6,24,38.3,44,32,0.25,5.75,56.5
egg4-science-A,stage4,egg4,Rare,science,A,greedy-egg,7,beetle|mushroom,6,0,0,6,34.8333,19.8857,49.781,19,21,29,54.5,70,56.8333,0.1667,7.3333,52.8333
egg4-science-A,stage4,egg4,Rare,science,A,greedy-egg,8,stag,9,1,1,9,16.5556,10.0132,23.098,6,6,20,30.2,31,0,0,3.3333,105.5556
egg4-science-A,stage4,egg4,Rare,science,A,greedy,1,mushroom,200,0.03,0.025,200,44.52,42.1057,46.9343,17,25,42,68,114,62.325,0,8.34,166.21
egg4-science-A,stage4,egg4,Rare,science,A,greedy,2,beetle|mushroom,195,0.4308,0.3538,195,40.9538,37.1712,44.7365,2,6.8,38,79.6,127,47.5795,0.0667,8.1949,130.6513
egg4-science-A,stage4,egg4,Rare,science,A,greedy,3,beetle|mushroom,126,0.2698,0.2302,126,41.6984,36.9198,46.477,2,7.5,37.5,74,135,57.2381,0.3571,8.5794,125.4603
egg4-science-A,stage4,egg4,Rare,science,A,greedy,4,brute,97,0.9175,0.9175,97,22.1959,18.2118,26.1799,1,6,15,46.8,110,4.5773,0.2577,4.5258,140.1649
egg4-science-A,stage4,egg4,Rare,science,A,greedy,8,stag,5,1,1,5,19,7.605,30.395,6,6,20,32.2,35,0,0.4,3.8,145
egg4-science-A,stage4,egg4,Rare,science,A,greedy,6,beetle,2,0.5,0.5,2,42,-28.56,112.56,6,13.2,42,70.8,78,36,0,9.5,103
egg4-science-A,stage4,egg4,Rare,science,A,greedy,7,mushroom|beetle,3,0.6667,0.6667,3,19.3333,-0.6014,39.268,3,5.8,17,33.8,38,16.6667,0,4.6667,81
egg4-science-A,stage4,egg4,Rare,science,A,greedy,5,beetle|mushroom,2,0,0,2,31.5,10.92,52.08,21,23.1,31.5,39.9,42,89,0,7,87
egg4-science-A,stage4,egg4,Rare,science,A,random,1,mushroom,200,0.17,0.16,200,45.61,43.1707,48.0493,19,25,43.5,69.1,117,53.01,0.04,8.58,179.64
egg4-science-A,stage4,egg4,Rare,science,A,random,2,mushroom|beetle,168,0.5595,0.5179,168,36.3095,32.0055,40.6136,2,6,31,76.9,127,34.7024,0.2321,7.2917,123.4345
egg4-science-A,stage4,egg4,Rare,science,A,random,3,beetle|mushroom,81,0.4444,0.4321,81,32.5185,26.3595,38.6775,1,7,27,64,161,35.679,0.5309,6.642,122
egg4-science-A,stage4,egg4,Rare,science,A,random,4,brute,46,0.8696,0.8696,46,17.7609,13.1418,22.3799,2,3,12,38.5,71,9.087,0.087,3.6739,111.6087
egg4-science-A,stage4,egg4,Rare,science,A,random,6,beetle,1,0,0,1,10,10,10,10,10,10,10,10,34,0,2,49
egg4-science-A,stage4,egg4,Rare,science,A,random,8,stag,6,1,1,6,14.5,2.2206,26.7794,3,4.5,10.5,28.5,45,0,0.1667,3.3333,119.8333
egg4-science-A,stage4,egg4,Rare,science,A,random,5,beetle|mushroom,2,0,0,2,46.5,14.16,78.84,30,33.3,46.5,59.7,63,37.5,1,10,144
egg4-science-A,stage4,egg4,Rare,science,A,random,7,mushroom,1,0,0,1,28,28,28,28,28,28,28,28,15,0,5,109
egg4-science-B,stage4,egg4,Rare,science,B,greedy-egg,1,mushroom,200,0.005,0.005,200,109.885,104.0507,115.7193,24,60,107,164,259,95.095,0.195,21.38,218.73
egg4-science-B,stage4,egg4,Rare,science,B,greedy-egg,2,mushroom|beetle,199,0.1759,0.1709,199,147.4623,138.1465,156.7781,6,68,139,237.6,341,80.1206,1.4925,29.4724,240.2864
egg4-science-B,stage4,egg4,Rare,science,B,greedy-egg,3,mushroom|beetle,165,0.3091,0.2848,165,118.103,105.8754,130.3307,3,29,107,236,325,68.097,2.5091,24.1515,215.0364
egg4-science-B,stage4,egg4,Rare,science,B,greedy-egg,4,brute,118,0.8051,0.7881,118,83.1695,71.3056,95.0334,3,14.4,56.5,189.5,283,19.7203,1.7119,16.9661,269.9661
egg4-science-B,stage4,egg4,Rare,science,B,greedy-egg,6,mushroom|beetle,12,0.3333,0.3333,12,50.25,25.8278,74.6722,6,19.8,32,94.3,159,59.3333,1.0833,10.3333,108.4167
egg4-science-B,stage4,egg4,Rare,science,B,greedy-egg,8,stag,18,0.9444,0.9444,18,51.1111,34.1875,68.0348,10,12,39.5,102.3,134,6.1667,1.8889,10.5556,208.1111
egg4-science-B,stage4,egg4,Rare,science,B,greedy-egg,5,mushroom|beetle,9,0,0,9,37.7778,30.7428,44.8127,24,25.6,37,51,59,90.6667,0.5556,7.7778,93.3333
egg4-science-B,stage4,egg4,Rare,science,B,greedy-egg,7,beetle|mushroom,8,0.375,0.375,8,97.125,6.1911,188.0589,3,17.7,38.5,267.2,375,68.375,4.75,20.625,143.5
egg4-science-B,stage4,egg4,Rare,science,B,greedy,1,mushroom,200,0.015,0.01,200,52.985,49.6304,56.3396,17,25.9,49,84,142,76.7,0.01,10.025,192.65
egg4-science-B,stage4,egg4,Rare,science,B,greedy,2,beetle|mushroom,198,0.2525,0.2172,198,49.4545,44.949,53.9601,2,11.1,43,92.3,164,62.4545,0.1313,9.899,158.1818
egg4-science-B,stage4,egg4,Rare,science,B,greedy,3,mushroom|beetle,155,0.2323,0.2129,155,46.3161,40.9247,51.7075,1,8,37,96,158,63.5742,0.5032,9.4129,142.7935
egg4-science-B,stage4,egg4,Rare,science,B,greedy,4,brute,122,0.8115,0.7869,122,37.6721,30.9935,44.3507,1,6,23.5,86.7,171,13.9672,0.3934,7.8197,200.7131
egg4-science-B,stage4,egg4,Rare,science,B,greedy,7,mushroom|beetle,9,0.2222,0.2222,9,29.8889,19.8498,39.9279,14,16.4,25,48.4,62,56.7778,0.7778,6.4444,111.6667
egg4-science-B,stage4,egg4,Rare,science,B,greedy,8,stag,19,1,1,19,21.6316,13.9315,29.3317,6,6,18,35.4,78,0,0.2632,4.8421,163.7368
egg4-science-B,stage4,egg4,Rare,science,B,greedy,6,mushroom|beetle,12,0.1667,0.1667,12,26.5,19.0619,33.9381,6,9.8,26.5,37,50,66.3333,0.1667,5.25,79.25
egg4-science-B,stage4,egg4,Rare,science,B,greedy,5,beetle|mushroom,9,0.3333,0.3333,9,29.7778,21.5865,37.9691,6,15.6,32,42.6,45,52.8889,0.4444,6,92.4444
egg4-science-B,stage4,egg4,Rare,science,B,random,1,mushroom,200,0.1,0.1,200,53.54,50.1859,56.8941,19,27,49,88.1,172,63.515,0.07,10.125,204.845
egg4-science-B,stage4,egg4,Rare,science,B,random,2,beetle|mushroom,180,0.4389,0.4222,180,49.8556,44.3038,55.4073,2,6,42,100.2,163,44.3222,0.4111,9.9944,157.6222
egg4-science-B,stage4,egg4,Rare,science,B,random,3,mushroom|beetle,104,0.4038,0.3654,104,42.5288,36.2843,48.7734,1,6.6,34.5,86,152,46.4231,0.8077,8.75,143.3558
egg4-science-B,stage4,egg4,Rare,science,B,random,4,brute,66,0.8939,0.8939,66,22.9394,17.6132,28.2656,3,6,15,49.5,117,6.5,0.2727,4.7879,143.0606
egg4-science-B,stage4,egg4,Rare,science,B,random,6,beetle|mushroom,4,0.25,0,4,29.75,18.7386,40.7614,15,18.6,32.5,38.7,39,70,0.5,6.25,113.5
egg4-science-B,stage4,egg4,Rare,science,B,random,8,stag,4,1,1,4,35.75,11.8335,59.6665,9,14.4,33.5,58.9,67,0,0,7.5,180.5
egg4-science-B,stage4,egg4,Rare,science,B,random,5,beetle|mushroom,2,0.5,0.5,2,19,-12.36,50.36,3,6.2,19,31.8,35,13,0.5,4,78.5
egg4-science-B,stage4,egg4,Rare,science,B,random,7,mushroom,2,1,1,2,6,6,6,6,6,6,6,6,0,0,1,36
egg5-balanced-A,stage4,egg5,Epic,balanced,A,greedy-egg,1,mushroom,200,0.02,0.015,200,14.015,13.7508,14.2792,10,12,14,17,21,27.935,0,3.04,87.09
egg5-balanced-A,stage4,egg5,Epic,balanced,A,greedy-egg,2,mushroom|beetle,197,1,0.9543,197,6.4213,5.9993,6.8433,2,3,6,10,15,0.665,0,1.4416,42.736
egg5-balanced-A,stage4,egg5,Epic,balanced,A,greedy-egg,3,beetle|mushroom,9,1,1,9,4.3333,3.0267,5.64,2,2,6,6,6,0,0,0.8889,26.7778
egg5-balanced-A,stage4,egg5,Epic,balanced,A,greedy,1,mushroom,200,0,0,200,16.51,16.1408,16.8792,12,13,17,20,26,35.13,0,3.43,94.965
egg5-balanced-A,stage4,egg5,Epic,balanced,A,greedy,2,mushroom|beetle,200,0.95,0.89,200,9.17,8.3693,9.9707,2,4,8,16,31,2.71,0,2.075,54.525
egg5-balanced-A,stage4,egg5,Epic,balanced,A,greedy,3,beetle|mushroom,22,0.7727,0.7727,22,7,4.5027,9.4973,2,2,5,15,22,10.1818,0,1.5909,40.9091
egg5-balanced-A,stage4,egg5,Epic,balanced,A,greedy,4,brute,5,1,1,5,7.8,4.8018,10.7982,3,4.2,9,10.8,12,0,0,2,80.6
egg5-balanced-A,stage4,egg5,Epic,balanced,A,random,1,mushroom,200,0.065,0.05,200,17.06,16.6758,17.4442,12,14,17,21,25,27.62,0,3.51,102.545
egg5-balanced-A,stage4,egg5,Epic,balanced,A,random,2,mushroom|beetle,190,0.9842,0.9632,190,7.5895,6.8929,8.2861,2,3,6,14.1,27,0.8789,0,1.6684,47.5316
egg5-balanced-A,stage4,egg5,Epic,balanced,A,random,3,beetle|mushroom,7,1,1,7,6.4286,2.2629,10.5942,2,2.6,4,12.6,18,0,0,1.4286,41.4286
egg5-balanced-B,stage4,egg5,Epic,balanced,B,greedy-egg,1,mushroom,200,0,0,200,11.165,10.7813,11.5487,8,8,10.5,14,25,59.015,0,2.285,62.56
egg5-balanced-B,stage4,egg5,Epic,balanced,B,greedy-egg,2,mushroom|beetle,200,0.285,0.255,200,10.845,10.388,11.302,4,8,10,15,21,16.035,0,2.39,56.975
egg5-balanced-B,stage4,egg5,Epic,balanced,B,greedy-egg,3,mushroom|beetle,149,0.9262,0.8054,149,5.7651,5.2383,6.2919,2,2,6,10,16,3.9329,0,1.094,34.047
egg5-balanced-B,stage4,egg5,Epic,balanced,B,greedy-egg,4,brute,29,1,1,29,4.6552,3.9063,5.4041,3,3,3,6,12,0,0,0.8276,41.2069
egg5-balanced-B,stage4,egg5,Epic,balanced,B,greedy,1,mushroom,200,0,0,200,14.73,14.1786,15.2814,8,9,14,20,25,65.64,0,2.875,76.225
egg5-balanced-B,stage4,egg5,Epic,balanced,B,greedy,2,mushroom|beetle,200,0.285,0.255,200,14.815,13.9994,15.6306,5,9,14,23,35,30.735,0,3.065,71.055
egg5-balanced-B,stage4,egg5,Epic,balanced,B,greedy,3,beetle|mushroom,149,0.6107,0.5503,149,10.6443,9.5652,11.7234,2,3,10,18,38,21.5973,0,2.1342,52.1141
egg5-balanced-B,stage4,egg5,Epic,balanced,B,greedy,4,brute,67,0.8955,0.8806,67,10.6567,8.9028,12.4107,3,3,9,21.4,39,5.9701,0,2.1493,85.8806
egg5-balanced-B,stage4,egg5,Epic,balanced,B,greedy,6,mushroom,3,0,0,3,12.6667,7.9554,17.3779,8,9.2,14,15.6,16,65.6667,0,2.6667,63.3333
egg5-balanced-B,stage4,egg5,Epic,balanced,B,greedy,8,stag,7,1,1,7,14.5714,7.9751,21.1678,3,4.8,12,25.2,27,0,0,3.2857,138.1429
egg5-balanced-B,stage4,egg5,Epic,balanced,B,greedy,5,mushroom|beetle,4,0.25,0.25,4,13,5.0384,20.9616,3,5.1,14,20.1,21,48.5,0,3,48.5
egg5-balanced-B,stage4,egg5,Epic,balanced,B,greedy,7,mushroom|beetle,4,0,0,4,16.5,11.6,21.4,11,12.2,16,21.2,23,83.75,0,3.5,56.75
egg5-balanced-B,stage4,egg5,Epic,balanced,B,random,1,mushroom,200,0,0,200,14.455,13.9613,14.9487,8,9,14,20,25,58.805,0,2.805,77.845
egg5-balanced-B,stage4,egg5,Epic,balanced,B,random,2,mushroom|beetle,200,0.415,0.365,200,14.275,13.4207,15.1293,3,8,14,23,35,23.735,0,2.915,71.115
egg5-balanced-B,stage4,egg5,Epic,balanced,B,random,3,mushroom|beetle,127,0.6693,0.5906,127,10.0315,8.882,11.181,2,3,9,18,34,21.1811,0.0079,1.9528,51.7795
egg5-balanced-B,stage4,egg5,Epic,balanced,B,random,4,brute,52,0.9038,0.8654,52,12.5385,10.1131,14.9639,3,3,9,24,43,5.5577,0.0769,2.4808,102.8077
egg5-balanced-B,stage4,egg5,Epic,balanced,B,random,5,beetle|mushroom,5,0.8,0.6,5,12.6,5.1986,20.0014,3,3.4,17,19.8,21,21,0,2.8,67
egg5-balanced-B,stage4,egg5,Epic,balanced,B,random,8,stag,2,1,1,2,25.5,10.8,40.2,18,19.5,25.5,31.5,33,0,0,5,270.5
egg5-balanced-B,stage4,egg5,Epic,balanced,B,random,6,mushroom|beetle,3,0.3333,0.3333,3,18.6667,-1.4598,38.7932,6,7,11,33.4,39,36,0.6667,3.6667,94
egg5-balanced-B,stage4,egg5,Epic,balanced,B,random,7,mushroom,1,1,1,1,6,6,6,6,6,6,6,6,0,0,2,42
egg5-control,control_stage1-3,egg5,Epic,balanced,A,greedy-egg,1,mushroom,200,0.65,0.585,200,18.97,18.4677,19.4723,13,16,18,23,42,8.125,0,0,118.27
egg5-control,control_stage1-3,egg5,Epic,balanced,A,greedy-egg,2,beetle|mushroom,83,1,0.988,83,5.9759,5.0889,6.8629,2,2,4,12,18,0.1325,0,0,35.9759
egg5-control,control_stage1-3,egg5,Epic,balanced,A,greedy-egg,3,beetle,1,1,1,1,3,3,3,3,3,3,3,3,0,0,0,16
egg5-control,control_stage1-3,egg5,Epic,balanced,A,greedy,1,mushroom,200,0.34,0.315,200,27.75,26.345,29.155,14,18,25,41.1,67,23.81,0,0,148.405
egg5-control,control_stage1-3,egg5,Epic,balanced,A,greedy,2,mushroom|beetle,137,0.8686,0.8102,137,14.7664,12.272,17.2609,2,3,9,36.2,68,10.5985,0,0,73.8978
egg5-control,control_stage1-3,egg5,Epic,balanced,A,greedy,3,beetle|mushroom,26,0.7308,0.6923,26,16.8846,12.5367,21.2326,3,6,13,31.5,45,10.9231,0.0385,0,83.8846
egg5-control,control_stage1-3,egg5,Epic,balanced,A,greedy,4,brute,8,1,1,8,12.375,4.4832,20.2668,3,3,7.5,25.5,36,0,0,0,95.125
egg5-control,control_stage1-3,egg5,Epic,balanced,A,random,1,mushroom,200,0.605,0.575,200,27.38,26.1144,28.6456,14,18,25,39.1,61,15.79,0,0,154.195
egg5-control,control_stage1-3,egg5,Epic,balanced,A,random,2,beetle|mushroom,85,0.9059,0.8941,85,13.8118,10.9913,16.6322,2,3,10,32.4,62,7.1294,0,0,74.5647
egg5-control,control_stage1-3,egg5,Epic,balanced,A,random,3,beetle|mushroom,9,0.5556,0.5556,9,17.2222,5.3638,29.0806,3,3,15,33,61,23,0.1111,0,85.4444
egg5-control,control_stage1-3,egg5,Epic,balanced,A,random,4,brute,4,1,1,4,11.25,2.8055,19.6945,6,6,7.5,19.5,24,0,0,0,111.25
egg5-math-A,stage4,egg5,Epic,math,A,greedy-egg,1,mushroom,200,0,0,200,12.875,12.5282,13.2218,8,10,13,16,25,49.02,0,2.525,74.17
egg5-math-A,stage4,egg5,Epic,math,A,greedy-egg,2,mushroom|beetle,200,0.75,0.615,200,11.06,10.4063,11.7137,4,6,10,18,30,8.03,0,2.515,62.635
egg5-math-A,stage4,egg5,Epic,math,A,greedy-egg,3,mushroom|beetle,77,0.9221,0.8831,77,5.7662,4.9058,6.6267,2,2.6,4,10.4,21,1.7922,0,1.3247,33.9351
egg5-math-A,stage4,egg5,Epic,math,A,greedy-egg,4,brute,9,1,1,9,3.6667,2.8024,4.5309,3,3,3,6,6,0,0,1,30.6667
egg5-math-A,stage4,egg5,Epic,math,A,greedy,1,mushroom,200,0,0,200,16.91,16.3596,17.4604,8,12,17,22,30,59.265,0,3.235,89.525
egg5-math-A,stage4,egg5,Epic,math,A,greedy,2,beetle|mushroom,200,0.455,0.39,200,16.145,15.066,17.224,4,8,14,28,44,26.425,0,3.42,78.725
egg5-math-A,stage4,egg5,Epic,math,A,greedy,3,mushroom|beetle,122,0.5328,0.5082,122,12.1639,10.7748,13.553,2,3,11,23.9,36,27.2459,0.0082,2.4344,61.5082
egg5-math-A,stage4,egg5,Epic,math,A,greedy,4,brute,60,0.8833,0.8833,60,13.2667,10.8689,15.6644,3,3,9,27.3,33,4.5167,0,2.8333,108.6667
egg5-math-A,stage4,egg5,Epic,math,A,greedy,6,beetle|mushroom,5,0.4,0.4,5,15,4.0345,25.9655,4,4.8,9,29,33,31.8,0.2,3.4,64.8
egg5-math-A,stage4,egg5,Epic,math,A,greedy,8,stag,5,1,1,5,17.4,6.3368,28.4632,6,8.4,15,29.4,39,0,0,4.2,196.4
egg5-math-A,stage4,egg5,Epic,math,A,greedy,5,mushroom,2,0.5,0,2,19.5,12.64,26.36,16,16.7,19.5,22.3,23,63.5,0.5,3.5,105
egg5-math-A,stage4,egg5,Epic,math,A,greedy,7,beetle,2,0,0,2,18,18,18,18,18,18,18,18,92,0,3,69
egg5-math-A,stage4,egg5,Epic,math,A,random,1,mushroom,200,0.01,0.01,200,17.23,16.7035,17.7565,9,13,17,22,30,50.975,0,3.325,94.54
egg5-math-A,stage4,egg5,Epic,math,A,random,2,beetle|mushroom,198,0.6768,0.6061,198,14.5051,13.4273,15.5828,3,6,12,24.3,39,17.5556,0,3.0051,76.0152
egg5-math-A,stage4,egg5,Epic,math,A,random,3,mushroom|beetle,78,0.6282,0.5897,78,11.6154,9.935,13.2957,2,3,9,22.3,30,23.8462,0,2.4487,56.6538
egg5-math-A,stage4,egg5,Epic,math,A,random,4,brute,32,0.875,0.875,32,13.4063,10.4298,16.3827,3,3.3,12,24,41,7.6875,0.0313,2.8438,112
egg5-math-A,stage4,egg5,Epic,math,A,random,5,beetle|mushroom,3,0.6667,0.6667,3,14.6667,9.564,19.7694,10,11,15,18.2,19,30,0.3333,3,95
egg5-math-A,stage4,egg5,Epic,math,A,random,7,beetle,2,0,0,2,16,-3.6,35.6,6,8,16,24,26,38,0.5,4,73.5
egg5-math-A,stage4,egg5,Epic,math,A,random,8,stag,2,1,1,2,13.5,10.56,16.44,12,12.3,13.5,14.7,15,0,0,2.5,165
egg5-math-A,stage4,egg5,Epic,math,A,random,6,mushroom,1,0,0,1,16,16,16,16,16,16,16,16,32,0,3,91
egg5-math-B,stage4,egg5,Epic,math,B,greedy-egg,1,mushroom,200,0,0,200,21.96,21.3998,22.5202,13,17,21,27,43,71.535,0,4.595,61.67
egg5-math-B,stage4,egg5,Epic,math,B,greedy-egg,2,beetle|mushroom,200,0.025,0.02,200,24.785,23.8408,25.7292,10,16,24,34.1,49,58.185,0,5.865,38.53
egg5-math-B,stage4,egg5,Epic,math,B,greedy-egg,3,beetle|mushroom,196,0.1122,0.102,196,18.6531,17.43,19.8761,2,7,18,30,40,51.9337,0.0102,4.4388,29.7959
egg5-math-B,stage4,egg5,Epic,math,B,greedy-egg,4,brute,176,0.517,0.4489,176,21.6023,19.9695,23.235,3,6,21,37.5,46,26.7727,0.0284,5.2102,64.4205
egg5-math-B,stage4,egg5,Epic,math,B,greedy-egg,5,mushroom|beetle,32,0.25,0.25,32,17.625,14.8858,20.3642,2,8.1,17.5,26,34,31.2813,0.0313,4.4063,30.6563
egg5-math-B,stage4,egg5,Epic,math,B,greedy-egg,6,mushroom|beetle,30,0.1333,0.1333,30,15.5667,11.4353,19.698,2,2.9,14,33.1,47,51.4333,0.0667,3.8667,23.1333
egg5-math-B,stage4,egg5,Epic,math,B,greedy-egg,7,beetle|mushroom,38,0.0789,0.0789,38,16.2105,13.1544,19.2666,2,4,15,28.6,41,59.9737,0.0526,3.9474,27.8947
egg5-math-B,stage4,egg5,Epic,math,B,greedy-egg,8,stag,82,0.9756,0.9756,82,22.3537,18.7287,25.9786,3,6,18,44.7,87,1.5122,0.2195,5.7927,98.3171
egg5-math-B,stage4,egg5,Epic,math,B,greedy,1,mushroom,200,0,0,200,31.13,29.7295,32.5305,16,20,29,43.3,71,77.47,0,6.095,94.03
egg5-math-B,stage4,egg5,Epic,math,B,greedy,2,beetle|mushroom,200,0.055,0.045,200,34.57,32.5905,36.5495,6,19,32,54,89,79.24,0,7.525,62.99
egg5-math-B,stage4,egg5,Epic,math,B,greedy,3,mushroom|beetle,191,0.0733,0.0524,191,28.7016,26.5156,30.8875,1,10,27,51,77,79.4503,0.0576,6.2408,52.1204
egg5-math-B,stage4,egg5,Epic,math,B,greedy,4,brute,181,0.1713,0.1657,181,38.8619,36.005,41.7187,6,12,37,63,128,57.5249,0.1878,8.5912,124
egg5-math-B,stage4,egg5,Epic,math,B,greedy,5,beetle|mushroom,66,0.1515,0.1212,66,24.3788,20.6413,28.1163,4,7,21,48,77,72.9091,0.2576,5.5,44.1515
egg5-math-B,stage4,egg5,Epic,math,B,greedy,6,mushroom|beetle,54,0.037,0.037,54,26.3704,22.2188,30.522,3,6.3,23,48,67,73.7778,0.3333,5.8704,49.6296
egg5-math-B,stage4,egg5,Epic,math,B,greedy,7,beetle|mushroom,55,0.0364,0.0364,55,25.1636,20.0607,30.2665,1,6,21,47.6,88,76.6727,0.2727,5.6727,44.5455
egg5-math-B,stage4,egg5,Epic,math,B,greedy,8,stag,139,0.9712,0.9712,139,42.0576,36.1371,47.978,3,11.6,30,81.6,195,1.4532,0.7842,9.5755,208.8921
egg5-math-B,stage4,egg5,Epic,math,B,random,1,mushroom,200,0.005,0.005,200,32.97,31.7596,34.1804,16,23,32,44,63,76.44,0,6.5,101.045
egg5-math-B,stage4,egg5,Epic,math,B,random,2,beetle|mushroom,199,0.0704,0.0553,199,35.0905,33.0696,37.1113,2,18.8,33,54,79,78.4221,0.0503,7.4975,66.5879
egg5-math-B,stage4,egg5,Epic,math,B,random,3,mushroom|beetle,188,0.0745,0.0745,188,29.6383,26.855,32.4216,2,11.7,25.5,50,115,73.9894,0.3085,6.5,55.2447
egg5-math-B,stage4,egg5,Epic,math,B,random,4,brute,174,0.4253,0.3678,174,37.7759,34.2382,41.3135,3,12,35,66.7,135,44.8966,0.5287,8.1954,139.1437
egg5-math-B,stage4,egg5,Epic,math,B,random,5,beetle|mushroom,49,0.1224,0.102,49,28.3673,23.2318,33.5029,5,11.8,23,60.6,87,67.2245,0.449,6.102,56.5714
egg5-math-B,stage4,egg5,Epic,math,B,random,7,mushroom|beetle,43,0.093,0.0698,43,23.4186,19.2467,27.5906,4,10,20,40.8,70,72.2791,0.4186,5.1395,58.3953
egg5-math-B,stage4,egg5,Epic,math,B,random,8,stag,96,1,1,96,34.1354,28.4525,39.8184,6,11.5,25,72,161,0,0.7813,7.6146,181.0833
egg5-math-B,stage4,egg5,Epic,math,B,random,6,beetle|mushroom,36,0.1944,0.1667,36,30.9444,23.8849,38.004,9,13.5,24,60.5,119,72.4167,0.6111,6.8889,62.9722
egg5-science-A,stage4,egg5,Epic,science,A,greedy-egg,1,mushroom,200,0,0,200,11.955,11.7356,12.1744,9,10,12,14.1,17,54.72,0,2.125,67.48
egg5-science-A,stage4,egg5,Epic,science,A,greedy-egg,2,mushroom|beetle,200,0.625,0.535,200,11.19,10.7724,11.6076,6,8,11,15,18,8.695,0,2.67,63.555
egg5-science-A,stage4,egg5,Epic,science,A,greedy-egg,3,mushroom|beetle,93,0.9462,0.8817,93,5.2473,4.4632,6.0314,2,2,3,12,18,2.172,0,1.3656,31.3441
egg5-science-A,stage4,egg5,Epic,science,A,greedy-egg,4,brute,11,1,1,11,4.3636,3.1447,5.5826,3,3,3,6,9,0,0,1.0909,39.8182
egg5-science-A,stage4,egg5,Epic,science,A,greedy,1,mushroom,200,0,0,200,13.955,13.654,14.256,10,11,14,17,18,65.29,0,2.455,72.995
egg5-science-A,stage4,egg5,Epic,science,A,greedy,2,mushroom|beetle,200,0.23,0.215,200,14.325,13.7001,14.9499,6,9,14,20,28,34.945,0,3.02,71.72
egg5-science-A,stage4,egg5,Epic,science,A,greedy,3,beetle|mushroom,157,0.4968,0.4904,157,11.1146,10.1825,12.0468,2,4,11,19,27,26.2484,0,2.3885,52.9427
egg5-science-A,stage4,egg5,Epic,science,A,greedy,4,brute,80,0.775,0.7375,80,13.1,11.229,14.971,3,3,12,26,31,17.5375,0.0125,2.8875,103.425
egg5-science-A,stage4,egg5,Epic,science,A,greedy,6,beetle|mushroom,6,0.3333,0.1667,6,17.3333,12.9898,21.6769,10,12.5,16.5,23,26,61.1667,0,3.6667,93
egg5-science-A,stage4,egg5,Epic,science,A,greedy,7,beetle|mushroom,9,0.1111,0.1111,9,14.5556,11.5242,17.5869,8,9.6,16,19.4,21,57,0.1111,3.3333,62.1111
egg5-science-A,stage4,egg5,Epic,science,A,greedy,8,stag,17,1,1,17,28.6471,17.8344,39.4597,3,4.8,23,49.2,87,0,0.7059,6.4706,284.1176
egg5-science-A,stage4,egg5,Epic,science,A,greedy,5,beetle|mushroom,9,0.2222,0.2222,9,16.3333,13.0995,19.5672,6,12.4,15,21.2,22,40.4444,0,3.4444,73.5556
egg5-science-A,stage4,egg5,Epic,science,A,random,1,mushroom,200,0,0,200,14.3,14.0214,14.5786,9,12,14,17,18,58.55,0,2.525,77.625
egg5-science-A,stage4,egg5,Epic,science,A,random,2,beetle|mushroom,200,0.455,0.415,200,13.94,13.1517,14.7283,4,6,13,22,28,23.62,0,2.96,70.8
egg5-science-A,stage4,egg5,Epic,science,A,random,3,mushroom|beetle,117,0.6496,0.5897,117,10.7863,9.7215,11.8511,2,4,11,19,23,17.9829,0,2.359,58.0684
egg5-science-A,stage4,egg5,Epic,science,A,random,4,brute,48,0.9375,0.8958,48,10.7083,8.5777,12.839,3,3,9,22.6,28,5.25,0.0208,2.2917,92.1458
egg5-science-A,stage4,egg5,Epic,science,A,random,6,beetle|mushroom,4,0.25,0.25,4,17,14.4697,19.5303,14,14.6,17,19.4,20,50.75,0,3.5,91.75
egg5-science-A,stage4,egg5,Epic,science,A,random,8,stag,3,1,1,3,30,9.3501,50.6499,18,18.6,21,45,51,0,0.3333,6.6667,306
egg5-science-A,stage4,egg5,Epic,science,A,random,7,mushroom,2,0.5,0.5,2,6,-1.84,13.84,2,2.8,6,9.2,10,22,0,1.5,36
egg5-science-B,stage4,egg5,Epic,science,B,greedy-egg,1,mushroom,200,0,0,200,14.415,14.0771,14.7529,11,12,14,18,26,53.725,0,3.01,70.655
egg5-science-B,stage4,egg5,Epic,science,B,greedy-egg,2,mushroom|beetle,200,0.475,0.39,200,14.585,13.8352,15.3348,4,8,13.5,22,29,16.435,0,3.22,61.015
egg5-science-B,stage4,egg5,Epic,science,B,greedy-egg,3,mushroom|beetle,122,0.7869,0.7131,122,9.2377,8.1493,10.3261,2,3,8,17.9,24,6.7131,0,2.0082,37.8197
egg5-science-B,stage4,egg5,Epic,science,B,greedy-egg,4,brute,35,1,1,35,7.2857,5.7182,8.8532,3,3,6,15,18,0,0,1.6857,46.9429
egg5-science-B,stage4,egg5,Epic,science,B,greedy,1,mushroom,200,0,0,200,18.04,17.495,18.585,11,13,18,24,30,66.545,0,3.525,82.145
egg5-science-B,stage4,egg5,Epic,science,B,greedy,2,mushroom|beetle,200,0.195,0.17,200,19.885,18.8384,20.9316,6,12,18,31,46,45.74,0,4.225,72.74
egg5-science-B,stage4,egg5,Epic,science,B,greedy,3,beetle|mushroom,166,0.3373,0.3193,166,16.1747,14.8315,17.5179,2,4,16,28,39,43.8735,0.0181,3.3614,59.4759
egg5-science-B,stage4,egg5,Epic,science,B,greedy,4,brute,113,0.6372,0.6018,113,20.4956,18.1461,22.8451,3,3.6,19,36,55,22.7168,0.0442,4.3894,111.2124
egg5-science-B,stage4,egg5,Epic,science,B,greedy,5,beetle|mushroom,16,0.0625,0.0625,16,21.75,16.0764,27.4236,2,4,23,36,37,57.9375,0.3125,4.4375,74.375
egg5-science-B,stage4,egg5,Epic,science,B,greedy,6,mushroom|beetle,23,0.2609,0.2609,23,20.087,15.4814,24.6925,3,4.2,22,32,35,56.4783,0.2174,4.3913,69.1739
egg5-science-B,stage4,egg5,Epic,science,B,greedy,7,mushroom|beetle,15,0.0667,0.0667,15,17.4,14.0716,20.7284,2,10,18,24.2,27,72.1333,0.0667,3.5333,71
egg5-science-B,stage4,egg5,Epic,science,B,greedy,8,stag,37,1,1,37,29.8378,21.1387,38.537,3,10.8,21,68.4,117,0,0.4324,6.5946,211.0541
egg5-science-B,stage4,egg5,Epic,science,B,random,1,mushroom,200,0,0,200,18.39,17.9228,18.8572,12,14,18.5,23.1,30,59.47,0,3.605,87.015
egg5-science-B,stage4,egg5,Epic,science,B,random,2,mushroom|beetle,200,0.35,0.32,200,19.585,18.483,20.687,3,9,19,30.1,39,35.695,0.005,4.055,75.17
egg5-science-B,stage4,egg5,Epic,science,B,random,3,mushroom|beetle,136,0.4485,0.3971,136,15.4926,13.8452,17.1401,2,4,15,29,45,39.1691,0.0368,3.1618,57
egg5-science-B,stage4,egg5,Epic,science,B,random,4,brute,82,0.6341,0.5976,82,20.5488,17.8255,23.272,3,6,18,36.9,52,25.878,0.1098,4.4268,114.939
egg5-science-B,stage4,egg5,Epic,science,B,random,5,mushroom|beetle,13,0.2308,0.2308,13,22.5385,16.8474,28.2295,4,7.6,24,34,35,52.5385,0.3846,4.7692,82.4615
egg5-science-B,stage4,egg5,Epic,science,B,random,8,stag,24,1,1,24,25.4583,18.2927,32.624,3,6,24,40.2,78,0,0.5,5.4583,185.0833
egg5-science-B,stage4,egg5,Epic,science,B,random,6,beetle|mushroom,11,0.3636,0.3636,11,17.4545,11.8397,23.0694,3,8,18,25,37,53.3636,0.0909,3.6364,71.3636
egg5-science-B,stage4,egg5,Epic,science,B,random,7,beetle|mushroom,10,0.2,0.2,10,22,15.713,28.287,12,15.6,18,33.4,46,52.7,0.4,4.7,82.8
egg6-balanced-A,stage4,egg6,Epic,balanced,A,greedy-egg,1,mushroom,200,0,0,200,23.725,23.1347,24.3153,15,18,24,29,42,103.285,0,4.32,56.37
egg6-balanced-A,stage4,egg6,Epic,balanced,A,greedy-egg,2,beetle|mushroom,200,0,0,200,25.15,24.1977,26.1023,10,16,24,36,45,104.175,0,5.01,41.11
egg6-balanced-A,stage4,egg6,Epic,balanced,A,greedy-egg,3,beetle|mushroom,200,0,0,200,22.84,21.6909,23.9891,6,14,21,36,47,103.395,0.04,4.635,33.105
egg6-balanced-A,stage4,egg6,Epic,balanced,A,greedy-egg,4,brute,200,0.005,0,200,29.115,27.8811,30.3489,9,18,27,39,57,94.035,0.08,5.91,86.935
egg6-balanced-A,stage4,egg6,Epic,balanced,A,greedy-egg,5,mushroom|beetle,82,0,0,82,20.1829,18.1267,22.2392,4,8,19.5,35.8,42,99.5366,0.1098,4.1463,30.061
egg6-balanced-A,stage4,egg6,Epic,balanced,A,greedy-egg,6,mushroom|beetle,83,0.012,0.012,83,18,15.7287,20.2713,2,6,18,33,47,99.8554,0.1205,3.7229,31.4096
egg6-balanced-A,stage4,egg6,Epic,balanced,A,greedy-egg,7,mushroom|beetle,76,0,0,76,16.9211,15.2941,18.548,2,8,16,26,39,100.0132,0.1316,3.5921,29.4737
egg6-balanced-A,stage4,egg6,Epic,balanced,A,greedy-egg,8,stag,199,0.603,0.593,199,64.3819,59.9731,68.7907,14,27,60,108,183,34.598,1.1859,13.593,259.1357
egg6-balanced-A,stage4,egg6,Epic,balanced,A,greedy,1,mushroom,200,0,0,200,31.99,30.3294,33.6506,15,20,30,49.1,74,97.685,0,5.845,106.185
egg6-balanced-A,stage4,egg6,Epic,balanced,A,greedy,2,mushroom|beetle,200,0,0,200,34.655,32.6909,36.6191,9,19,30.5,54.1,82,101.095,0.005,6.885,79.1
egg6-balanced-A,stage4,egg6,Epic,balanced,A,greedy,3,mushroom|beetle,200,0,0,200,28.115,26.2688,29.9612,2,12,27,45,78,100.245,0.085,5.745,64.035
egg6-balanced-A,stage4,egg6,Epic,balanced,A,greedy,4,brute,200,0.055,0.05,200,39.125,36.7833,41.4667,5,18.9,37,60.3,99,82.12,0.25,7.98,166.36
egg6-balanced-A,stage4,egg6,Epic,balanced,A,greedy,5,beetle|mushroom,75,0.0133,0.0133,75,30.3333,26.3149,34.3517,2,11.4,27,53.6,80,95.56,0.2533,6.3067,71.72
egg6-balanced-A,stage4,egg6,Epic,balanced,A,greedy,6,mushroom|beetle,84,0,0,84,24.4762,20.6631,28.2892,2,8.6,21.5,38.7,134,94.6548,0.3214,5.1071,66.0952
egg6-balanced-A,stage4,egg6,Epic,balanced,A,greedy,8,stag,189,0.9153,0.9048,189,54.8519,49.5692,60.1345,9,18,45,108.6,189,7.6667,1.0847,11.5079,342.3598
egg6-balanced-A,stage4,egg6,Epic,balanced,A,greedy,7,mushroom|beetle,68,0,0,68,24.25,21.0305,27.4695,4,10,21,39.9,73,97.7206,0.3088,5.1176,56.1912
egg6-balanced-A,stage4,egg6,Epic,balanced,A,random,1,mushroom,200,0,0,200,33.485,32.2307,34.7393,18,22,32,46,65,98.545,0,6.19,116.835
egg6-balanced-A,stage4,egg6,Epic,balanced,A,random,2,mushroom|beetle,200,0,0,200,35.075,33.3032,36.8468,12,20,33.5,52,80,99.065,0.07,6.95,89.32
egg6-balanced-A,stage4,egg6,Epic,balanced,A,random,3,beetle|mushroom,200,0.005,0.005,200,29.905,27.8007,32.0093,2,13.9,27,51,93,97.28,0.185,6.16,78.16
egg6-balanced-A,stage4,egg6,Epic,balanced,A,random,4,brute,199,0.1357,0.1256,199,40.593,38.0577,43.1282,6,21,36,62.2,148,70.9497,0.4372,8.3266,192.9899
egg6-balanced-A,stage4,egg6,Epic,balanced,A,random,6,beetle|mushroom,64,0.0469,0.0469,64,27.5938,23.5322,31.6553,1,8.6,24,44.7,78,86.0625,0.4219,5.8125,75.625
egg6-balanced-A,stage4,egg6,Epic,balanced,A,random,8,stag,168,0.9583,0.9524,168,43.0774,37.855,48.2997,3,15,33,80.7,249,3.9107,0.9464,9.1429,298.3214
egg6-balanced-A,stage4,egg6,Epic,balanced,A,random,5,beetle|mushroom,68,0.0588,0.0441,68,28,24.4122,31.5878,2,11.4,24,48,77,82.6029,0.4412,5.8235,87.0588
egg6-balanced-A,stage4,egg6,Epic,balanced,A,random,7,mushroom|beetle,72,0,0,72,26.8472,23.1905,30.5039,2,12,22.5,51,71,92.2639,0.4306,5.625,82.75
egg6-balanced-B,stage4,egg6,Epic,balanced,B,greedy-egg,1,mushroom,200,0,0,200,24.47,23.7384,25.2016,16,18.9,24,30,49,77.645,0,4.465,56.18
egg6-balanced-B,stage4,egg6,Epic,balanced,B,greedy-egg,2,mushroom|beetle,200,0.01,0.01,200,20.69,19.4303,21.9497,2,8,20,33,48,70.22,0.005,4.125,29.185
egg6-balanced-B,stage4,egg6,Epic,balanced,B,greedy-egg,3,mushroom|beetle,198,0.0505,0.0505,198,16.0505,14.7496,17.3514,2,4,15,30,48,65.7424,0.0707,3.2576,21.2677
egg6-balanced-B,stage4,egg6,Epic,balanced,B,greedy-egg,4,brute,188,0.1596,0.133,188,21.2553,19.4891,23.0215,3,6,18,36,63,48.75,0.1809,4.2979,43.766
egg6-balanced-B,stage4,egg6,Epic,balanced,B,greedy-egg,5,beetle|mushroom,64,0.0938,0.0625,64,14.3125,12.054,16.571,2,3.3,12,25.4,39,46.0313,0.1094,2.8594,19.8125
egg6-balanced-B,stage4,egg6,Epic,balanced,B,greedy-egg,6,beetle|mushroom,62,0.0806,0.0806,62,14.5806,12.2168,16.9445,2,4,12,27.9,36,55.4839,0.1129,2.9194,13.9516
egg6-balanced-B,stage4,egg6,Epic,balanced,B,greedy-egg,7,beetle|mushroom,68,0.1176,0.1176,68,11.8529,10.0297,13.6762,2,3,12,20.3,39,59.2941,0.1029,2.4118,16.2647
egg6-balanced-B,stage4,egg6,Epic,balanced,B,greedy-egg,8,stag,146,0.8151,0.8082,146,34.8014,31.362,38.2408,3,6,33,63,90,8.2671,0.6575,7.1233,98.5822
egg6-balanced-B,stage4,egg6,Epic,balanced,B,greedy,1,mushroom,200,0,0,200,29.65,28.3714,30.9286,11,20,28,41.1,68,81.065,0.005,5.44,77.875
egg6-balanced-B,stage4,egg6,Epic,balanced,B,greedy,2,mushroom|beetle,200,0.02,0.02,200,29.445,27.3542,31.5358,2,10,28,49.1,78,77.51,0.08,5.905,48.135
egg6-balanced-B,stage4,egg6,Epic,balanced,B,greedy,3,beetle|mushroom,196,0.0204,0.0204,196,21.0459,19.0703,23.0215,2,6,18,39,96,74.2041,0.148,4.25,34.0051
egg6-balanced-B,stage4,egg6,Epic,balanced,B,greedy,4,brute,192,0.2188,0.2031,192,23.0573,20.9904,25.1242,3,6,24,42,90,56.6094,0.2292,4.6615,61.0365
egg6-balanced-B,stage4,egg6,Epic,balanced,B,greedy,8,stag,139,0.8705,0.8561,139,35.5827,32.212,38.9535,3,12,32,63,109,7.6259,0.6547,7.2374,136.1439
egg6-balanced-B,stage4,egg6,Epic,balanced,B,greedy,5,mushroom|beetle,58,0.1034,0.1034,58,20.3448,17.2699,23.4198,2,4,19.5,36,52,63.4655,0.2586,4.0862,35.8103
egg6-balanced-B,stage4,egg6,Epic,balanced,B,greedy,7,mushroom|beetle,59,0.0678,0.0508,59,15.9153,13.1796,18.6509,2,4,14,30.6,51,72.6441,0.2712,3.322,24.8475
egg6-balanced-B,stage4,egg6,Epic,balanced,B,greedy,6,beetle|mushroom,55,0.0909,0.0909,55,17.9273,14.3496,21.505,2,3.4,16,30,69,71.9091,0.2727,3.6,29.4545
egg6-balanced-B,stage4,egg6,Epic,balanced,B,random,1,mushroom,200,0,0,200,32.045,30.8128,33.2772,16,22,30,45,66,79.57,0.015,5.915,86.715
egg6-balanced-B,stage4,egg6,Epic,balanced,B,random,2,beetle|mushroom,200,0.07,0.07,200,28.71,26.8919,30.5281,4,14,27,46.1,75,69.595,0.235,5.71,48.155
egg6-balanced-B,stage4,egg6,Epic,balanced,B,random,3,beetle|mushroom,186,0.1183,0.1075,186,20.0108,18.0744,21.9471,1,6,18,39,83,65.8656,0.2473,4.1129,33.1344
egg6-balanced-B,stage4,egg6,Epic,balanced,B,random,4,brute,166,0.3494,0.3193,166,23.512,21.329,25.6951,3,7,23.5,42,81,42.8313,0.3916,4.759,66.6024
egg6-balanced-B,stage4,egg6,Epic,balanced,B,random,7,mushroom|beetle,45,0.1111,0.1111,45,12.9333,10.6809,15.1857,2,6,12,22.8,40,62,0.2,2.6222,24.0444
egg6-balanced-B,stage4,egg6,Epic,balanced,B,random,8,stag,94,0.9043,0.883,94,31.9362,27.596,36.2763,3,9.6,26.5,61.4,99,6.3936,0.5957,6.5,126.4149
egg6-balanced-B,stage4,egg6,Epic,balanced,B,random,5,mushroom|beetle,42,0.1667,0.1667,42,18.5476,14.7896,22.3056,2,4,18,36,48,58.2857,0.2857,3.7857,28.9762
egg6-balanced-B,stage4,egg6,Epic,balanced,B,random,6,beetle|mushroom,40,0.175,0.175,40,17.875,13.7059,22.0441,2,3.9,14.5,36.6,58,54.525,0.45,3.75,31.2
egg6-control,control_stage1-3,egg6,Epic,balanced,A,greedy-egg,1,mushroom,200,0,0,200,24.225,23.6259,24.8241,16,20,24,30,43,55.745,0,0,70.35
egg6-control,control_stage1-3,egg6,Epic,balanced,A,greedy-egg,2,mushroom|beetle,200,0.3,0.27,200,23.56,22.3171,24.8029,2,12,24,36,42,28.39,0,0,58.6
egg6-control,control_stage1-3,egg6,Epic,balanced,A,greedy-egg,3,beetle|mushroom,146,0.4795,0.4178,146,18.3699,16.5484,20.1914,2,4,16.5,33.5,48,20.6644,0.0205,0,41.9452
egg6-control,control_stage1-3,egg6,Epic,balanced,A,greedy-egg,4,brute,85,0.8353,0.8118,85,13.5294,11.2269,15.8319,3,3,9,31.8,42,6.8588,0,0,55.1412
egg6-control,control_stage1-3,egg6,Epic,balanced,A,greedy-egg,6,beetle|mushroom,4,0.75,0.75,4,19.75,5.0745,34.4255,6,7.2,17,34.5,39,23,0,0,49.5
egg6-control,control_stage1-3,egg6,Epic,balanced,A,greedy-egg,8,stag,5,1,1,5,11.4,7.4996,15.3004,6,7.2,12,15.6,18,0,0,0,99.6
egg6-control,control_stage1-3,egg6,Epic,balanced,A,greedy-egg,5,mushroom|beetle,10,0.8,0.8,10,11.2,7.5297,14.8703,3,5.7,10.5,20,20,8.1,0,0,36.1
egg6-control,control_stage1-3,egg6,Epic,balanced,A,greedy,1,mushroom,200,0.04,0.04,200,31.6,30.1566,33.0434,15,21,30,44.1,77,53.09,0,0,124.86
egg6-control,control_stage1-3,egg6,Epic,balanced,A,greedy,2,mushroom|beetle,192,0.4896,0.4427,192,26.1979,23.7773,28.6185,2,6,24,49.8,75,34,0.0052,0,89.7344
egg6-control,control_stage1-3,egg6,Epic,balanced,A,greedy,3,beetle|mushroom,107,0.3645,0.3178,107,24.1963,21.0002,27.3924,2,6,20,47.4,81,41.0935,0.028,0,82.1215
egg6-control,control_stage1-3,egg6,Epic,balanced,A,greedy,4,brute,73,0.8767,0.8356,73,17.6164,14.5939,20.639,3,6,12,36.8,54,6.6849,0,0,106.8904
egg6-control,control_stage1-3,egg6,Epic,balanced,A,greedy,6,mushroom|beetle,5,0.4,0.4,5,12,5.4699,18.5301,3,5,12,19.4,23,24.6,0,0,53.2
egg6-control,control_stage1-3,egg6,Epic,balanced,A,greedy,7,beetle|mushroom,5,0.4,0.4,5,26.2,19.3148,33.0852,18,20,24,34.2,39,39.4,0,0,75
egg6-control,control_stage1-3,egg6,Epic,balanced,A,greedy,8,stag,7,1,1,7,16.7143,9.2482,24.1804,6,6,12,28.2,30,0,0,0,144
egg6-control,control_stage1-3,egg6,Epic,balanced,A,greedy,5,mushroom,2,0.5,0.5,2,27,-6.32,60.32,10,13.4,27,40.6,44,26,0,0,105
egg6-control,control_stage1-3,egg6,Epic,balanced,A,random,1,mushroom,200,0.135,0.125,200,33.22,31.7396,34.7004,16,22,30.5,48,69,43.255,0.005,0,139.52
egg6-control,control_stage1-3,egg6,Epic,balanced,A,random,2,mushroom|beetle,175,0.6114,0.5714,175,23.8971,21.0694,26.7249,2,4,18,54,78,24.9257,0.04,0,86.4686
egg6-control,control_stage1-3,egg6,Epic,balanced,A,random,3,mushroom|beetle,75,0.48,0.4533,75,23.4133,20.227,26.5997,2,6,22,42,71,27.64,0.12,0,84
egg6-control,control_stage1-3,egg6,Epic,balanced,A,random,4,brute,41,0.9268,0.9024,41,13.0732,10.3886,15.7578,3,3,12,24,42,5.3902,0,0,86.561
egg6-control,control_stage1-3,egg6,Epic,balanced,A,random,7,beetle,1,0,0,1,27,27,27,27,27,27,27,27,86,0,0,86
egg6-control,control_stage1-3,egg6,Epic,balanced,A,random,8,stag,3,1,1,3,15,6.0182,23.9818,9,9.6,12,21.6,24,0,0,0,134
egg6-control,control_stage1-3,egg6,Epic,balanced,A,random,5,mushroom|beetle,2,0.5,0.5,2,18.5,-9.92,46.92,4,6.9,18.5,30.1,33,43,0,0,74.5
egg6-control,control_stage1-3,egg6,Epic,balanced,A,random,6,mushroom,1,0,0,1,38,38,38,38,38,38,38,38,99,0,0,201
egg6-math-A,stage4,egg6,Epic,math,A,greedy-egg,1,mushroom,200,0,0,200,15.52,15.2463,15.7937,10,14,15,18,20,73.92,0,2.82,47.535
egg6-math-A,stage4,egg6,Epic,math,A,greedy-egg,2,beetle|mushroom,200,0.03,0.02,200,17.195,16.5118,17.8782,4,11,17,24,29,49.73,0,3.36,43.81
egg6-math-A,stage4,egg6,Epic,math,A,greedy-egg,3,mushroom|beetle,196,0.2296,0.2194,196,13.9133,13.1517,14.6748,2,6,14,21,27,31.2143,0,2.8112,35.5765
egg6-math-A,stage4,egg6,Epic,math,A,greedy-egg,4,brute,153,0.732,0.6928,153,12.5686,11.4602,13.677,3,6,12,22.8,30,8.2484,0.0065,2.5229,54.1111
egg6-math-A,stage4,egg6,Epic,math,A,greedy-egg,5,beetle|mushroom,12,0.3333,0.3333,12,9,6.2919,11.7081,3,4,8,14.9,18,17.0833,0,1.9167,23.75
egg6-math-A,stage4,egg6,Epic,math,A,greedy-egg,6,beetle|mushroom,21,0.381,0.381,21,11.5714,8.625,14.5179,2,3,14,19,27,27.381,0,2.2381,23.8095
egg6-math-A,stage4,egg6,Epic,math,A,greedy-egg,7,beetle|mushroom,14,0.1429,0.1429,14,15.3571,12.111,18.6033,5,7.2,15.5,23.7,24,47.7857,0,3.0714,33.2857
egg6-math-A,stage4,egg6,Epic,math,A,greedy-egg,8,stag,33,1,1,33,17.2727,13.0755,21.4699,3,6,12,36,51,0,0.1212,3.4242,90.2424
egg6-math-A,stage4,egg6,Epic,math,A,greedy,1,mushroom,200,0,0,200,17.42,16.987,17.853,10,14,17,21,25,69.125,0,3.18,70.66
egg6-math-A,stage4,egg6,Epic,math,A,greedy,2,beetle|mushroom,200,0.145,0.125,200,18.78,17.8782,19.6818,6,11,18,29,33,51.705,0,3.715,63.43
egg6-math-A,stage4,egg6,Epic,math,A,greedy,3,beetle|mushroom,175,0.3029,0.28,175,14.7829,13.7776,15.7881,2,6,15,24,34,41.9886,0.0057,2.9143,51.0629
egg6-math-A,stage4,egg6,Epic,math,A,greedy,4,brute,126,0.7063,0.6508,126,16.9603,15.312,18.6086,3,6,18,30,40,21.4206,0,3.3492,98.0952
egg6-math-A,stage4,egg6,Epic,math,A,greedy,5,beetle|mushroom,20,0.2,0.2,20,15.15,12.7695,17.5305,4,10.3,15.5,23.1,24,50.1,0,3.1,50.7
egg6-math-A,stage4,egg6,Epic,math,A,greedy,8,stag,36,1,1,36,21.2778,15.4794,27.0761,3,3,17.5,46.5,78,0,0.1667,4.3333,167.1111
egg6-math-A,stage4,egg6,Epic,math,A,greedy,7,beetle|mushroom,15,0.0667,0,15,16.4,13.2757,19.5243,6,9.2,17,22.6,29,77.2667,0.0667,3.3333,46.5333
egg6-math-A,stage4,egg6,Epic,math,A,greedy,6,mushroom|beetle,22,0.1818,0.1818,22,14.2727,10.7032,17.8423,2,4,14.5,23.8,33,53.5455,0,2.9545,43.9545
egg6-math-A,stage4,egg6,Epic,math,A,random,1,mushroom,200,0,0,200,17.89,17.4874,18.2926,10,15,18,21,27,66.19,0,3.3,76.36
egg6-math-A,stage4,egg6,Epic,math,A,random,2,beetle|mushroom,200,0.265,0.235,200,18.41,17.4125,19.4075,2,9,18,28.1,36,40.93,0,3.595,68.425
egg6-math-A,stage4,egg6,Epic,math,A,random,3,beetle|mushroom,153,0.4183,0.3922,153,14.5686,13.276,15.8613,2,4,14,26,36,38.0131,0,2.9281,54.9608
egg6-math-A,stage4,egg6,Epic,math,A,random,4,brute,93,0.7527,0.7204,93,17.2688,15.2523,19.2853,3,6,15,31,38,12.4409,0.0538,3.4516,111.4946
egg6-math-A,stage4,egg6,Epic,math,A,random,5,mushroom|beetle,19,0.3684,0.3684,19,13.8421,10.3809,17.3033,4,4,15,25.2,27,46.2105,0,2.7368,52.3684
egg6-math-A,stage4,egg6,Epic,math,A,random,7,mushroom|beetle,9,0.3333,0.3333,9,17.4444,10.4679,24.421,3,7.8,18,27.2,40,55.4444,0.3333,3.6667,77.8889
egg6-math-A,stage4,egg6,Epic,math,A,random,8,stag,16,1,1,16,22.5625,15.7424,29.3826,6,12,18,35.5,63,0,0.625,4.625,182.75
egg6-math-A,stage4,egg6,Epic,math,A,random,6,beetle|mushroom,5,0,0,5,27.2,15.2231,39.1769,10,13.2,27,41,43,73.2,0.4,5.6,89.4
egg6-math-B,stage4,egg6,Epic,math,B,greedy-egg,1,mushroom,200,0,0,200,24.595,23.9699,25.2201,16,20,24,30,44,86.575,0,4.46,44.345
egg6-math-B,stage4,egg6,Epic,math,B,greedy-egg,2,beetle|mushroom,200,0,0,200,26.965,25.9569,27.9731,10,18,26,36,48,82.095,0,5.4,27.405
egg6-math-B,stage4,egg6,Epic,math,B,greedy-egg,3,mushroom|beetle,200,0.015,0.01,200,22.605,21.2684,23.9416,3,12,22,36,51,77,0.035,4.655,24.71
egg6-math-B,stage4,egg6,Epic,math,B,greedy-egg,4,brute,198,0.1465,0.1414,198,27.0354,25.6199,28.4508,3,15,27,42,54,57.6818,0.0606,5.5051,50.1111
egg6-math-B,stage4,egg6,Epic,math,B,greedy-egg,5,mushroom|beetle,81,0.1235,0.1111,81,22.6543,20.0681,25.2406,2,8,21,36,60,60.2222,0.1975,4.7284,25.5556
egg6-math-B,stage4,egg6,Epic,math,B,greedy-egg,7,beetle|mushroom,67,0.0299,0.0299,67,17.4627,15.1556,19.7697,2,6,16,31.2,45,72.7761,0.1194,3.7463,18.6119
egg6-math-B,stage4,egg6,Epic,math,B,greedy-egg,8,stag,156,0.8526,0.8269,156,43.4487,39.2727,47.6247,3,10,42,78,141,9.7564,0.7692,9.0705,107.8269
egg6-math-B,stage4,egg6,Epic,math,B,greedy-egg,6,beetle|mushroom,62,0.0645,0.0484,62,16.6935,13.958,19.4291,2,4,16,30,45,62.9355,0.0645,3.3065,17.6452
egg6-math-B,stage4,egg6,Epic,math,B,greedy,1,mushroom,200,0,0,200,33.77,32.0548,35.4852,16,20,31,51.1,78,87.7,0,6.21,75.67
egg6-math-B,stage4,egg6,Epic,math,B,greedy,2,mushroom|beetle,200,0,0,200,35.92,33.8634,37.9766,2,20,33,59,89,86.63,0.01,7.185,52.23
egg6-math-B,stage4,egg6,Epic,math,B,greedy,3,beetle|mushroom,200,0.025,0.025,200,28.05,25.8355,30.2645,2,9.8,26,49.2,72,84.42,0.09,5.675,39.04
egg6-math-B,stage4,egg6,Epic,math,B,greedy,4,brute,195,0.1641,0.1436,195,41.0256,37.9226,44.1286,3,18,36,69,165,65.5897,0.3641,8.3846,101.6256
egg6-math-B,stage4,egg6,Epic,math,B,greedy,8,stag,157,0.9363,0.9363,157,47.2166,41.5096,52.9235,3,12,36,96,228,4.1274,0.9172,9.9236,185.1338
egg6-math-B,stage4,egg6,Epic,math,B,greedy,5,mushroom|beetle,66,0.0606,0.0606,66,26.5606,21.9505,31.1708,3,8,21,51,114,70.4091,0.2727,5.4545,38.9394
egg6-math-B,stage4,egg6,Epic,math,B,greedy,6,beetle|mushroom,64,0.0938,0.0781,64,24.2969,20.044,28.5497,1,10,18.5,43,94,77.3594,0.2344,5,36.0469
egg6-math-B,stage4,egg6,Epic,math,B,greedy,7,beetle|mushroom,51,0.0196,0.0196,51,26.7451,20.3702,33.12,4,6,21,63,130,74.902,0.4314,5.5882,34.0588
egg6-math-B,stage4,egg6,Epic,math,B,random,1,mushroom,200,0,0,200,35.82,34.4133,37.2267,18,23,34,50.1,67,86.095,0,6.705,85.665
egg6-math-B,stage4,egg6,Epic,math,B,random,2,mushroom|beetle,200,0.03,0.025,200,36.63,34.5506,38.7094,6,18.9,35,58.2,99,85.605,0.1,7.225,54.815
egg6-math-B,stage4,egg6,Epic,math,B,random,3,beetle|mushroom,195,0.0359,0.0359,195,30.241,27.8345,32.6475,2,13.4,28,48,119,81.7692,0.2256,6.2308,43.8154
egg6-math-B,stage4,egg6,Epic,math,B,random,4,brute,188,0.2872,0.2713,188,38.0372,34.9174,41.1571,3,12,33,68.3,113,51.0532,0.4521,7.7713,100.9362
egg6-math-B,stage4,egg6,Epic,math,B,random,8,stag,120,0.9667,0.9667,120,39.025,32.8014,45.2486,3,11.7,25,72.3,201,1.9667,0.8333,8.225,169.6417
egg6-math-B,stage4,egg6,Epic,math,B,random,5,beetle|mushroom,43,0.1395,0.1395,43,29.7907,23.3283,36.2531,4,10,24,58.4,112,77.7442,0.5581,6.3256,40.3721
egg6-math-B,stage4,egg6,Epic,math,B,random,6,mushroom|beetle,64,0.0938,0.0781,64,27.0313,22.3103,31.7522,2,8,20,57.9,90,74.9844,0.5,5.7813,40.4063
egg6-math-B,stage4,egg6,Epic,math,B,random,7,mushroom|beetle,49,0.1224,0.1224,49,22.9184,18.5977,27.2391,2,6,20,47.8,63,72.7755,0.3469,4.7347,33.1837
egg6-science-A,stage4,egg6,Epic,science,A,greedy-egg,1,mushroom,200,0,0,200,15.485,15.1308,15.8392,10,12,15,18,25,73.67,0,2.775,48.565
egg6-science-A,stage4,egg6,Epic,science,A,greedy-egg,2,mushroom|beetle,200,0.025,0.02,200,16.98,16.2789,17.6811,4,10,17,24,33,50.75,0,3.39,42.92
egg6-science-A,stage4,egg6,Epic,science,A,greedy-egg,3,beetle|mushroom,196,0.2245,0.2143,196,13.2245,12.4237,14.0253,2,6,12,21,29,31.9388,0,2.6224,37.352
egg6-science-A,stage4,egg6,Epic,science,A,greedy-egg,4,brute,154,0.7532,0.6753,154,12.3506,11.2606,13.4406,3,3,12,21,30,10.4286,0,2.4805,53.9416
egg6-science-A,stage4,egg6,Epic,science,A,greedy-egg,5,mushroom|beetle,21,0.4762,0.4762,21,10.4762,8.0544,12.898,2,3,10,17,21,14.5714,0,2,24.6667
egg6-science-A,stage4,egg6,Epic,science,A,greedy-egg,7,beetle|mushroom,15,0.4,0.3333,15,11.3333,8.4032,14.2635,3,4.8,12,18.6,22,24.5333,0,2.6,32.5333
egg6-science-A,stage4,egg6,Epic,science,A,greedy-egg,8,stag,25,1,1,25,14,8.9191,19.0809,3,3,9,27.6,60,0,0.16,2.72,70.88
egg6-science-A,stage4,egg6,Epic,science,A,greedy-egg,6,beetle|mushroom,19,0.5263,0.5263,19,7.7895,5.2521,10.3268,3,3,6,15.2,24,15.1579,0,1.6316,25.5789
egg6-science-A,stage4,egg6,Epic,science,A,greedy,1,mushroom,200,0,0,200,19.145,18.5258,19.7642,11,14,20,25,30,68.65,0,3.495,77.505
egg6-science-A,stage4,egg6,Epic,science,A,greedy,2,beetle|mushroom,200,0.19,0.175,200,20.195,19.1013,21.2887,3,11,19,30,40,47.22,0,4.01,69.625
egg6-science-A,stage4,egg6,Epic,science,A,greedy,3,beetle|mushroom,165,0.2848,0.2545,165,16,14.7543,17.2457,2,4.8,16,27,42,42.3273,0.0121,3.1758,56.4848
egg6-science-A,stage4,egg6,Epic,science,A,greedy,4,brute,123,0.7236,0.6748,123,17.122,15.1048,19.1391,3,6,18,32.8,51,15.8943,0.0163,3.4878,99.561
egg6-science-A,stage4,egg6,Epic,science,A,greedy,5,beetle|mushroom,14,0.3571,0.3571,14,18.2143,10.687,25.7416,2,2.3,16.5,37,49,52.3571,0.2857,3.7143,67.7857
egg6-science-A,stage4,egg6,Epic,science,A,greedy,7,beetle|mushroom,13,0.0769,0.0769,13,16.5385,12.0196,21.0573,4,9.2,15,26,36,73.6154,0.0769,3.4615,60.3846
egg6-science-A,stage4,egg6,Epic,science,A,greedy,8,stag,30,1,1,30,19.5667,13.7785,25.3548,3,6,15,33.9,72,0,0.2667,4.0667,153.9333
egg6-science-A,stage4,egg6,Epic,science,A,greedy,6,mushroom|beetle,16,0.25,0.25,16,20,13.789,26.211,4,6,19.5,37.5,48,56.6875,0.1875,4.0625,62.6875
egg6-science-A,stage4,egg6,Epic,science,A,random,1,mushroom,200,0,0,200,19.8,19.1992,20.4008,10,15,20,25.1,30,61.985,0,3.625,85.05
egg6-science-A,stage4,egg6,Epic,science,A,random,2,mushroom|beetle,200,0.335,0.3,200,18.82,17.6248,20.0152,3,8,18,30,42,38.17,0,3.735,70.735
egg6-science-A,stage4,egg6,Epic,science,A,random,3,beetle|mushroom,140,0.4429,0.4143,140,15.1643,13.7471,16.5814,2,4,15,27,35,37.6643,0.0214,2.9929,56.7786
egg6-science-A,stage4,egg6,Epic,science,A,random,4,brute,82,0.7561,0.7317,82,19.0122,16.4994,21.525,3,6,19.5,34,50,13.5854,0.0976,3.8902,118.9756
egg6-science-A,stage4,egg6,Epic,science,A,random,6,beetle|mushroom,9,0.2222,0.2222,9,20.2222,10.4671,29.9774,3,5.4,18,36,48,62.2222,0.4444,4.2222,71.2222
egg6-science-A,stage4,egg6,Epic,science,A,random,5,mushroom|beetle,11,0.4545,0.4545,11,13.5455,7.2949,19.7961,2,3,12,25,35,37.0909,0,2.8182,46.7273
egg6-science-A,stage4,egg6,Epic,science,A,random,8,stag,15,1,1,15,24.4,13.0439,35.7561,6,6,15,54.6,81,0,0.6667,5.0667,183.8667
egg6-science-A,stage4,egg6,Epic,science,A,random,7,mushroom|beetle,5,0,0,5,20.6,15.6571,25.5429,15,16.2,20,26,30,81.8,0.2,4,76.4
egg6-science-B,stage4,egg6,Epic,science,B,greedy-egg,1,mushroom,200,0,0,200,22,21.4975,22.5025,16,18,22,28,36,86.505,0,3.995,40.595
egg6-science-B,stage4,egg6,Epic,science,B,greedy-egg,2,mushroom|beetle,200,0,0,200,23.935,22.9891,24.8809,10,16,24,33,42,84.405,0,4.72,24.52
egg6-science-B,stage4,egg6,Epic,science,B,greedy-egg,3,beetle|mushroom,200,0.005,0.005,200,19.085,17.8941,20.2759,4,10,18,30,42,80.185,0.025,3.945,16.985
egg6-science-B,stage4,egg6,Epic,science,B,greedy-egg,4,brute,199,0.0503,0.0452,199,24.1608,22.9321,25.3895,3,15,24,36,45,71.2161,0.0251,4.8744,33.0905
egg6-science-B,stage4,egg6,Epic,science,B,greedy-egg,6,beetle|mushroom,79,0.0127,0,79,16.2152,14.3085,18.1219,2,8,14,24.6,48,70.4557,0.038,3.443,17.5696
egg6-science-B,stage4,egg6,Epic,science,B,greedy-egg,7,mushroom|beetle,78,0.0256,0.0256,78,14.8205,13.2163,16.4247,2,4,15,24,36,74.4615,0.0385,3.0769,16.0513
egg6-science-B,stage4,egg6,Epic,science,B,greedy-egg,8,stag,186,0.7258,0.6882,186,51.9946,48.0536,55.9356,3,19.5,49.5,85,156,19.1505,0.8656,10.8817,102.0484
egg6-science-B,stage4,egg6,Epic,science,B,greedy-egg,5,mushroom|beetle,75,0.0267,0.0267,75,17.4,15.414,19.386,4,8,15,30,42,67.1067,0.04,3.68,19.36
egg6-science-B,stage4,egg6,Epic,science,B,greedy,1,mushroom,200,0,0,200,30.2,28.813,31.587,15,20,28,42.1,70,86.47,0,5.55,73.255
egg6-science-B,stage4,egg6,Epic,science,B,greedy,2,mushroom|beetle,200,0.01,0.01,200,32.94,31.0194,34.8606,4,18,30,50.1,75,89.09,0.015,6.515,47.925
egg6-science-B,stage4,egg6,Epic,science,B,greedy,3,beetle|mushroom,198,0.0202,0.0202,198,27.3081,25.2193,29.3969,2,11.4,24.5,46,90,87.3131,0.0606,5.6313,39.5909
egg6-science-B,stage4,egg6,Epic,science,B,greedy,4,brute,194,0.067,0.0619,194,39.4691,36.3622,42.5759,3,16.3,36,69,138,75.3711,0.2887,8.0309,87.5567
egg6-science-B,stage4,egg6,Epic,science,B,greedy,5,beetle|mushroom,72,0.0417,0.0278,72,27.3472,23.2035,31.4909,1,12,24,47.9,121,79.3611,0.25,5.7222,42.6528
egg6-science-B,stage4,egg6,Epic,science,B,greedy,7,beetle|mushroom,75,0.0267,0.0267,75,20.84,17.6266,24.0534,1,6.8,18,38.8,72,79.16,0.2533,4.32,33.6
egg6-science-B,stage4,egg6,Epic,science,B,greedy,8,stag,178,0.8371,0.8146,178,66.882,59.3925,74.3716,6,16.7,51,130.6,276,13.6011,1.5225,14.0787,226.3034
egg6-science-B,stage4,egg6,Epic,science,B,greedy,6,mushroom|beetle,70,0,0,70,22.8857,19.0701,26.7014,2,12,21,36,124,84.8429,0.3429,4.7143,37.4286
egg6-science-B,stage4,egg6,Epic,science,B,random,1,mushroom,200,0,0,200,32.075,30.749,33.401,17,21.9,30,44,64,81.74,0,5.91,85.04
egg6-science-B,stage4,egg6,Epic,science,B,random,2,mushroom|beetle,200,0.04,0.04,200,32.645,30.9064,34.3836,2,18,30,49.1,75,79.39,0.03,6.44,50.44
egg6-science-B,stage4,egg6,Epic,science,B,random,3,mushroom|beetle,192,0.0469,0.0417,192,27.7031,25.437,29.9692,4,12,24,46.9,126,81.1146,0.1979,5.6719,43.6875
egg6-science-B,stage4,egg6,Epic,science,B,random,4,brute,184,0.1902,0.1848,184,37.9837,35.135,40.8323,6,16.3,35.5,57,126,62.0924,0.4837,7.6902,92.0326
egg6-science-B,stage4,egg6,Epic,science,B,random,6,mushroom|beetle,57,0.0351,0.0351,57,28.8596,20.7469,36.9724,4,10,20,53.8,177,78.4211,0.8947,6.0175,47.5439
egg6-science-B,stage4,egg6,Epic,science,B,random,7,beetle|mushroom,56,0.0357,0.0357,56,21.3214,16.1283,26.5146,4,8,17.5,36,147,73.3929,0.4286,4.4286,38.3929
egg6-science-B,stage4,egg6,Epic,science,B,random,8,stag,141,0.9574,0.9574,141,49.8085,42.2522,57.3648,3,15,37,96,396,2.4965,1.4113,10.4752,190.0709
egg6-science-B,stage4,egg6,Epic,science,B,random,5,beetle|mushroom,63,0.0794,0.0794,63,29.6825,23.6871,35.678,3,8.2,22,59.2,120,77.0317,0.4603,6.2857,47.0317
