form_id,group,egg,rarity,lane,personality,policy,room,enemy_types,runs_reached,died_at_least_once_rate,final_loss_rate,moves_n,moves_mean,moves_ci_lo,moves_ci_hi,moves_min,moves_p10,moves_median,moves_p90,moves_max,hp_end_mean,jam_events_mean,casts_mean,enemy_hp_lost_mean
egg1-balanced-A,stage4,egg1,Common,balanced,A,greedy-egg,1,mushroom,200,0.03,0.01,200,16.5,16.0682,16.9318,11,13,16,20,35,30.73,0,2.78,96.08
egg1-balanced-A,stage4,egg1,Common,balanced,A,greedy-egg,2,mushroom|beetle,198,0.9596,0.6465,198,12.3283,11.5532,13.1034,2,6,12,20,27,6.9949,0,2.5051,71.4444
egg1-balanced-A,stage4,egg1,Common,balanced,A,greedy-egg,3,mushroom|beetle,70,0.9286,0.9143,70,6.0143,5.0144,7.0142,2,2,6,12,22,1.5429,0,1.3286,36.0571
egg1-balanced-A,stage4,egg1,Common,balanced,A,greedy-egg,4,brute,6,1,1,6,7,5.04,8.96,3,4.5,7.5,9,9,0,0,1.6667,62.1667
egg1-balanced-A,stage4,egg1,Common,balanced,A,greedy,1,mushroom,200,0.015,0,200,22.815,21.9176,23.7124,11,15,22,31,46,44.45,0,4.095,119.885
egg1-balanced-A,stage4,egg1,Common,balanced,A,greedy,2,beetle|mushroom,200,0.735,0.435,200,20.74,19.1702,22.3098,2,7.8,20,36,73,26.685,0,4.135,102.475
egg1-balanced-A,stage4,egg1,Common,balanced,A,greedy,3,beetle|mushroom,113,0.5841,0.4956,113,16.9823,14.5921,19.3725,2,3.2,14,33.8,72,25.7522,0.0442,3.469,81.5398
egg1-balanced-A,stage4,egg1,Common,balanced,A,greedy,4,brute,57,0.8947,0.7719,57,17.4561,13.2417,21.6706,3,4.8,12,43.6,75,10.7895,0.1579,3.5614,133.3333
egg1-balanced-A,stage4,egg1,Common,balanced,A,greedy,6,beetle|mushroom,4,0,0,4,32.5,16.4867,48.5133,16,17.5,33,47.1,48,90,0.5,6.5,119.75
egg1-balanced-A,stage4,egg1,Common,balanced,A,greedy,8,stag,8,1,1,8,22.375,13.3555,31.3945,6,10.2,19.5,41.3,42,0,0.5,4.5,235.25
egg1-balanced-A,stage4,egg1,Common,balanced,A,greedy,7,mushroom,3,0.6667,0.6667,3,13,-0.9054,26.9054,4,4.8,8,23.2,27,9.6667,0.3333,3.3333,81.3333
egg1-balanced-A,stage4,egg1,Common,balanced,A,greedy,5,beetle|mushroom,4,0.75,0.75,4,10.25,1.7677,18.7323,4,4.6,7,18.5,23,24,0,2.25,61.5
egg1-balanced-A,stage4,egg1,Common,balanced,A,random,1,mushroom,200,0.08,0.015,200,23.325,22.505,24.145,13,16,22,31,45,38.25,0,4.17,126.73
egg1-balanced-A,stage4,egg1,Common,balanced,A,random,2,mushroom|beetle,197,0.8173,0.6091,197,18.7665,17.0704,20.4626,2,6,15,35.4,60,17.9594,0.0051,3.7614,94.5736
egg1-balanced-A,stage4,egg1,Common,balanced,A,random,3,beetle|mushroom,77,0.5974,0.4805,77,16.4416,13.9024,18.9807,2,3,14,32.6,42,28.2338,0.039,3.4156,79.6234
egg1-balanced-A,stage4,egg1,Common,balanced,A,random,4,brute,40,0.95,0.925,40,13.075,10.1871,15.9629,3,3,12,27,42,1.05,0,2.75,112.925
egg1-balanced-A,stage4,egg1,Common,balanced,A,random,7,mushroom,2,0.5,0.5,2,7.5,-1.32,16.32,3,3.9,7.5,11.1,12,30,0,2,42
egg1-balanced-A,stage4,egg1,Common,balanced,A,random,8,stag,2,1,1,2,13.5,4.68,22.32,9,9.9,13.5,17.1,18,0,0,3,150
egg1-balanced-B,stage4,egg1,Common,balanced,B,greedy-egg,1,mushroom,200,0,0,200,16.555,16.1548,16.9552,11,13,16,20,34,57.165,0,2.78,68.03
egg1-balanced-B,stage4,egg1,Common,balanced,B,greedy-egg,2,beetle|mushroom,200,0.075,0.015,200,16.79,16.0433,17.5367,5,10,17,24,31,32.885,0,3.325,44.045
egg1-balanced-B,stage4,egg1,Common,balanced,B,greedy-egg,3,mushroom|beetle,197,0.4569,0.2081,197,14.3046,13.3985,15.2107,2,5,14,22,35,23.6853,0,2.8376,37.1574
egg1-balanced-B,stage4,egg1,Common,balanced,B,greedy-egg,4,brute,156,0.9167,0.7885,156,12.4872,11.4145,13.5599,3,6,12,21,31,5.1218,0,2.4872,66.2692
egg1-balanced-B,stage4,egg1,Common,balanced,B,greedy-egg,7,mushroom|beetle,7,0.2857,0.1429,7,12.4286,6.9037,17.9534,3,3.6,12,20.6,23,44.2857,0,2.5714,31.5714
egg1-balanced-B,stage4,egg1,Common,balanced,B,greedy-egg,8,stag,23,1,1,23,10.913,8.2419,13.5842,3,6,9,22,24,0,0.0435,2.3043,79.4783
egg1-balanced-B,stage4,egg1,Common,balanced,B,greedy-egg,5,mushroom|beetle,10,0.7,0.5,10,9.1,4.3396,13.8604,2,2,6.5,18.6,24,14.5,0,1.7,31
egg1-balanced-B,stage4,egg1,Common,balanced,B,greedy-egg,6,beetle|mushroom,12,0.3333,0.3333,12,8.4167,5.5676,11.2658,3,4,6,14.9,18,21.3333,0,1.6667,18.5833
egg1-balanced-B,stage4,egg1,Common,balanced,B,greedy,1,mushroom,200,0,0,200,21.895,21.1138,22.6762,12,16,21,30,42,73.07,0,3.89,77.135
egg1-balanced-B,stage4,egg1,Common,balanced,B,greedy,2,beetle|mushroom,200,0.025,0,200,23.54,22.2902,24.7898,8,12,23,36,52,65.605,0,4.67,55.25
egg1-balanced-B,stage4,egg1,Common,balanced,B,greedy,3,mushroom|beetle,200,0.115,0.04,200,19.97,18.6159,21.3241,2,8,19,33.1,53,64.95,0.015,4.005,44.98
egg1-balanced-B,stage4,egg1,Common,balanced,B,greedy,4,brute,192,0.474,0.2656,192,27.6979,25.7083,29.6875,3,9,27,45,72,44.5938,0.0625,5.5781,114.7292
egg1-balanced-B,stage4,egg1,Common,balanced,B,greedy,8,stag,130,0.9923,0.9846,130,36.0077,30.2126,41.8028,3,8.7,25,72.6,230,0.4154,0.7692,7.6154,216.3615
egg1-balanced-B,stage4,egg1,Common,balanced,B,greedy,5,beetle|mushroom,67,0.1194,0.0597,67,21.4627,18.4896,24.4358,2,8,20,37,57,62.1642,0.1194,4.3731,47.791
egg1-balanced-B,stage4,egg1,Common,balanced,B,greedy,7,mushroom|beetle,49,0.0612,0.0408,49,17.1837,14.7223,19.6451,2,5.8,17,28,40,61.9184,0.1429,3.6735,39.2653
egg1-balanced-B,stage4,egg1,Common,balanced,B,greedy,6,mushroom|beetle,55,0.1636,0.0909,55,17.9636,15.3296,20.5977,3,5,17,28.6,46,60.6545,0.1273,3.7636,44.1818
egg1-balanced-B,stage4,egg1,Common,balanced,B,random,1,mushroom,200,0,0,200,22.56,21.8312,23.2888,13,16,22,30,40,70.925,0,4.02,80.67
egg1-balanced-B,stage4,egg1,Common,balanced,B,random,2,mushroom|beetle,200,0.065,0.02,200,26.57,25.308,27.832,7,15,26,37,58,66.535,0.01,5.29,60.055
egg1-balanced-B,stage4,egg1,Common,balanced,B,random,3,mushroom|beetle,196,0.1122,0.0357,196,20.4847,19.2172,21.7522,2,10,20,32,58,63.3316,0.0459,4.1378,45.7092
egg1-balanced-B,stage4,egg1,Common,balanced,B,random,4,brute,189,0.6138,0.4286,189,26.2963,24.2692,28.3234,3,6,26,44.2,72,35.381,0.2698,5.2698,118.5979
egg1-balanced-B,stage4,egg1,Common,balanced,B,random,8,stag,97,0.9897,0.9897,97,27.2577,23.1175,31.3979,3,9,21,57,93,0.1649,0.5155,5.7526,176
egg1-balanced-B,stage4,egg1,Common,balanced,B,random,7,beetle|mushroom,43,0.0698,0.0698,43,18.6047,13.6902,23.5191,2,4,15,33,82,70.1163,0.3488,3.7674,45.0233
egg1-balanced-B,stage4,egg1,Common,balanced,B,random,6,mushroom|beetle,42,0.119,0.0476,42,22.9048,18.1192,27.6903,2,3.1,20,36.9,84,68.8095,0.4286,4.7143,58.0714
egg1-balanced-B,stage4,egg1,Common,balanced,B,random,5,beetle|mushroom,42,0.2619,0.1429,42,20.4524,16.522,24.3827,3,6.1,18.5,33.9,71,58.4762,0.4048,4.3095,52.1667
egg1-control,control_stage1-3,egg1,Common,balanced,A,greedy-egg,1,mushroom,200,0.435,0.135,200,19.03,18.536,19.524,13,16,19,23,42,17.86,0,0,113.875
egg1-control,control_stage1-3,egg1,Common,balanced,A,greedy-egg,2,beetle|mushroom,173,0.9884,0.9769,173,7.9827,7.3235,8.6418,2,3,8,14,24,0.3873,0,0,48.7919
egg1-control,control_stage1-3,egg1,Common,balanced,A,greedy-egg,3,beetle|mushroom,4,1,1,4,6.75,3.0506,10.4494,3,3.9,6,10.2,12,0,0,0,42.5
egg1-control,control_stage1-3,egg1,Common,balanced,A,greedy,1,mushroom,200,0.27,0.075,200,27.52,26.2114,28.8286,14,18,25,39.1,67,31.17,0,0,144.545
egg1-control,control_stage1-3,egg1,Common,balanced,A,greedy,2,beetle|mushroom,185,0.8595,0.6919,185,18.6432,16.4876,20.7989,2,4.4,14,41.6,66,14.1892,0.0054,0,91.4541
egg1-control,control_stage1-3,egg1,Common,balanced,A,greedy,3,mushroom|beetle,57,0.6491,0.5789,57,16.4737,12.7741,20.1732,2,3.6,12,35.4,74,20.1754,0,0,81.4912
egg1-control,control_stage1-3,egg1,Common,balanced,A,greedy,4,brute,24,1,1,24,17.125,11.9055,22.3445,3,3.9,15,29.1,60,0,0,0,137.5
egg1-control,control_stage1-3,egg1,Common,balanced,A,random,1,mushroom,200,0.52,0.165,200,28.395,27.2543,29.5357,15,20,26,39,58,28.69,0,0,156.17
egg1-control,control_stage1-3,egg1,Common,balanced,A,random,2,beetle|mushroom,167,0.9102,0.8084,167,14.1976,12.3995,15.9957,2,4,10,30,80,8.8024,0,0,74.2216
egg1-control,control_stage1-3,egg1,Common,balanced,A,random,3,beetle|mushroom,32,0.8125,0.6563,32,17.7813,13.1163,22.4462,2,3.1,14,33,53,12.3438,0,0,96.9688
egg1-control,control_stage1-3,egg1,Common,balanced,A,random,4,brute,11,1,1,11,6.8182,4.2996,9.3368,3,3,6,12,15,0,0,0,61.4545
egg1-math-A,stage4,egg1,Common,math,A,greedy-egg,1,mushroom,200,0,0,200,14.46,14.1208,14.7992,11,12,14,17.1,29,39.075,0,2.425,83.315
egg1-math-A,stage4,egg1,Common,math,A,greedy-egg,2,mushroom|beetle,200,0.905,0.47,200,13.225,12.5382,13.9118,2,6,13,21,26,11.415,0,2.665,73.41
egg1-math-A,stage4,egg1,Common,math,A,greedy-egg,3,beetle|mushroom,106,0.9717,0.9434,106,5.7642,5.0259,6.5024,2,2,4,11.5,21,1.2547,0,1.2547,35.0943
egg1-math-A,stage4,egg1,Common,math,A,greedy-egg,4,brute,6,1,1,6,5,3.04,6.96,3,3,4.5,7.5,9,0,0,1.1667,42.5
egg1-math-A,stage4,egg1,Common,math,A,greedy,1,mushroom,200,0,0,200,17.905,17.362,18.448,10,13,18,23,30,55.26,0,3.15,93.435
egg1-math-A,stage4,egg1,Common,math,A,greedy,2,beetle|mushroom,200,0.55,0.225,200,18.84,17.8187,19.8613,4,10,18.5,29,38,30.77,0,3.735,89.105
egg1-math-A,stage4,egg1,Common,math,A,greedy,3,mushroom|beetle,155,0.5806,0.4323,155,14.3806,13.1413,15.62,2,4,15,24.6,35,30.1419,0,2.8774,68
egg1-math-A,stage4,egg1,Common,math,A,greedy,4,brute,88,0.8523,0.7841,88,16.0682,13.6826,18.4538,3,3,12,35,41,12.3068,0.0341,3.2841,118.2955
egg1-math-A,stage4,egg1,Common,math,A,greedy,8,stag,15,1,1,15,17.6,9.3867,25.8133,6,6,12,34.2,66,0,0.3333,3.6,188.9333
egg1-math-A,stage4,egg1,Common,math,A,greedy,6,beetle|mushroom,7,0.2857,0.1429,7,23.5714,13.7728,33.3701,3,10.2,26,36.4,43,69.1429,0.4286,4.7143,93.1429
egg1-math-A,stage4,egg1,Common,math,A,greedy,7,mushroom|beetle,6,0.1667,0.1667,6,17.5,10.2941,24.7059,2,7,21,24.5,27,49.8333,0,4.1667,65.3333
egg1-math-A,stage4,egg1,Common,math,A,greedy,5,mushroom|beetle,8,0.625,0.25,8,25.125,14.0845,36.1655,6,10.2,23,45.2,55,50.875,0.5,5.125,118.375
egg1-math-A,stage4,egg1,Common,math,A,random,1,mushroom,200,0.025,0,200,18.625,18.0897,19.1603,11,14,18,25,34,45.915,0,3.27,101.11
egg1-math-A,stage4,egg1,Common,math,A,random,2,mushroom|beetle,200,0.705,0.315,200,19.22,18.0576,20.3824,3,8.9,18,32,40,25.835,0,3.83,95.49
egg1-math-A,stage4,egg1,Common,math,A,random,3,beetle|mushroom,137,0.6569,0.5693,137,12.8175,11.4556,14.1795,2,3,12,23.4,33,21.7883,0.0073,2.635,61.7518
egg1-math-A,stage4,egg1,Common,math,A,random,4,brute,59,0.9831,0.9661,59,12.8136,10.6213,15.0058,3,3,12,27,33,1.2373,0.0339,2.661,108.5593
egg1-math-A,stage4,egg1,Common,math,A,random,5,mushroom,1,0,0,1,10,10,10,10,10,10,10,10,32,0,2,60
egg1-math-A,stage4,egg1,Common,math,A,random,6,beetle,1,0,0,1,16,16,16,16,16,16,16,16,108,0,3,46
egg1-math-A,stage4,egg1,Common,math,A,random,8,stag,2,1,1,2,12,0.24,23.76,6,7.2,12,16.8,18,0,0,2.5,139
egg1-math-A,stage4,egg1,Common,math,A,random,7,mushroom,1,0,0,1,17,17,17,17,17,17,17,17,35,0,3,100
egg1-math-B,stage4,egg1,Common,math,B,greedy-egg,1,mushroom,200,0,0,200,16.685,16.2755,17.0945,11,13,16,21,34,56.145,0,2.78,69.32
egg1-math-B,stage4,egg1,Common,math,B,greedy-egg,2,beetle|mushroom,200,0.155,0.06,200,17.25,16.5049,17.9951,6,11,17.5,24,41,29.09,0,3.42,50.045
egg1-math-B,stage4,egg1,Common,math,B,greedy-egg,3,mushroom|beetle,188,0.617,0.2819,188,14.016,13.0964,14.9356,2,5,14,22,30,21.3883,0,2.7926,41.2979
egg1-math-B,stage4,egg1,Common,math,B,greedy-egg,4,brute,135,0.9704,0.9333,135,9.6,8.6161,10.5839,3,3,9,16.2,35,1.8,0,2,60.3259
egg1-math-B,stage4,egg1,Common,math,B,greedy-egg,5,mushroom|beetle,2,0.5,0,2,12.5,9.56,15.44,11,11.3,12.5,13.7,14,32.5,0,2.5,34.5
egg1-math-B,stage4,egg1,Common,math,B,greedy-egg,6,mushroom|beetle,4,0.25,0.25,4,11,6.0674,15.9326,6,7.2,10,15.6,18,24.5,0,2.25,32.25
egg1-math-B,stage4,egg1,Common,math,B,greedy-egg,8,stag,8,1,1,8,9.75,6.1066,13.3934,3,3,10.5,15,15,0,0,2,85.125
egg1-math-B,stage4,egg1,Common,math,B,greedy-egg,7,beetle|mushroom,2,0,0,2,17.5,16.52,18.48,17,17.1,17.5,17.9,18,38,0,4,50
egg1-math-B,stage4,egg1,Common,math,B,greedy,1,mushroom,200,0,0,200,22.095,21.3048,22.8852,12,16,21,30,42,71.475,0,3.89,79.94
egg1-math-B,stage4,egg1,Common,math,B,greedy,2,beetle|mushroom,200,0.05,0.01,200,23.565,22.2801,24.8499,8,12,23,34.1,64,62.095,0,4.68,60.67
egg1-math-B,stage4,egg1,Common,math,B,greedy,3,mushroom|beetle,198,0.1717,0.0505,198,20.5909,19.2842,21.8976,2,8,20,33,58,62.6364,0.0354,4.1465,49.8788
egg1-math-B,stage4,egg1,Common,math,B,greedy,4,brute,188,0.6011,0.4043,188,25.3723,23.4026,27.3421,3,6,26,44.3,76,30.633,0.0745,5.1223,124.766
egg1-math-B,stage4,egg1,Common,math,B,greedy,6,mushroom|beetle,42,0.1905,0.0714,42,21.7857,18.4495,25.1219,3,10,20.5,33.8,53,66.4524,0.1667,4.5238,53.5952
egg1-math-B,stage4,egg1,Common,math,B,greedy,7,beetle|mushroom,33,0.2121,0.1515,33,18.2727,16.0011,20.5444,4,10.2,19,27.8,33,63.5758,0.0909,3.697,47.4545
egg1-math-B,stage4,egg1,Common,math,B,greedy,8,stag,99,1,1,99,30.4848,24.4574,36.5123,3,6,21,63.6,192,0,0.4747,6.6263,214.4444
egg1-math-B,stage4,egg1,Common,math,B,greedy,5,beetle|mushroom,43,0.1395,0.1163,43,20.5349,16.1399,24.9299,2,4.2,19,34.8,83,49.9535,0.2326,4.2326,50.5116
egg1-math-B,stage4,egg1,Common,math,B,random,1,mushroom,200,0,0,200,22.755,22.0239,23.4861,13,17,22,30,41,69.1,0,4.02,83.895
egg1-math-B,stage4,egg1,Common,math,B,random,2,mushroom|beetle,200,0.12,0.055,200,25.975,24.7668,27.1832,8,15,25,37,58,60.575,0,5.22,66.09
egg1-math-B,stage4,egg1,Common,math,B,random,3,mushroom|beetle,189,0.1693,0.0899,189,20.6984,19.294,22.1028,3,8,20,33.4,55,58.2751,0.037,4.1111,53.6402
egg1-math-B,stage4,egg1,Common,math,B,random,4,brute,172,0.6453,0.4593,172,25.6686,23.517,27.8202,3,6,24.5,45,68,30.1337,0.1919,5.2558,129.7907
egg1-math-B,stage4,egg1,Common,math,B,random,5,mushroom|beetle,39,0.2051,0.1282,39,21.4103,17.3822,25.4384,3,5.6,20,38.2,53,60.4103,0.3846,4.4359,56.1026
egg1-math-B,stage4,egg1,Common,math,B,random,7,beetle|mushroom,38,0.2368,0.1579,38,20.9737,16.8615,25.0859,4,5.7,21.5,37.3,51,60.3947,0.3947,4.3421,54.3947
egg1-math-B,stage4,egg1,Common,math,B,random,8,stag,73,1,1,73,23.8356,19.9388,27.7324,3,9,21,41.4,107,0,0.5068,4.9863,181.6986
egg1-math-B,stage4,egg1,Common,math,B,random,6,beetle|mushroom,38,0.2895,0.2368,38,24.4474,19.8506,29.0441,3,11.4,20.5,43.6,65,57.0526,0.4737,5.0526,58.2632
egg1-science-A,stage4,egg1,Common,science,A,greedy-egg,1,mushroom,200,0.01,0.005,200,15.67,15.3077,16.0323,11,13,16,18,31,33.955,0,2.565,90.805
egg1-science-A,stage4,egg1,Common,science,A,greedy-egg,2,mushroom|beetle,199,0.9296,0.6281,199,12.0905,11.4279,12.753,2,6,12,19,26,7.8392,0,2.5075,70.4472
egg1-science-A,stage4,egg1,Common,science,A,greedy-egg,3,beetle|mushroom,74,1,0.973,74,6.3784,5.4487,7.3081,2,2,6,13.4,18,0.4054,0,1.4324,37.5541
egg1-science-A,stage4,egg1,Common,science,A,greedy-egg,4,brute,2,1,1,2,4.5,1.56,7.44,3,3.3,4.5,5.7,6,0,0,0.5,44
egg1-science-A,stage4,egg1,Common,science,A,greedy,1,mushroom,200,0,0,200,20.195,19.5176,20.8724,12,14,20,27,38,48.075,0,3.49,106.55
egg1-science-A,stage4,egg1,Common,science,A,greedy,2,mushroom|beetle,200,0.615,0.34,200,19.71,18.509,20.911,2,9.9,18,31,43,26.025,0,3.965,92.825
egg1-science-A,stage4,egg1,Common,science,A,greedy,3,beetle|mushroom,132,0.5985,0.4621,132,15.553,13.8087,17.2974,2,3,14.5,30,42,27.9091,0.0076,3.2121,72.3939
egg1-science-A,stage4,egg1,Common,science,A,greedy,4,brute,71,0.9296,0.9014,71,14.6901,12.1714,17.2088,3,3,12,30,44,5.6056,0.0423,3.0704,112.831
egg1-science-A,stage4,egg1,Common,science,A,greedy,6,mushroom|beetle,3,0,0,3,31,23.9331,38.0669,24,25.8,33,35.4,36,79.3333,0.6667,6,142.3333
egg1-science-A,stage4,egg1,Common,science,A,greedy,7,beetle|mushroom,4,0.25,0.25,4,27.25,18.9585,35.5415,18,19.8,26.5,35.3,38,71,0.75,5.25,133.5
egg1-science-A,stage4,egg1,Common,science,A,greedy,5,mushroom|beetle,3,0.3333,0.3333,3,26.3333,16.8431,35.8235,21,21.2,22,33.2,36,31,0.6667,5,113.6667
egg1-science-A,stage4,egg1,Common,science,A,greedy,8,stag,5,1,1,5,22.8,9.4432,36.1568,9,9,21,39,45,0,0.2,4.6,214.8
egg1-science-A,stage4,egg1,Common,science,A,random,1,mushroom,200,0.05,0.005,200,20.855,20.2556,21.4544,13,16,21,26,34,41.75,0,3.67,113.995
egg1-science-A,stage4,egg1,Common,science,A,random,2,mushroom|beetle,199,0.7437,0.4975,199,18.5477,17.2449,19.8506,2,6,18,32,44,22.6533,0,3.7035,94.9095
egg1-science-A,stage4,egg1,Common,science,A,random,3,mushroom|beetle,100,0.58,0.47,100,15.56,13.6652,17.4548,2,4,15,29,42,29.43,0.04,3.25,76.97
egg1-science-A,stage4,egg1,Common,science,A,random,4,brute,53,0.9434,0.9245,53,14.3962,11.293,17.4995,3,3,12,27,66,5.2642,0.0943,3.0189,119.0943
egg1-science-A,stage4,egg1,Common,science,A,random,5,mushroom|beetle,3,0,0,3,25.3333,21.8762,28.7904,22,22.8,26,27.6,28,79,0,4.6667,134.6667
egg1-science-A,stage4,egg1,Common,science,A,random,7,mushroom,1,0,0,1,24,24,24,24,24,24,24,24,96,1,5,144
egg1-science-A,stage4,egg1,Common,science,A,random,8,stag,3,1,1,3,11,9.04,12.96,9,9.6,12,12,12,0,0,2.3333,126.6667
egg1-science-A,stage4,egg1,Common,science,A,random,6,beetle|mushroom,2,0.5,0.5,2,14.5,9.6,19.4,12,12.5,14.5,16.5,17,21.5,0,3,81.5
egg1-science-B,stage4,egg1,Common,science,B,greedy-egg,1,mushroom,200,0,0,200,13.565,13.2468,13.8832,10,11,14,15,25,43.86,0,2.31,77.63
egg1-science-B,stage4,egg1,Common,science,B,greedy-egg,2,mushroom|beetle,200,0.85,0.38,200,13.515,12.8774,14.1526,4,8,13.5,20,25,13.675,0,2.7,74.33
egg1-science-B,stage4,egg1,Common,science,B,greedy-egg,3,mushroom|beetle,124,0.9677,0.8952,124,6.7903,5.9665,7.6141,2,2,6,12,23,2.4032,0,1.3145,39.6371
egg1-science-B,stage4,egg1,Common,science,B,greedy-egg,4,brute,13,1,1,13,5.3077,2.9866,7.6288,3,3,3,8.4,18,0,0,0.8462,45.1538
egg1-science-B,stage4,egg1,Common,science,B,greedy,1,mushroom,200,0,0,200,16.805,16.291,17.319,10,12,16,20.1,25,58.925,0,3.01,86.855
egg1-science-B,stage4,egg1,Common,science,B,greedy,2,beetle|mushroom,200,0.485,0.21,200,18.53,17.5718,19.4882,6,9.9,18,28.1,35,35.385,0,3.635,87.32
egg1-science-B,stage4,egg1,Common,science,B,greedy,3,beetle|mushroom,158,0.5633,0.3734,158,14.1203,12.896,15.3445,2,4,15,25,37,31.7658,0.0063,2.7722,67.0253
egg1-science-B,stage4,egg1,Common,science,B,greedy,4,brute,99,0.9394,0.8485,99,14.7374,12.6747,16.8001,3,3,12,31,48,8.3131,0.0303,3.0202,114.3737
egg1-science-B,stage4,egg1,Common,science,B,greedy,7,mushroom,2,0.5,0,2,7,1.12,12.88,4,4.6,7,9.4,10,28.5,0,1.5,36
egg1-science-B,stage4,egg1,Common,science,B,greedy,8,stag,11,1,1,11,15.7273,8.9269,22.5277,3,6,12,29,42,0,0.1818,3.5455,154.2727
egg1-science-B,stage4,egg1,Common,science,B,greedy,6,mushroom|beetle,5,0,0,5,18.2,10.1568,26.2432,6,9.6,16,27.6,30,62,0,3.8,88.6
egg1-science-B,stage4,egg1,Common,science,B,greedy,5,beetle|mushroom,7,0.5714,0.5714,7,15.2857,6.9184,23.653,4,5.2,12,27.4,34,34.5714,0.2857,2.8571,86.5714
egg1-science-B,stage4,egg1,Common,science,B,random,1,mushroom,200,0,0,200,17.315,16.8543,17.7757,10,14,17,21,25,49.535,0,3.075,93.16
egg1-science-B,stage4,egg1,Common,science,B,random,2,mushroom|beetle,200,0.68,0.285,200,17.955,16.9779,18.9321,4,9.9,17.5,28,40,28.085,0,3.545,91.315
egg1-science-B,stage4,egg1,Common,science,B,random,3,beetle|mushroom,143,0.6643,0.5385,143,13.2238,11.9118,14.5358,2,4,12,25,34,23.5524,0.007,2.6783,65.8112
egg1-science-B,stage4,egg1,Common,science,B,random,4,brute,66,0.9242,0.8333,66,14.5303,11.9703,17.0903,3,3,12,30,43,8.0758,0.0455,2.8182,117.7424
egg1-science-B,stage4,egg1,Common,science,B,random,8,stag,7,1,1,7,10.7143,8.9657,12.4629,6,7.8,12,12,12,0,0,2,123.2857
egg1-science-B,stage4,egg1,Common,science,B,random,7,mushroom|beetle,4,0.5,0.25,4,15.5,5.0518,25.9482,2,5.9,16,24.7,28,56.75,0.5,3.25,70.75
egg1-science-B,stage4,egg1,Common,science,B,random,5,beetle|mushroom,5,0.6,0.4,5,15.2,6.9914,23.4086,3,5,18,23.8,25,33,0,3,82.8
egg1-science-B,stage4,egg1,Common,science,B,random,6,beetle|mushroom,3,0.3333,0.3333,3,20.6667,10.3987,30.9346,14,14.6,17,28.2,31,56,0.6667,4,81.6667
egg2-balanced-A,stage4,egg2,Common,balanced,A,greedy-egg,1,mushroom,200,0.01,0.005,200,111.7,105.8298,117.5702,24,60,108.5,165,260,84.68,0.195,18.05,312.045
egg2-balanced-A,stage4,egg2,Common,balanced,A,greedy-egg,2,mushroom|beetle,199,0.2261,0.1357,199,151.6784,142.8246,160.5322,24,82,139,237,366,75.0201,1.5327,25.2814,355.0452
egg2-balanced-A,stage4,egg2,Common,balanced,A,greedy-egg,3,mushroom|beetle,172,0.3198,0.2267,172,144.0116,131.3181,156.7052,3,30,147,253.8,378,63.7674,3.0349,24.5058,336.7733
egg2-balanced-A,stage4,egg2,Common,balanced,A,greedy-egg,4,brute,133,0.8947,0.8571,133,75.8571,65.1446,86.5697,3,15,57,183.8,266,10.4511,1.5489,12.9098,349.1429
egg2-balanced-A,stage4,egg2,Common,balanced,A,greedy-egg,5,mushroom|beetle,10,0.2,0,10,86.9,40.9447,132.8553,22,29.2,43,160.4,245,84.2,1.8,14.6,203.1
egg2-balanced-A,stage4,egg2,Common,balanced,A,greedy-egg,7,beetle|mushroom,6,0.6667,0.5,6,58.3333,19.5482,97.1184,9,19.5,49.5,106,149,41.8333,2,9.8333,147.8333
egg2-balanced-A,stage4,egg2,Common,balanced,A,greedy-egg,8,stag,14,1,1,14,55.1429,34.0672,76.2185,9,12,46.5,103.8,117,0,1.4286,9.6429,314.2143
egg2-balanced-A,stage4,egg2,Common,balanced,A,greedy-egg,6,mushroom|beetle,3,0.6667,0.6667,3,90.3333,20.5,160.1667,22,39,107,135,142,25.6667,2.3333,15.3333,266
egg2-balanced-A,stage4,egg2,Common,balanced,A,greedy,1,mushroom,200,0.065,0.02,200,53.615,50.2573,56.9727,17,26,49,84,143,63.63,0.01,8.395,218.725
egg2-balanced-A,stage4,egg2,Common,balanced,A,greedy,2,beetle|mushroom,196,0.4031,0.2245,196,51.1582,46.3618,55.9546,3,10,45.5,96,177,52.5153,0.1276,8.5102,180.102
egg2-balanced-A,stage4,egg2,Common,balanced,A,greedy,3,mushroom|beetle,152,0.3224,0.2171,152,44.4605,39.6077,49.3133,1,6,40,80.9,177,55.4539,0.4013,7.4934,155.875
egg2-balanced-A,stage4,egg2,Common,balanced,A,greedy,4,brute,119,0.8571,0.8235,119,32.9496,28.1763,37.7229,2,6,24,72,131,9.9664,0.2437,5.7059,207.916
egg2-balanced-A,stage4,egg2,Common,balanced,A,greedy,5,mushroom|beetle,10,0.4,0.4,10,43.7,12.527,74.873,2,5.6,23,90.2,164,47.2,0.8,7.4,161.4
egg2-balanced-A,stage4,egg2,Common,balanced,A,greedy,7,mushroom|beetle,10,0.6,0.5,10,34.2,19.6825,48.7175,3,8.4,36.5,56.8,73,42.5,0.6,6.5,141.9
egg2-balanced-A,stage4,egg2,Common,balanced,A,greedy,8,stag,12,1,1,12,31.0833,10.2336,51.933,3,6.3,15,79.7,125,0,0.9167,5.4167,214.25
egg2-balanced-A,stage4,egg2,Common,balanced,A,greedy,6,mushroom|beetle,8,0.25,0,8,41.25,15.5135,66.9865,1,8,35,87.6,110,53,0.5,6.875,166.75
egg2-balanced-A,stage4,egg2,Common,balanced,A,random,1,mushroom,200,0.205,0.08,200,54.82,51.5175,58.1225,20,27.9,51,88,172,55.375,0.07,8.575,231.575
egg2-balanced-A,stage4,egg2,Common,balanced,A,random,2,beetle|mushroom,184,0.5054,0.3098,184,52.9891,47.7604,58.2178,2,10,45,108.7,150,44.9076,0.4022,8.875,188.4185
egg2-balanced-A,stage4,egg2,Common,balanced,A,random,3,mushroom|beetle,127,0.5433,0.3937,127,43.2598,37.266,49.2537,1,6,38,84,167,39.811,0.6929,7.4173,161.7874
egg2-balanced-A,stage4,egg2,Common,balanced,A,random,4,brute,77,0.961,0.9091,77,27.5714,21.9585,33.1844,3,6,15,66.8,103,4.7143,0.3117,4.8182,181.6623
egg2-balanced-A,stage4,egg2,Common,balanced,A,random,5,beetle,3,0.6667,0.6667,3,56,-9.9446,121.9446,6,13.2,42,104.4,120,33.3333,1.3333,9.6667,205
egg2-balanced-A,stage4,egg2,Common,balanced,A,random,8,stag,5,1,1,5,12.8,5.8593,19.7407,6,7.2,9,21.2,26,0,0.4,2.2,98.6
egg2-balanced-A,stage4,egg2,Common,balanced,A,random,6,beetle,1,0,0,1,42,42,42,42,42,42,42,42,100,0,9,126
egg2-balanced-A,stage4,egg2,Common,balanced,A,random,7,mushroom,1,0,0,1,37,37,37,37,37,37,37,37,66,0,6,172
egg2-balanced-B,stage4,egg2,Common,balanced,B,greedy-egg,1,mushroom,200,0,0,200,111.635,105.7826,117.4874,24,60,108.5,165,260,93.41,0.195,18.04,173.985
egg2-balanced-B,stage4,egg2,Common,balanced,B,greedy-egg,2,mushroom|beetle,200,0.035,0.015,200,161.575,151.9625,171.1875,51,82,147.5,255,374,91.94,1.74,26.91,184.19
egg2-balanced-B,stage4,egg2,Common,balanced,B,greedy-egg,3,mushroom|beetle,197,0.0305,0.0254,197,164.2893,152.17,176.4087,18,29.2,165,268.8,392,89.8883,3.736,27.9086,186.335
egg2-balanced-B,stage4,egg2,Common,balanced,B,greedy-egg,4,brute,192,0.7448,0.6875,192,147.5833,134.0027,161.164,6,33.3,136.5,284.2,399,25.3594,3.8906,25.0729,425.7917
egg2-balanced-B,stage4,egg2,Common,balanced,B,greedy-egg,8,stag,54,1,0.9815,54,65.2593,53.2463,77.2722,6,18.9,52.5,131.4,177,0.8889,2.037,11.1667,287.5926
egg2-balanced-B,stage4,egg2,Common,balanced,B,greedy-egg,5,mushroom|beetle,24,0.1667,0.1667,24,118.8333,75.1034,162.5632,16,20,60,296.5,317,76,4,20.4583,161.125
egg2-balanced-B,stage4,egg2,Common,balanced,B,greedy-egg,6,beetle|mushroom,17,0.1176,0.0588,17,84.5294,43.6776,125.3812,18,21.2,32,166.4,323,86.3529,2.7647,14.2941,125.6471
egg2-balanced-B,stage4,egg2,Common,balanced,B,greedy-egg,7,beetle|mushroom,13,0.0769,0.0769,13,85.1538,37.1547,133.153,18,20.2,33,228.2,258,79.5385,2.9231,14.6154,105.5385
egg2-balanced-B,stage4,egg2,Common,balanced,B,greedy,1,mushroom,200,0,0,200,53.935,50.5844,57.2856,17,27,49,84,143,84.725,0.01,8.45,130.325
egg2-balanced-B,stage4,egg2,Common,balanced,B,greedy,2,beetle|mushroom,200,0.005,0,200,56.1,51.8963,60.3037,3,23.9,50,94.1,177,86.505,0.14,9.27,98.935
egg2-balanced-B,stage4,egg2,Common,balanced,B,greedy,3,mushroom|beetle,200,0.035,0.015,200,51.68,47.139,56.221,1,16.9,42,94.1,156,85.53,0.55,8.78,88.555
egg2-balanced-B,stage4,egg2,Common,balanced,B,greedy,4,brute,197,0.4721,0.3249,197,70.6751,64.771,76.5793,2,23.6,63,132.8,241,46.3147,1.0711,12.0051,266.9695
egg2-balanced-B,stage4,egg2,Common,balanced,B,greedy,6,beetle|mushroom,63,0.0635,0.0635,63,41.5556,33.272,49.8391,1,11.2,31,99.8,136,77.5714,0.7619,7.1429,78.9365
egg2-balanced-B,stage4,egg2,Common,balanced,B,greedy,7,mushroom|beetle,55,0.0364,0.0364,55,51.0182,39.9616,62.0747,1,15,36,99.6,221,78.2364,1.3273,8.9636,94.9273
egg2-balanced-B,stage4,egg2,Common,balanced,B,greedy,8,stag,125,0.984,0.96,125,46.856,40.5333,53.1787,6,12,36,100.2,170,3.552,1.064,8.168,259.392
egg2-balanced-B,stage4,egg2,Common,balanced,B,greedy,5,beetle|mushroom,51,0.0588,0.0392,51,57.7647,45.9406,69.5888,2,11,52,113,203,80.451,1.1961,10.0196,101.6863
egg2-balanced-B,stage4,egg2,Common,balanced,B,random,1,mushroom,200,0,0,200,55.335,52.0565,58.6135,21,29,51,88.1,172,82.395,0.07,8.62,137.08
egg2-balanced-B,stage4,egg2,Common,balanced,B,random,2,beetle|mushroom,200,0.045,0.005,200,64.67,59.574,69.766,6,27,54,123.1,186,82.8,0.58,10.76,114.165
egg2-balanced-B,stage4,egg2,Common,balanced,B,random,3,beetle|mushroom,199,0.0804,0.0452,199,52.0905,46.6079,57.573,1,15.8,42,107.2,239,78.6633,0.9397,8.9347,93.2563
egg2-balanced-B,stage4,egg2,Common,balanced,B,random,4,brute,190,0.6316,0.5316,190,57.5895,52.3111,62.8678,2,19.8,46,117,183,27.5421,1.1579,9.8526,230.3526
egg2-balanced-B,stage4,egg2,Common,balanced,B,random,6,beetle|mushroom,34,0.1765,0.1471,34,45.5588,30.9464,60.1712,1,4.3,27,105.9,180,61.0294,1.1765,7.9118,84.5294
egg2-balanced-B,stage4,egg2,Common,balanced,B,random,8,stag,76,1,1,76,33.1316,26.6431,39.6201,6,12,27,60,183,0,0.8947,5.8816,197.3684
egg2-balanced-B,stage4,egg2,Common,balanced,B,random,7,mushroom|beetle,28,0.1071,0.1071,28,44.4643,30.3357,58.5928,2,15.5,32.5,102.3,155,70.8571,1.1071,7.8214,84.5714
egg2-balanced-B,stage4,egg2,Common,balanced,B,random,5,mushroom|beetle,39,0.2564,0.1282,39,39,25.9978,52.0022,1,6,30,72,192,62.4872,1.2051,6.6667,72.4615
egg2-control,control_stage1-3,egg2,Common,balanced,A,greedy-egg,1,mushroom,200,0.01,0.005,200,102.505,96.9141,108.0959,23,54.9,101,157.4,236,84.565,0.15,0,293.3
egg2-control,control_stage1-3,egg2,Common,balanced,A,greedy-egg,2,beetle|mushroom,199,0.1357,0.0653,199,133.1256,124.953,141.2982,12,62.4,129,209.2,312,78.392,1.1005,0,317.0754
egg2-control,control_stage1-3,egg2,Common,balanced,A,greedy-egg,3,beetle|mushroom,186,0.2903,0.172,186,113.9301,104.2055,123.6548,6,30,108.5,203,308,69.9032,1.5645,0,280.9409
egg2-control,control_stage1-3,egg2,Common,balanced,A,greedy-egg,4,brute,154,0.8961,0.8377,154,65.2273,55.7671,74.6874,3,15,45,140.1,299,12.9351,0.9091,0,312.8052
egg2-control,control_stage1-3,egg2,Common,balanced,A,greedy-egg,5,mushroom|beetle,9,0.1111,0.1111,9,38.6667,19.7369,57.5964,18,19.6,30,63,111,75.1111,0.5556,0,125
egg2-control,control_stage1-3,egg2,Common,balanced,A,greedy-egg,7,beetle|mushroom,10,0.1,0.1,10,37.4,30.0885,44.7115,20,27.2,34.5,51.9,60,83.7,0.4,0,101.9
egg2-control,control_stage1-3,egg2,Common,balanced,A,greedy-egg,8,stag,23,1,1,23,42.8696,27.7887,57.9505,12,12,36,107.2,129,0,0.4348,0,274.3043
egg2-control,control_stage1-3,egg2,Common,balanced,A,greedy-egg,6,beetle|mushroom,13,0.0769,0,13,53.8462,13.8053,93.887,22,25.2,33,54,297,77.8462,0.7692,0,132.3077
egg2-control,control_stage1-3,egg2,Common,balanced,A,greedy,1,mushroom,200,0.045,0.015,200,50.33,47.0512,53.6088,16,24,47,80.1,140,61.2,0.005,0,204.545
egg2-control,control_stage1-3,egg2,Common,balanced,A,greedy,2,beetle|mushroom,197,0.4213,0.1777,197,49.2893,45.2861,53.2925,3,16.8,46,84,164,55.2335,0.1015,0,174.7107
egg2-control,control_stage1-3,egg2,Common,balanced,A,greedy,3,beetle|mushroom,162,0.3765,0.2284,162,44.4938,39.3568,49.6308,1,6,37,84.9,178,54.4815,0.2407,0,155.8704
egg2-control,control_stage1-3,egg2,Common,balanced,A,greedy,4,brute,125,0.904,0.84,125,32.04,27.3331,36.7469,2,6,24,73.8,156,6.168,0.12,0,202.344
egg2-control,control_stage1-3,egg2,Common,balanced,A,greedy,5,beetle|mushroom,6,0.1667,0.1667,6,40.5,18.7935,62.2065,3,15.5,35,71,78,60.8333,0,0,134.5
egg2-control,control_stage1-3,egg2,Common,balanced,A,greedy,6,mushroom|beetle,5,0.6,0.6,5,24.2,2.9776,45.4224,2,6,18,48.6,65,11.2,0.2,0,108.6
egg2-control,control_stage1-3,egg2,Common,balanced,A,greedy,7,beetle|mushroom,6,0.5,0.5,6,24.1667,7.7727,40.5606,2,4,22.5,46,53,29.6667,0.1667,0,95
egg2-control,control_stage1-3,egg2,Common,balanced,A,greedy,8,stag,13,1,1,13,19.6154,13.942,25.2888,9,9,15,32.4,39,0,0,0,173.9231
egg2-control,control_stage1-3,egg2,Common,balanced,A,random,1,mushroom,200,0.21,0.07,200,51.435,48.2407,54.6293,19,26,48,82.1,168,53.39,0.06,0,217.085
egg2-control,control_stage1-3,egg2,Common,balanced,A,random,2,mushroom|beetle,186,0.5054,0.3495,186,45.9731,41.1123,50.834,3,8,40.5,90.5,154,40,0.3011,0,165.8602
egg2-control,control_stage1-3,egg2,Common,balanced,A,random,3,beetle|mushroom,121,0.5289,0.3719,121,37.2066,31.5653,42.848,1,6,26,81,159,36.5041,0.438,0,141.6198
egg2-control,control_stage1-3,egg2,Common,balanced,A,random,4,brute,76,0.9868,0.9474,76,21.1974,16.287,26.1077,3,3,12,52.5,97,2.4868,0.1316,0,147.0921
egg2-control,control_stage1-3,egg2,Common,balanced,A,random,5,beetle,2,1,1,2,6,6,6,6,6,6,6,6,0,0,0,40
egg2-control,control_stage1-3,egg2,Common,balanced,A,random,8,stag,2,1,1,2,33,9.48,56.52,21,23.4,33,42.6,45,0,0.5,0,246
egg2-control,control_stage1-3,egg2,Common,balanced,A,random,6,beetle,1,0,0,1,31,31,31,31,31,31,31,31,60,0,0,129
egg2-math-A,stage4,egg2,Common,math,A,greedy-egg,1,mushroom,200,0,0,200,33.905,33.1254,34.6846,17,26.9,36,42,48,83.325,0,5.435,111.735
egg2-math-A,stage4,egg2,Common,math,A,greedy-egg,2,mushroom|beetle,200,0.015,0.005,200,43.955,42.1154,45.7946,12,30,41,60,85,88.415,0.005,7.27,110.325
egg2-math-A,stage4,egg2,Common,math,A,greedy-egg,3,beetle|mushroom,199,0.0151,0.0101,199,40.1658,38.0001,42.3316,10,21,37,60,86,84.7337,0.1307,6.8693,100.2462
egg2-math-A,stage4,egg2,Common,math,A,greedy-egg,4,brute,197,0.4873,0.2944,197,57.3858,54.2749,60.4967,6,24,63,83,92,53.0203,0.5279,9.7056,251.4822
egg2-math-A,stage4,egg2,Common,math,A,greedy-egg,8,stag,127,0.9921,0.9921,127,41.2441,35.5436,46.9446,6,12,27,85.2,156,0.6378,1.0079,7.1496,261.5276
egg2-math-A,stage4,egg2,Common,math,A,greedy-egg,5,mushroom|beetle,57,0.1053,0.0702,57,38.7193,33.9766,43.462,4,21,35,64.8,89,83.7719,0.5439,6.7018,99.7719
egg2-math-A,stage4,egg2,Common,math,A,greedy-egg,6,beetle|mushroom,57,0.1053,0.0702,57,39.0877,33.9313,44.2441,4,18,35,66,94,74.386,0.6842,6.7719,96.2281
egg2-math-A,stage4,egg2,Common,math,A,greedy-egg,7,mushroom|beetle,60,0.1,0.0667,60,30.3833,26.2546,34.5121,3,16.9,26,49.9,83,80.6833,0.5,5.3167,77.1833
egg2-math-A,stage4,egg2,Common,math,A,greedy,1,mushroom,200,0.005,0,200,28.69,27.7248,29.6552,13,20,29,37,44,62.115,0,4.425,123.495
egg2-math-A,stage4,egg2,Common,math,A,greedy,2,beetle|mushroom,200,0.33,0.15,200,32.605,30.5167,34.6933,2,13.9,32,54,74,57.595,0,5.365,114.2
egg2-math-A,stage4,egg2,Common,math,A,greedy,3,mushroom|beetle,170,0.2471,0.1588,170,28.1059,25.9793,30.2324,2,10.9,27,45.2,85,58.3706,0.0706,4.7353,100.0824
egg2-math-A,stage4,egg2,Common,math,A,greedy,4,brute,143,0.7483,0.6084,143,31.2028,27.8828,34.5228,3,6,28,62,81,21.8881,0.1608,5.2517,183.3357
egg2-math-A,stage4,egg2,Common,math,A,greedy,5,beetle|mushroom,15,0.1333,0.0667,15,33,23.7118,42.2882,6,12.4,28,59,64,70.8667,0.3333,5.8667,104.6667
egg2-math-A,stage4,egg2,Common,math,A,greedy,6,mushroom|beetle,23,0.3043,0.1739,23,26.5652,20.9483,32.1822,4,12,23,47.8,55,57.9565,0.2609,4.5652,97.2609
egg2-math-A,stage4,egg2,Common,math,A,greedy,7,beetle|mushroom,20,0.15,0.1,20,31.05,23.5292,38.5708,6,15.6,27,51.1,72,63.8,0.5,5.35,105.75
egg2-math-A,stage4,egg2,Common,math,A,greedy,8,stag,49,1,1,49,21.8776,16.134,27.6211,3,6,15,40.2,111,0,0.2653,3.7347,173.3878
egg2-math-A,stage4,egg2,Common,math,A,random,1,mushroom,200,0.055,0.005,200,29.47,28.5136,30.4264,17,21,30,38.1,48,54.6,0,4.57,132.23
egg2-math-A,stage4,egg2,Common,math,A,random,2,mushroom|beetle,199,0.4673,0.2412,199,31.7688,29.52,34.0177,2,9.8,30,54,73,50.8492,0.0201,5.2764,118.593
egg2-math-A,stage4,egg2,Common,math,A,random,3,mushroom|beetle,151,0.2848,0.1987,151,28.0066,25.5869,30.4263,2,8,26,47,81,55.6358,0.1325,4.7152,103.1391
egg2-math-A,stage4,egg2,Common,math,A,random,4,brute,121,0.8512,0.7686,121,27.4298,24.0068,30.8527,3,6,21,51,86,12.2479,0.2479,4.595,178.5124
egg2-math-A,stage4,egg2,Common,math,A,random,6,mushroom|beetle,10,0.4,0.3,10,26.2,20.0171,32.3829,9,17.1,25.5,34.3,46,39.5,0.6,4.6,100.9
egg2-math-A,stage4,egg2,Common,math,A,random,7,beetle|mushroom,6,0.3333,0.3333,6,30.1667,10.01,50.3234,6,8,21.5,61,64,43.3333,1,5.3333,129
egg2-math-A,stage4,egg2,Common,math,A,random,8,stag,17,1,1,17,18.2941,9.9113,26.677,3,6,12,39,69,0,0.3529,3.4118,141.0588
egg2-math-A,stage4,egg2,Common,math,A,random,5,beetle|mushroom,9,0.6667,0.6667,9,16.3333,5.733,26.9337,3,3.8,12,31.8,55,30,0,3,66.6667
egg2-math-B,stage4,egg2,Common,math,B,greedy-egg,1,mushroom,200,0,0,200,111.635,105.7826,117.4874,24,60,108.5,165,260,90.785,0.195,18.04,219.77
egg2-math-B,stage4,egg2,Common,math,B,greedy-egg,2,mushroom|beetle,200,0.055,0.015,200,161.955,152.2002,171.7098,51,82,146.5,255.2,374,89.76,1.725,26.97,243.025
egg2-math-B,stage4,egg2,Common,math,B,greedy-egg,3,mushroom|beetle,197,0.1015,0.0558,197,158.8528,146.7767,170.9289,16,30.6,155,266.8,392,82.0457,3.5127,27,236.4721
egg2-math-B,stage4,egg2,Common,math,B,greedy-egg,4,brute,186,0.7312,0.672,186,142.7366,129.2617,156.2114,3,32.5,135,275.5,391,26.7473,3.5753,24.1667,414.371
egg2-math-B,stage4,egg2,Common,math,B,greedy-egg,8,stag,52,1,1,52,65.1346,50.5678,79.7014,6,21,52.5,149.1,252,0,1.8654,11.1731,286.9038
egg2-math-B,stage4,egg2,Common,math,B,greedy-egg,5,mushroom|beetle,21,0.3333,0.2857,21,85.9524,56.4851,115.4197,18,25,62,167,245,62.619,2.2381,14.6667,152.2857
egg2-math-B,stage4,egg2,Common,math,B,greedy-egg,7,beetle|mushroom,22,0.0909,0.0909,22,46.7273,21.7275,71.727,18,21.2,24,85.2,274,86.5909,1.5,8,70.9545
egg2-math-B,stage4,egg2,Common,math,B,greedy-egg,6,beetle|mushroom,19,0.2632,0.0526,19,67.5789,34.129,101.0289,20,21.8,30,156,274,77.6842,2.1579,11.5789,119.7368
egg2-math-B,stage4,egg2,Common,math,B,greedy,1,mushroom,200,0,0,200,53.935,50.5844,57.2856,17,27,49,84,143,79.09,0.01,8.45,156.045
egg2-math-B,stage4,egg2,Common,math,B,greedy,2,beetle|mushroom,200,0.065,0.02,200,55.925,51.6558,60.1942,3,22.9,50,95,177,79.855,0.14,9.235,120.645
egg2-math-B,stage4,egg2,Common,math,B,greedy,3,mushroom|beetle,196,0.0612,0.0204,196,50.8673,46.3705,55.3642,1,16.5,42,91.5,151,78.9235,0.5306,8.648,107.8214
egg2-math-B,stage4,egg2,Common,math,B,greedy,4,brute,192,0.5052,0.3385,192,69.7083,63.117,76.2997,2,18,60,140.9,241,44.1979,1.0052,11.849,264.8646
egg2-math-B,stage4,egg2,Common,math,B,greedy,6,beetle|mushroom,53,0.1321,0.0566,53,45.1887,33.7275,56.6499,1,3,31,108.2,191,69.9057,0.9245,7.7547,93.9245
egg2-math-B,stage4,egg2,Common,math,B,greedy,7,mushroom|beetle,54,0.1481,0.0741,54,52.7037,39.2156,66.1918,1,14.3,39,97.2,330,76.0741,1.4074,9.1667,122.3889
egg2-math-B,stage4,egg2,Common,math,B,greedy,8,stag,113,1,0.9912,113,47.5398,40.333,54.7466,3,12,36,98.8,201,0.885,0.9735,8.1858,254.3451
egg2-math-B,stage4,egg2,Common,math,B,greedy,5,mushroom|beetle,50,0.18,0.14,50,59.22,46.8944,71.5456,2,17.9,50,127.5,203,66.3,1.26,10.26,126.44
egg2-math-B,stage4,egg2,Common,math,B,random,1,mushroom,200,0.005,0,200,55.335,52.0565,58.6135,21,29,51,88.1,172,75.445,0.07,8.62,162.955
egg2-math-B,stage4,egg2,Common,math,B,random,2,beetle|mushroom,200,0.12,0.035,200,63.385,58.4023,68.3677,14,27,53,121.1,186,74.5,0.555,10.54,136.555
egg2-math-B,stage4,egg2,Common,math,B,random,3,beetle|mushroom,193,0.1554,0.0984,193,50.5078,45.1735,55.842,1,16,40,104.6,228,69.6528,0.8653,8.6891,109.0674
egg2-math-B,stage4,egg2,Common,math,B,random,4,brute,174,0.6494,0.5172,174,52.9023,48.0011,57.8035,1,18,44.5,102,166,29.0287,0.9713,9.0172,214.3161
egg2-math-B,stage4,egg2,Common,math,B,random,8,stag,70,1,0.9857,70,39.0286,30.7255,47.3316,6,12,30,77.7,229,1.3143,0.9857,6.8143,214.8714
egg2-math-B,stage4,egg2,Common,math,B,random,6,mushroom|beetle,25,0.24,0.24,25,29.44,16.71,42.17,1,2,20,79.6,124,49.88,0.64,5.04,66.64
egg2-math-B,stage4,egg2,Common,math,B,random,7,mushroom|beetle,31,0.1935,0.129,31,31.3548,22.552,40.1576,3,10,24,66,103,68.4839,0.6774,5.7097,71.4194
egg2-math-B,stage4,egg2,Common,math,B,random,5,beetle|mushroom,29,0.1724,0.1379,29,40.6897,26.2067,55.1726,1,4.8,30,79,184,58.1724,1.3448,6.9655,92.931
egg2-science-A,stage4,egg2,Common,science,A,greedy-egg,1,mushroom,200,0,0,200,111.635,105.7826,117.4874,24,60,108.5,165,260,94.105,0.195,18.04,244.635
egg2-science-A,stage4,egg2,Common,science,A,greedy-egg,2,mushroom|beetle,200,0.025,0.015,200,160.85,151.2892,170.4108,51,82,146.5,254.1,374,93.145,1.705,26.78,289.055
egg2-science-A,stage4,egg2,Common,science,A,greedy-egg,3,mushroom|beetle,197,0.0152,0.0051,197,164.4619,152.338,176.5859,18,32.2,162,285.4,392,93.335,3.6954,27.9594,300.4619
egg2-science-A,stage4,egg2,Common,science,A,greedy-egg,4,brute,196,0.7143,0.6378,196,167.2551,152.822,181.6882,15,33.5,168,300,429,30.5561,4.5765,28.3418,703.8827
egg2-science-A,stage4,egg2,Common,science,A,greedy-egg,6,beetle|mushroom,29,0.1379,0.069,29,105.5517,67.3042,143.7992,12,23.6,33,282.4,323,89.2414,3.7241,18,239.1724
egg2-science-A,stage4,egg2,Common,science,A,greedy-egg,8,stag,64,0.9688,0.9688,64,79.375,65.1956,93.5544,12,21.9,61.5,159.3,252,3.125,2.3906,13.6875,463.7969
egg2-science-A,stage4,egg2,Common,science,A,greedy-egg,5,mushroom|beetle,31,0.129,0.0968,31,112.7097,71.7085,153.7108,4,22,42,317,394,80.871,3.5806,19.5484,264.0645
egg2-science-A,stage4,egg2,Common,science,A,greedy-egg,7,beetle|mushroom,24,0.0833,0.0833,24,86.9583,48.1024,125.8143,14,24,37.5,234.6,377,88.1667,3.9167,14.9583,200.8333
egg2-science-A,stage4,egg2,Common,science,A,greedy,1,mushroom,200,0,0,200,53.935,50.5844,57.2856,17,27,49,84,143,89.735,0.01,8.45,182.76
egg2-science-A,stage4,egg2,Common,science,A,greedy,2,beetle|mushroom,200,0,0,200,56.16,51.9652,60.3548,3,24,50,94.1,177,91.83,0.14,9.28,159.79
egg2-science-A,stage4,egg2,Common,science,A,greedy,3,mushroom|beetle,200,0.01,0,200,52.61,47.9931,57.2269,1,17,43,94.1,187,92.55,0.575,8.93,144.505
egg2-science-A,stage4,egg2,Common,science,A,greedy,4,brute,200,0.44,0.245,200,73.9,67.6958,80.1042,2,26.9,63,141.2,241,57.375,1.125,12.53,404.15
egg2-science-A,stage4,egg2,Common,science,A,greedy,6,beetle|mushroom,64,0.0313,0.0313,64,48.5625,37.3251,59.7999,1,10.3,34,110.7,264,84.1094,1.1094,8.4219,146.5781
egg2-science-A,stage4,egg2,Common,science,A,greedy,7,mushroom|beetle,66,0.0303,0.0152,66,47.5606,38.6985,56.4227,2,18,36,94,221,88.8182,0.9545,8.303,141.4242
egg2-science-A,stage4,egg2,Common,science,A,greedy,8,stag,147,0.9932,0.9864,147,50.7687,44.4519,57.0855,6,15,42,94.8,231,0.8571,1.1973,8.7551,383.1701
egg2-science-A,stage4,egg2,Common,science,A,greedy,5,mushroom|beetle,60,0.0333,0.0167,60,56.5167,45.8545,67.1788,2,17.4,44,114.4,203,87.5667,1.2333,9.7333,162.9833
egg2-science-A,stage4,egg2,Common,science,A,random,1,mushroom,200,0,0,200,55.335,52.0565,58.6135,21,29,51,88.1,172,88.435,0.07,8.62,197.99
egg2-science-A,stage4,egg2,Common,science,A,random,2,beetle|mushroom,200,0.01,0.005,200,65.075,59.9908,70.1592,14,27,55,124.1,186,89.875,0.58,10.835,188.63
egg2-science-A,stage4,egg2,Common,science,A,random,3,beetle|mushroom,199,0.0352,0.0251,199,53.7889,48.3994,59.1785,1,19,44,103.8,239,87.4322,0.9698,9.1709,161.4523
egg2-science-A,stage4,egg2,Common,science,A,random,4,brute,194,0.5773,0.3814,194,66.8866,61.479,72.2942,2,27,56,123,222,43.7423,1.3814,11.4227,393.0309
egg2-science-A,stage4,egg2,Common,science,A,random,6,beetle|mushroom,45,0.1111,0.0889,45,44.1333,33.4252,54.8415,2,5.4,34,92.8,180,75.0222,1.1556,7.6222,158.0889
egg2-science-A,stage4,egg2,Common,science,A,random,8,stag,110,0.9909,0.9909,110,41.5818,35.1154,48.0482,3,12,30,90,183,0.6727,1.1455,7.3455,318.5909
egg2-science-A,stage4,egg2,Common,science,A,random,5,beetle|mushroom,49,0.0816,0.0816,49,45.4694,34.3615,56.5773,1,11.2,36,92,192,75.2041,1.3673,7.7959,150.0204
egg2-science-A,stage4,egg2,Common,science,A,random,7,mushroom|beetle,44,0.0682,0.0455,44,42.9545,32.128,53.7811,2,12.9,31,95.5,155,77.5,1.2045,7.5455,138.6364
egg2-science-B,stage4,egg2,Common,science,B,greedy-egg,1,mushroom,200,0,0,200,111.635,105.7826,117.4874,24,60,108.5,165,260,96.2,0.195,18.04,249.915
egg2-science-B,stage4,egg2,Common,science,B,greedy-egg,2,mushroom|beetle,200,0.025,0.015,200,161.54,151.8079,171.2721,51,82,146.5,254.1,388,94.02,1.735,26.9,267.94
egg2-science-B,stage4,egg2,Common,science,B,greedy-egg,3,mushroom|beetle,197,0.0203,0.0152,197,163.8883,151.8656,175.911,18,33.6,162,274.8,392,93.3807,3.6802,27.8325,287.9746
egg2-science-B,stage4,egg2,Common,science,B,greedy-egg,4,brute,194,0.7577,0.6598,194,157.4742,143.2202,171.7282,9,33,156,286.8,535,28.1134,4.2113,26.7216,668.1649
egg2-science-B,stage4,egg2,Common,science,B,greedy-egg,8,stag,60,0.9833,0.9833,60,68.8333,55.7531,81.9136,6,20.8,50.5,144.3,231,1.6667,2.05,12.05,400.2833
egg2-science-B,stage4,egg2,Common,science,B,greedy-egg,5,mushroom|beetle,26,0.1154,0.0385,26,128.5385,84.7435,172.3335,18,26,93.5,314.5,394,91.1538,4.1154,22.2308,284.4615
egg2-science-B,stage4,egg2,Common,science,B,greedy-egg,7,beetle|mushroom,23,0.087,0.087,23,122.2609,75.858,168.6638,16,22.4,90,279.6,377,86.1304,5.3913,21.3478,278.0435
egg2-science-B,stage4,egg2,Common,science,B,greedy-egg,6,mushroom|beetle,28,0.1429,0.1071,28,102,68.7349,135.2651,22,27,42,204.6,323,83.2143,3.3929,17.5357,228.7857
egg2-science-B,stage4,egg2,Common,science,B,greedy,1,mushroom,200,0,0,200,53.935,50.5844,57.2856,17,27,49,84,143,90.425,0.01,8.45,196.805
egg2-science-B,stage4,egg2,Common,science,B,greedy,2,beetle|mushroom,200,0,0,200,56.16,51.9652,60.3548,3,24,50,94.1,177,92.27,0.14,9.28,160.835
egg2-science-B,stage4,egg2,Common,science,B,greedy,3,mushroom|beetle,200,0.015,0,200,52.575,48.105,57.045,1,17.9,43,94.1,156,93.02,0.545,8.92,144.59
egg2-science-B,stage4,egg2,Common,science,B,greedy,4,brute,200,0.45,0.295,200,71.83,65.6358,78.0242,2,25.8,63,135.3,241,53.675,1.04,12.215,402.73
egg2-science-B,stage4,egg2,Common,science,B,greedy,6,beetle|mushroom,54,0.0926,0.0556,54,49.9259,35.5465,64.3053,1,7.9,34.5,111.4,337,85.8519,1.2407,8.6481,156.1667
egg2-science-B,stage4,egg2,Common,science,B,greedy,7,mushroom|beetle,58,0.0517,0.0345,58,48.8966,38.8635,58.9296,2,16.7,34,97.6,221,83.8793,1.1034,8.569,155.3276
egg2-science-B,stage4,egg2,Common,science,B,greedy,8,stag,134,1,1,134,45.6567,39.5375,51.7759,3,15,35,89.1,204,0,1.1418,8.0299,355.7313
egg2-science-B,stage4,egg2,Common,science,B,greedy,5,mushroom|beetle,49,0.0612,0.0408,49,59.7143,47.6315,71.7971,2,18.6,53,115.8,203,84.7959,1.3061,10.3265,177.7551
egg2-science-B,stage4,egg2,Common,science,B,random,1,mushroom,200,0,0,200,55.335,52.0565,58.6135,21,29,51,88.1,172,90.22,0.07,8.62,212.835
egg2-science-B,stage4,egg2,Common,science,B,random,2,beetle|mushroom,200,0.015,0.01,200,64.895,59.8403,69.9497,14,27,55,123.1,186,89.56,0.575,10.805,188.33
egg2-science-B,stage4,egg2,Common,science,B,random,3,beetle|mushroom,198,0.0556,0.0354,198,53.9697,48.5815,59.3579,1,20,44.5,104.2,239,87.8687,0.9798,9.202,165.8788
egg2-science-B,stage4,egg2,Common,science,B,random,4,brute,191,0.5969,0.466,191,67.1099,61.1396,73.0803,6,25,54,129,210,37.4293,1.4346,11.5393,394.8953
egg2-science-B,stage4,egg2,Common,science,B,random,7,beetle|mushroom,35,0.0571,0.0286,35,48.2286,35.7488,60.7083,3,18.8,36,112,155,77.5714,1.4286,8.3714,159.1714
egg2-science-B,stage4,egg2,Common,science,B,random,8,stag,89,1,1,89,38.2921,31.9015,44.6828,3,12,30,76.2,183,0,0.9888,6.8652,308.7416
egg2-science-B,stage4,egg2,Common,science,B,random,6,mushroom|beetle,36,0.2222,0.2222,36,52.6667,39.9872,65.3461,2,16,39,103.5,180,64.9444,1.5,9.25,197
egg2-science-B,stage4,egg2,Common,science,B,random,5,mushroom|beetle,38,0.1053,0.1053,38,53.1842,37.6959,68.6726,1,9.4,41,99.6,199,75.3684,1.7632,9.1842,169.4474
egg3-balanced-A,stage4,egg3,Legendary,balanced,A,greedy-egg,1,mushroom,200,0,0,200,10.67,10.3984,10.9416,6,7.9,10,13,15,105.89,0,1.89,36.64
egg3-balanced-A,stage4,egg3,Legendary,balanced,A,greedy-egg,2,mushroom|beetle,200,0,0,200,11.135,10.5736,11.6964,2,6,10,17,22,107.275,0,2.11,33.365
egg3-balanced-A,stage4,egg3,Legendary,balanced,A,greedy-egg,3,beetle|mushroom,200,0.005,0.005,200,9.43,8.8782,9.9818,1,4,10,14.1,20,107.835,0,1.835,28.015
egg3-balanced-A,stage4,egg3,Legendary,balanced,A,greedy-egg,4,brute,199,0.0352,0.0201,199,13.2663,12.5251,14.0075,2,6,13,19.4,25,103.1508,0.005,2.6633,62.1407
egg3-balanced-A,stage4,egg3,Legendary,balanced,A,greedy-egg,6,beetle|mushroom,86,0.0116,0.0116,86,8.1047,7.1122,9.0971,1,2,9,13.5,18,110.7442,0,1.6047,23.0814
egg3-balanced-A,stage4,egg3,Legendary,balanced,A,greedy-egg,8,stag,194,0.1804,0.067,194,41.1392,39.3113,42.967,9,27,40,57,96,104.0309,0.2113,8.7423,178.5258
egg3-balanced-A,stage4,egg3,Legendary,balanced,A,greedy-egg,7,beetle|mushroom,81,0,0,81,8.7037,7.5368,9.8706,1,2,9,15,22,110.1975,0,1.8519,26.4568
egg3-balanced-A,stage4,egg3,Legendary,balanced,A,greedy-egg,5,beetle|mushroom,81,0,0,81,9.4444,8.3287,10.5602,1,2,10,16,24,110.9383,0,1.8642,25.3457
egg3-balanced-A,stage4,egg3,Legendary,balanced,A,greedy,1,mushroom,200,0,0,200,12.85,12.4683,13.2317,7,10,12,15.1,20,95.82,0,2.325,52.895
egg3-balanced-A,stage4,egg3,Legendary,balanced,A,greedy,2,mushroom|beetle,200,0.005,0.005,200,14.7,14.0499,15.3501,5,9,14,22,31,90.495,0,2.84,53.225
egg3-balanced-A,stage4,egg3,Legendary,balanced,A,greedy,3,beetle|mushroom,199,0.0352,0,199,12.9698,12.1573,13.7824,1,6,13,20.2,30,90.9196,0,2.603,43.3719
egg3-balanced-A,stage4,egg3,Legendary,balanced,A,greedy,4,brute,199,0.2161,0.1005,199,17.7085,16.7291,18.688,3,8,18,27,39,78.4322,0.0151,3.5075,95.3467
egg3-balanced-A,stage4,egg3,Legendary,balanced,A,greedy,5,beetle|mushroom,64,0.0313,0.0313,64,12.5156,11.0003,14.0309,2,3,12,21.7,25,89.4688,0,2.5938,42.1563
egg3-balanced-A,stage4,egg3,Legendary,balanced,A,greedy,6,mushroom|beetle,62,0.0484,0.0161,62,13.2742,11.6672,14.8812,1,5,13,20.8,29,98.2742,0.0161,2.6613,44.7258
egg3-balanced-A,stage4,egg3,Legendary,balanced,A,greedy,8,stag,175,0.6171,0.4457,175,52.2857,48.1551,56.4163,3,18,50,90.2,145,56.28,0.6457,11.2457,324.8571
egg3-balanced-A,stage4,egg3,Legendary,balanced,A,greedy,7,beetle|mushroom,74,0.0135,0.0135,74,12.527,11.0619,13.9921,2,5,12,20.7,32,96.9054,0.0135,2.6622,42.7162
egg3-balanced-A,stage4,egg3,Legendary,balanced,A,random,1,mushroom,200,0,0,200,13.315,12.9555,13.6745,7,10,14,16,20,94.085,0,2.445,57.92
egg3-balanced-A,stage4,egg3,Legendary,balanced,A,random,2,mushroom|beetle,200,0,0,200,15.29,14.5551,16.0249,4,9,15,23,31,91.86,0,2.98,55.395
egg3-balanced-A,stage4,egg3,Legendary,balanced,A,random,3,mushroom|beetle,200,0.035,0.01,200,13.445,12.7535,14.1365,2,8,13,20,30,88.92,0.01,2.645,47.25
egg3-balanced-A,stage4,egg3,Legendary,balanced,A,random,4,brute,198,0.2222,0.1515,198,17.9848,16.9941,18.9756,2,8.7,18,27,34,71.9495,0.0354,3.6364,101.9293
egg3-balanced-A,stage4,egg3,Legendary,balanced,A,random,5,beetle|mushroom,68,0.1029,0.0588,68,13.6765,12.5292,14.8237,4,7,13,20,25,84.6176,0,2.6912,48.2941
egg3-balanced-A,stage4,egg3,Legendary,balanced,A,random,8,stag,162,0.7037,0.5679,162,50.8642,46.5881,55.1403,3,14.1,50,84,132,42.4938,0.8148,11.0309,333.1235
egg3-balanced-A,stage4,egg3,Legendary,balanced,A,random,7,mushroom|beetle,58,0.0345,0.0172,58,12.8621,11.4003,14.3239,1,4.7,12.5,19.6,25,93.931,0.069,2.5345,43.5517
egg3-balanced-A,stage4,egg3,Legendary,balanced,A,random,6,mushroom|beetle,72,0.0417,0.0139,72,13.5,12.2125,14.7875,3,5.1,15,20.9,24,93.3472,0.0278,2.8611,45.7639
egg3-balanced-B,stage4,egg3,Legendary,balanced,B,greedy-egg,1,mushroom,200,0,0,200,15.925,15.4299,16.4201,8,12,16,21,25,113.755,0,2.58,39.72
egg3-balanced-B,stage4,egg3,Legendary,balanced,B,greedy-egg,2,mushroom|beetle,200,0,0,200,15.48,14.7735,16.1865,2,9,16,22.1,28,114.14,0,3.06,20.38
egg3-balanced-B,stage4,egg3,Legendary,balanced,B,greedy-egg,3,mushroom|beetle,200,0,0,200,14.365,13.4944,15.2356,1,5.9,15,22.1,30,114.22,0,2.92,18.685
egg3-balanced-B,stage4,egg3,Legendary,balanced,B,greedy-egg,4,brute,200,0,0,200,15.94,15.07,16.81,1,8,16,24,29,113.565,0.005,3.165,27.29
egg3-balanced-B,stage4,egg3,Legendary,balanced,B,greedy-egg,5,mushroom|beetle,81,0,0,81,13.5926,12.1473,15.0379,1,4,14,24,34,114.0494,0.0123,2.8272,15.9877
egg3-balanced-B,stage4,egg3,Legendary,balanced,B,greedy-egg,6,beetle|mushroom,72,0,0,72,12.7361,11.2054,14.2668,1,4,12,19.9,33,114.2917,0,2.5694,14.9306
egg3-balanced-B,stage4,egg3,Legendary,balanced,B,greedy-egg,8,stag,200,0.105,0.05,200,49.895,47.811,51.979,24,32,48,70,108,108.185,0.65,10.605,97.52
egg3-balanced-B,stage4,egg3,Legendary,balanced,B,greedy-egg,7,beetle|mushroom,82,0,0,82,10.2439,8.9472,11.5406,1,3,10,18,27,114.378,0,2.0732,11.939
egg3-balanced-B,stage4,egg3,Legendary,balanced,B,greedy,1,mushroom,200,0,0,200,20.885,20.1072,21.6628,9,14,20,29,38,110.985,0,3.575,55.785
egg3-balanced-B,stage4,egg3,Legendary,balanced,B,greedy,2,mushroom|beetle,200,0,0,200,20.545,19.595,21.495,2,12,19.5,30,36,112.53,0,4.08,30.535
egg3-balanced-B,stage4,egg3,Legendary,balanced,B,greedy,3,beetle|mushroom,200,0,0,200,16,14.8229,17.1771,1,3.9,16,27,45,113.475,0.015,3.23,24.05
egg3-balanced-B,stage4,egg3,Legendary,balanced,B,greedy,4,brute,200,0,0,200,22.555,21.4224,23.6876,4,12,22.5,33,43,112.42,0.01,4.53,47.96
egg3-balanced-B,stage4,egg3,Legendary,balanced,B,greedy,6,mushroom|beetle,99,0,0,99,13.7778,12.4149,15.1407,1,4.8,14,20.2,37,112.3535,0.0202,2.8485,22.0707
egg3-balanced-B,stage4,egg3,Legendary,balanced,B,greedy,8,stag,200,0.19,0.095,200,61.15,58.5156,63.7844,18,40.9,60,87.3,123,102.215,1.045,13.03,157.69
egg3-balanced-B,stage4,egg3,Legendary,balanced,B,greedy,5,beetle|mushroom,74,0,0,74,14.6892,12.8474,16.5309,1,3.3,15,25.7,34,114.0135,0,2.973,19.5135
egg3-balanced-B,stage4,egg3,Legendary,balanced,B,greedy,7,beetle|mushroom,75,0,0,75,14.04,12.3951,15.6849,1,4,14,24,33,112.8533,0.0267,2.8533,20.8667
egg3-balanced-B,stage4,egg3,Legendary,balanced,B,random,1,mushroom,200,0,0,200,22.005,21.2628,22.7472,11,15,22,29,39,111.68,0,3.8,62.47
egg3-balanced-B,stage4,egg3,Legendary,balanced,B,random,2,beetle|mushroom,200,0,0,200,21.49,20.3772,22.6028,4,11,21.5,31,49,112.86,0.01,4.25,31.375
egg3-balanced-B,stage4,egg3,Legendary,balanced,B,random,3,mushroom|beetle,200,0,0,200,17.14,16.0968,18.1832,1,8,17,26,49,111.88,0.015,3.505,27.84
egg3-balanced-B,stage4,egg3,Legendary,balanced,B,random,4,brute,200,0.005,0,200,23.285,22.2092,24.3608,3,13,23,33.1,42,111.4,0.11,4.675,50.67
egg3-balanced-B,stage4,egg3,Legendary,balanced,B,random,5,mushroom|beetle,86,0,0,86,16.2674,14.6311,17.9037,2,6,16,26,38,111.8372,0.0349,3.3721,23.686
egg3-balanced-B,stage4,egg3,Legendary,balanced,B,random,8,stag,199,0.3266,0.1809,199,67.603,64.1154,71.0907,24,39,63,102,160,91.392,1.4774,14.206,200.8945
egg3-balanced-B,stage4,egg3,Legendary,balanced,B,random,6,beetle|mushroom,87,0,0,87,14.3448,12.4091,16.2805,1,3,13,28,35,111.7126,0.1379,2.9425,23.9425
egg3-balanced-B,stage4,egg3,Legendary,balanced,B,random,7,beetle|mushroom,61,0.0164,0.0164,61,13.6885,11.7331,15.644,1,4,13,24,33,111.3115,0.0656,2.8689,21.2295
egg3-control,control_stage1-3,egg3,Legendary,balanced,A,greedy-egg,1,mushroom,200,0,0,200,17.005,16.3757,17.6343,7,11.9,17,22,41,89.305,0,0,61.325
egg3-control,control_stage1-3,egg3,Legendary,balanced,A,greedy-egg,2,mushroom|beetle,200,0.01,0.005,200,16.415,15.5006,17.3294,2,8,16,24,33,93.495,0,0,47.305
egg3-control,control_stage1-3,egg3,Legendary,balanced,A,greedy-egg,3,beetle|mushroom,199,0,0,199,15.9899,15.0313,16.9486,1,6,16,24,35,94.8291,0,0,48.5628
egg3-control,control_stage1-3,egg3,Legendary,balanced,A,greedy-egg,4,brute,199,0.1357,0.0402,199,19.1558,18.0667,20.2449,1,9,19,30,39,84.7286,0,0,92.1307
egg3-control,control_stage1-3,egg3,Legendary,balanced,A,greedy-egg,5,beetle|mushroom,77,0.026,0.026,77,16.013,14.2347,17.7912,1,3,18,25.4,29,93.3117,0,0,49
egg3-control,control_stage1-3,egg3,Legendary,balanced,A,greedy-egg,7,mushroom|beetle,78,0.0128,0,78,14.5769,12.8136,16.3402,1,2,15,25.3,32,95.0513,0.0128,0,43.2179
egg3-control,control_stage1-3,egg3,Legendary,balanced,A,greedy-egg,8,stag,189,0.6667,0.5026,189,50.127,46.6209,53.6331,9,15,56,78.2,105,46.3386,0.2063,0,270.8466
egg3-control,control_stage1-3,egg3,Legendary,balanced,A,greedy-egg,6,beetle|mushroom,79,0.0127,0,79,16.5443,14.696,18.3926,1,3,17,28,35,95.5316,0.0127,0,49.962
egg3-control,control_stage1-3,egg3,Legendary,balanced,A,greedy,1,mushroom,200,0.02,0,200,25.985,24.6514,27.3186,8,16,24,38.1,66,70.755,0,0,110.845
egg3-control,control_stage1-3,egg3,Legendary,balanced,A,greedy,2,beetle|mushroom,200,0.23,0.11,200,25.125,23.4098,26.8402,3,10.9,24,42,57,65.43,0.005,0,92.41
egg3-control,control_stage1-3,egg3,Legendary,balanced,A,greedy,3,mushroom|beetle,178,0.1742,0.1236,178,23.8876,21.959,25.8163,1,7.7,22.5,41,64,66.8483,0.0169,0,86.0899
egg3-control,control_stage1-3,egg3,Legendary,balanced,A,greedy,4,brute,156,0.6282,0.4551,156,25.0705,22.8526,27.2884,3,9,23.5,43.5,67,41.1731,0.0192,0,151.8846
egg3-control,control_stage1-3,egg3,Legendary,balanced,A,greedy,7,beetle|mushroom,36,0.0833,0.0556,36,22.75,18.6906,26.8094,1,4.5,23,38,52,78.0556,0.0556,0,84.2778
egg3-control,control_stage1-3,egg3,Legendary,balanced,A,greedy,8,stag,79,0.962,0.9494,79,30.7089,25.224,36.1937,3,11.4,21,66.4,108,4.6329,0.1519,0,236.0253
egg3-control,control_stage1-3,egg3,Legendary,balanced,A,greedy,5,beetle|mushroom,30,0.1,0.0333,30,20.7333,16.1411,25.3256,1,3.9,22.5,34.8,43,68.8333,0.0667,0,77.0333
egg3-control,control_stage1-3,egg3,Legendary,balanced,A,greedy,6,mushroom|beetle,29,0.1034,0.1034,29,20.1724,15.8978,24.447,1,4,19,34.6,49,77.1379,0,0,67.4483
egg3-control,control_stage1-3,egg3,Legendary,balanced,A,random,1,mushroom,200,0.08,0.01,200,26.93,25.7222,28.1378,9,17,25,38.1,56,65.045,0,0,119.005
egg3-control,control_stage1-3,egg3,Legendary,balanced,A,random,2,beetle|mushroom,198,0.3081,0.1717,198,26.2475,24.5328,27.9622,2,11.7,26,40,72,59.3687,0.0253,0,97.9747
egg3-control,control_stage1-3,egg3,Legendary,balanced,A,random,3,beetle|mushroom,164,0.2561,0.1585,164,23.1402,21.1528,25.1277,1,8,21.5,41.7,64,63.7927,0.0549,0,86.4878
egg3-control,control_stage1-3,egg3,Legendary,balanced,A,random,4,brute,138,0.5942,0.4855,138,25.1667,22.686,27.6473,3,6,24,45.3,60,38.8841,0.0652,0,158.9058
egg3-control,control_stage1-3,egg3,Legendary,balanced,A,random,6,beetle|mushroom,29,0.2414,0.1724,29,20.4483,15.7102,25.1864,2,5,20,36,54,69.8276,0.1724,0,75.1724
egg3-control,control_stage1-3,egg3,Legendary,balanced,A,random,7,mushroom|beetle,24,0.2917,0.2083,24,24.4583,18.7721,30.1446,1,6.6,25,40.8,57,61.0417,0.125,0,93.25
egg3-control,control_stage1-3,egg3,Legendary,balanced,A,random,8,stag,54,1,1,54,26.963,21.5091,32.4168,6,6.9,19.5,59.1,81,0,0.2037,0,215.0556
egg3-control,control_stage1-3,egg3,Legendary,balanced,A,random,5,beetle|mushroom,36,0.2222,0.1944,36,22.0833,17.56,26.6066,1,5,21,40,58,65.2778,0.1389,0,86.2222
egg3-math-A,stage4,egg3,Legendary,math,A,greedy-egg,1,mushroom,200,0,0,200,9.91,9.6812,10.1388,6,8,10,12,15,101.95,0,1.675,38.12
egg3-math-A,stage4,egg3,Legendary,math,A,greedy-egg,2,mushroom|beetle,200,0,0,200,10.82,10.4176,11.2224,5,7,10,15,18,100.015,0,2.095,33.295
egg3-math-A,stage4,egg3,Legendary,math,A,greedy-egg,3,mushroom|beetle,200,0,0,200,9.35,8.8649,9.8351,2,5,10,14,20,103.325,0,1.855,28.785
egg3-math-A,stage4,egg3,Legendary,math,A,greedy-egg,4,brute,200,0.045,0.005,200,13.87,13.2653,14.4747,2,8,14,19,27,90.495,0,2.785,71.305
egg3-math-A,stage4,egg3,Legendary,math,A,greedy-egg,5,beetle|mushroom,78,0.0128,0.0128,78,9.6795,8.6303,10.7287,2,3,10,16.3,20,98.5385,0,2.0256,31.3846
egg3-math-A,stage4,egg3,Legendary,math,A,greedy-egg,7,mushroom|beetle,71,0.0141,0.0141,71,8.6197,7.6475,9.5919,2,3,8,15,17,105.5775,0,1.7606,29.507
egg3-math-A,stage4,egg3,Legendary,math,A,greedy-egg,8,stag,197,0.3198,0.1827,197,34.1929,32.5693,35.8165,12,21,33,51,70,89.7817,0.2386,7.066,180.2234
egg3-math-A,stage4,egg3,Legendary,math,A,greedy-egg,6,beetle|mushroom,80,0,0,80,8.3625,7.4062,9.3188,1,2.9,9,14.1,19,103.7375,0,1.6125,27.4625
egg3-math-A,stage4,egg3,Legendary,math,A,greedy,1,mushroom,200,0,0,200,11.82,11.4981,12.1419,6,9.9,11,15,15,93.05,0,2.1,51.035
egg3-math-A,stage4,egg3,Legendary,math,A,greedy,2,mushroom|beetle,200,0,0,200,13.325,12.7227,13.9273,5,8.9,12,20,29,82.32,0,2.685,52.29
egg3-math-A,stage4,egg3,Legendary,math,A,greedy,3,beetle|mushroom,200,0.06,0.025,200,12.4,11.7591,13.0409,2,7,11.5,18,26,80.46,0,2.405,44.795
egg3-math-A,stage4,egg3,Legendary,math,A,greedy,4,brute,195,0.3179,0.1692,195,16.9385,16.0939,17.783,3,8.4,17,24,35,64.0872,0.0103,3.4205,101.6564
egg3-math-A,stage4,egg3,Legendary,math,A,greedy,8,stag,154,0.6948,0.6104,154,41.9026,38.1032,45.702,3,12,39,76.4,107,37.8896,0.5779,8.7338,294.4481
egg3-math-A,stage4,egg3,Legendary,math,A,greedy,7,mushroom|beetle,61,0.0492,0.0492,61,12.0656,10.5952,13.5359,2,6,12,21,30,91.6721,0,2.4262,40.6885
egg3-math-A,stage4,egg3,Legendary,math,A,greedy,5,beetle|mushroom,64,0.1094,0.0469,64,12.7344,11.2455,14.2232,1,4.3,13,21.7,28,79.0938,0.0313,2.625,43.9219
egg3-math-A,stage4,egg3,Legendary,math,A,greedy,6,beetle|mushroom,61,0.082,0.0328,61,11.4426,10.1167,12.7686,1,3,12,18,21,87.0328,0,2.377,40.9508
egg3-math-A,stage4,egg3,Legendary,math,A,random,1,mushroom,200,0,0,200,12.13,11.805,12.455,7,10,12,15,15,88.335,0,2.17,55.295
egg3-math-A,stage4,egg3,Legendary,math,A,random,2,mushroom|beetle,200,0.01,0.005,200,13.485,12.8764,14.0936,4,8,12.5,20,25,74.23,0,2.67,54.985
egg3-math-A,stage4,egg3,Legendary,math,A,random,3,mushroom|beetle,199,0.1106,0.0251,199,12.6533,11.977,13.3296,3,6,12,19.2,27,71.4673,0,2.5377,48.9548
egg3-math-A,stage4,egg3,Legendary,math,A,random,4,brute,194,0.5103,0.268,194,16.9794,16.0283,17.9304,3,6,18,25,33,50.5773,0.0206,3.3454,108.0825
egg3-math-A,stage4,egg3,Legendary,math,A,random,8,stag,127,0.8583,0.8189,127,28.937,25.4299,32.4442,3,6,27,54,103,19.1102,0.4961,6,224.9055
egg3-math-A,stage4,egg3,Legendary,math,A,random,5,mushroom|beetle,62,0.1774,0.129,62,11.5968,10.1847,13.0088,3,5,11.5,18,24,76.2903,0.0161,2.3226,42.8871
egg3-math-A,stage4,egg3,Legendary,math,A,random,6,mushroom|beetle,63,0.1429,0.0635,63,12.2063,10.8129,13.5998,2,6,12,19.8,27,81.381,0.0794,2.5714,47.254
egg3-math-A,stage4,egg3,Legendary,math,A,random,7,mushroom|beetle,50,0.06,0.06,50,11.86,10.5503,13.1697,2,5,11.5,18,24,78.48,0.06,2.56,43.98
egg3-math-B,stage4,egg3,Legendary,math,B,greedy-egg,1,mushroom,200,0,0,200,17.19,16.5967,17.7833,8,12,17,23,30,113.17,0,2.84,43.245
egg3-math-B,stage4,egg3,Legendary,math,B,greedy-egg,2,beetle|mushroom,200,0,0,200,17.18,16.2814,18.0786,1,9,17.5,25,35,113.705,0,3.37,24.79
egg3-math-B,stage4,egg3,Legendary,math,B,greedy-egg,3,mushroom|beetle,200,0,0,200,13.165,12.0743,14.2557,1,2,13,23,33,114.235,0.005,2.68,17.295
egg3-math-B,stage4,egg3,Legendary,math,B,greedy-egg,4,brute,200,0,0,200,19.155,17.9033,20.4067,1,6.9,19,30,43,113.405,0.005,3.765,37.76
egg3-math-B,stage4,egg3,Legendary,math,B,greedy-egg,7,mushroom|beetle,70,0,0,70,11.0857,9.5845,12.5869,2,3,11,21,28,114.0429,0.0143,2.2429,15.8429
egg3-math-B,stage4,egg3,Legendary,math,B,greedy-egg,8,stag,200,0.17,0.1,200,50.04,47.6118,52.4682,17,31.9,47,77.1,105,102.395,0.765,10.56,121.895
egg3-math-B,stage4,egg3,Legendary,math,B,greedy-egg,5,mushroom|beetle,78,0,0,78,11.359,9.6707,13.0472,1,2,11.5,19,43,114.2692,0.0128,2.3974,15.8333
egg3-math-B,stage4,egg3,Legendary,math,B,greedy-egg,6,beetle|mushroom,78,0,0,78,11.5128,9.8426,13.1831,1,2,11,23,31,114.4103,0,2.3974,14.5256
egg3-math-B,stage4,egg3,Legendary,math,B,greedy,1,mushroom,200,0,0,200,26.33,25.0342,27.6258,9,16,24.5,38.2,64,105.725,0,4.665,74.055
egg3-math-B,stage4,egg3,Legendary,math,B,greedy,2,mushroom|beetle,200,0,0,200,26.79,25.2556,28.3244,1,14.9,25,43.1,72,107.505,0.005,5.305,46.79
egg3-math-B,stage4,egg3,Legendary,math,B,greedy,3,beetle|mushroom,200,0,0,200,21.39,19.7784,23.0016,1,7.8,20,36,65,107.64,0.04,4.385,36
egg3-math-B,stage4,egg3,Legendary,math,B,greedy,4,brute,200,0,0,200,28.405,26.0746,30.7354,2,9,25,49.2,98,107.445,0.135,5.75,66.53
egg3-math-B,stage4,egg3,Legendary,math,B,greedy,5,beetle|mushroom,77,0.013,0,77,18.4545,15.7465,21.1626,1,3,18,30.2,68,104.1429,0.1429,3.7792,30.2208
egg3-math-B,stage4,egg3,Legendary,math,B,greedy,6,beetle|mushroom,79,0,0,79,21.3418,18.2182,24.4653,1,6.8,17,40.4,60,108.8228,0.1772,4.481,30.1899
egg3-math-B,stage4,egg3,Legendary,math,B,greedy,8,stag,199,0.598,0.5075,199,78.8191,73.3989,84.2393,8,33.8,72,134.2,206,45.7487,2.2362,16.5477,285.1709
egg3-math-B,stage4,egg3,Legendary,math,B,greedy,7,mushroom|beetle,66,0.0152,0.0152,66,18.5606,15.4565,21.6647,1,6.5,16,35,83,107.2273,0.1364,3.8939,32.7576
egg3-math-B,stage4,egg3,Legendary,math,B,random,1,mushroom,200,0,0,200,27.555,26.3342,28.7758,13,17.9,26,40,60,106.425,0,4.89,79.08
egg3-math-B,stage4,egg3,Legendary,math,B,random,2,beetle|mushroom,200,0,0,200,27.595,26.0104,29.1796,4,15,27,41.1,74,106.425,0.08,5.5,49.355
egg3-math-B,stage4,egg3,Legendary,math,B,random,3,beetle|mushroom,200,0,0,200,21.695,19.9382,23.4518,1,5,20,39.1,77,107.22,0.145,4.39,39.755
egg3-math-B,stage4,egg3,Legendary,math,B,random,4,brute,200,0.045,0.01,200,32.275,29.8293,34.7207,1,14,30,53.1,128,101.235,0.315,6.575,85.91
egg3-math-B,stage4,egg3,Legendary,math,B,random,5,beetle|mushroom,86,0.0233,0.0233,86,22.2907,19.1136,25.4678,1,5,19,43,62,102.9651,0.3605,4.6163,40.3256
egg3-math-B,stage4,egg3,Legendary,math,B,random,8,stag,194,0.701,0.5876,194,68.0464,62.803,73.2898,9,33,61.5,113.1,245,41.933,2.2371,14.2577,265.0103
egg3-math-B,stage4,egg3,Legendary,math,B,random,6,mushroom|beetle,71,0.0141,0.0141,71,22,18.7508,25.2492,2,4,20,38,72,102.5493,0.4085,4.5634,39.7887
egg3-math-B,stage4,egg3,Legendary,math,B,random,7,beetle|mushroom,77,0.013,0.013,77,20.7922,17.0717,24.5128,2,8,17,38.4,89,97.974,0.4935,4.2987,39.974
egg3-science-A,stage4,egg3,Legendary,science,A,greedy-egg,1,mushroom,200,0,0,200,10.67,10.4476,10.8924,7,9,10,13,17,112.75,0,1.665,32.755
egg3-science-A,stage4,egg3,Legendary,science,A,greedy-egg,2,beetle|mushroom,200,0,0,200,11.835,11.4057,12.2643,4,8,11,16,20,113.76,0,2.35,23.975
egg3-science-A,stage4,egg3,Legendary,science,A,greedy-egg,3,mushroom|beetle,200,0,0,200,9.46,8.9398,9.9802,2,4.9,10,15,18,114.16,0,1.875,20.62
egg3-science-A,stage4,egg3,Legendary,science,A,greedy-egg,4,brute,200,0,0,200,14.945,14.4144,15.4756,3,10,16,19,23,113.2,0,2.965,51.895
egg3-science-A,stage4,egg3,Legendary,science,A,greedy-egg,5,beetle|mushroom,76,0,0,76,9.2237,8.3047,10.1427,2,4,9.5,14,19,113.5921,0,1.7368,23.8421
egg3-science-A,stage4,egg3,Legendary,science,A,greedy-egg,8,stag,200,0.13,0.04,200,45.04,43.4404,46.6396,17,31.9,43.5,62.1,79,109.01,0.43,9.59,146.825
egg3-science-A,stage4,egg3,Legendary,science,A,greedy-egg,6,beetle|mushroom,87,0,0,87,9.5057,8.6466,10.3649,2,4,10,15,18,114.1839,0,1.8276,18.4023
egg3-science-A,stage4,egg3,Legendary,science,A,greedy-egg,7,mushroom|beetle,72,0,0,72,8.4167,7.4376,9.3957,2,2.1,8,15,17,114.3194,0,1.75,17.6528
egg3-science-A,stage4,egg3,Legendary,science,A,greedy,1,mushroom,200,0,0,200,11.645,11.3325,11.9575,7,9,11,15,18,111.06,0,1.925,40.355
egg3-science-A,stage4,egg3,Legendary,science,A,greedy,2,mushroom|beetle,200,0,0,200,13.01,12.5029,13.5171,3,9,13,17,28,110.885,0,2.5,34.835
egg3-science-A,stage4,egg3,Legendary,science,A,greedy,3,mushroom|beetle,200,0,0,200,10.8,10.2001,11.3999,2,5,11,17,21,111.335,0,2.195,25.445
egg3-science-A,stage4,egg3,Legendary,science,A,greedy,4,brute,200,0.005,0,200,15.27,14.5932,15.9468,2,8,16,21,25,109.735,0.005,3.005,61.205
egg3-science-A,stage4,egg3,Legendary,science,A,greedy,8,stag,200,0.195,0.145,200,44.08,42.4082,45.7518,12,30,43,59.2,81,96.555,0.405,9.34,167.315
egg3-science-A,stage4,egg3,Legendary,science,A,greedy,5,mushroom|beetle,80,0,0,80,9.9,8.785,11.015,1,3,10.5,16,23,111.6875,0.0125,2.0125,24.7
egg3-science-A,stage4,egg3,Legendary,science,A,greedy,6,mushroom|beetle,78,0,0,78,9.6026,8.4691,10.7361,1,3,10,16,24,112.1795,0,1.9103,24.7179
egg3-science-A,stage4,egg3,Legendary,science,A,greedy,7,mushroom|beetle,90,0,0,90,9.3667,8.3491,10.3842,2,3,10,16,19,113.5667,0,1.9222,21.1444
egg3-science-A,stage4,egg3,Legendary,science,A,random,1,mushroom,200,0,0,200,12.89,12.5586,13.2214,7,10,13,16,21,106.885,0,2.105,48.54
egg3-science-A,stage4,egg3,Legendary,science,A,random,2,beetle|mushroom,200,0,0,200,13.445,12.8829,14.0071,6,8,13,19,25,110.17,0,2.685,36.85
egg3-science-A,stage4,egg3,Legendary,science,A,random,3,mushroom|beetle,200,0,0,200,10.855,10.2408,11.4692,2,5,11,16,24,111.51,0.005,2.18,30.17
egg3-science-A,stage4,egg3,Legendary,science,A,random,4,brute,200,0.01,0.005,200,16.105,15.4182,16.7918,2,9,17,21.1,27,107.37,0,3.27,69.32
egg3-science-A,stage4,egg3,Legendary,science,A,random,5,mushroom|beetle,77,0,0,77,10.4935,9.2805,11.7065,1,3.6,11,17,26,111.8052,0,2.1299,30.3506
egg3-science-A,stage4,egg3,Legendary,science,A,random,6,mushroom|beetle,71,0,0,71,10.8592,9.7235,11.9948,4,5,10,17,23,112.8028,0,2.1549,31.5915
egg3-science-A,stage4,egg3,Legendary,science,A,random,8,stag,199,0.2764,0.1457,199,47,45.0734,48.9266,12,30,47,64.2,84,95,0.7035,9.9548,198
egg3-science-A,stage4,egg3,Legendary,science,A,random,7,beetle|mushroom,75,0,0,75,10.0267,8.9426,11.1108,1,4,10,16,23,112.6267,0.0133,1.9467,26.76
egg3-science-B,stage4,egg3,Legendary,science,B,greedy-egg,1,mushroom,200,0,0,200,17.395,16.8095,17.9805,8,12,17,23,39,108.46,0,2.875,60.46
egg3-science-B,stage4,egg3,Legendary,science,B,greedy-egg,2,mushroom|beetle,200,0,0,200,17.555,16.6895,18.4205,2,10,17,25.1,34,111.095,0,3.46,51.97
egg3-science-B,stage4,egg3,Legendary,science,B,greedy-egg,3,beetle|mushroom,200,0.005,0,200,14.155,13.1417,15.1683,1,2,15,23,38,111.975,0,2.84,44.295
egg3-science-B,stage4,egg3,Legendary,science,B,greedy-egg,4,brute,200,0.045,0.015,200,18.405,17.13,19.68,1,3.9,20,29,41,106.685,0.025,3.73,87.75
egg3-science-B,stage4,egg3,Legendary,science,B,greedy-egg,5,beetle|mushroom,79,0,0,79,13.8608,12.0226,15.6989,1,3,15,26,37,113.9367,0.0506,2.8101,36.9494
egg3-science-B,stage4,egg3,Legendary,science,B,greedy-egg,8,stag,197,0.4975,0.3503,197,43.3299,41.2175,45.4424,12,24,42,63,96,71.0508,0.8579,9.1777,236.2437
egg3-science-B,stage4,egg3,Legendary,science,B,greedy-egg,6,mushroom|beetle,80,0,0,80,14.3625,12.7278,15.9972,1,3,14,23.1,34,112.3,0,2.85,42.275
egg3-science-B,stage4,egg3,Legendary,science,B,greedy-egg,7,beetle|mushroom,80,0,0,80,11.8125,10.272,13.353,1,3,11,22,29,112.8375,0.05,2.425,36.3
egg3-science-B,stage4,egg3,Legendary,science,B,greedy,1,mushroom,200,0,0,200,24.825,23.7666,25.8834,9,16,24,36,46,93.07,0,4.385,101.425
egg3-science-B,stage4,egg3,Legendary,science,B,greedy,2,mushroom|beetle,200,0.015,0.005,200,23.47,22.0793,24.8607,1,12.9,23,35,72,100.595,0.015,4.63,79.125
egg3-science-B,stage4,egg3,Legendary,science,B,greedy,3,beetle|mushroom,199,0.0352,0.0101,199,20.5025,18.9992,22.0058,1,5,21,34,57,99.4271,0.0603,4.1357,69.8291
egg3-science-B,stage4,egg3,Legendary,science,B,greedy,4,brute,197,0.3299,0.1624,197,25.9137,24.2877,27.5397,1,11,26,41,62,81.797,0.1168,5.264,147.9898
egg3-science-B,stage4,egg3,Legendary,science,B,greedy,6,beetle|mushroom,64,0.0625,0.0469,64,16.9844,14.1596,19.8092,1,2,17.5,29.7,59,105.8594,0.2031,3.4844,58.0781
egg3-science-B,stage4,egg3,Legendary,science,B,greedy,7,beetle|mushroom,65,0.0462,0.0308,65,17.7231,15.2635,20.1827,1,2.4,18,30,36,103.6923,0.2923,3.7385,61.4308
egg3-science-B,stage4,egg3,Legendary,science,B,greedy,8,stag,158,0.7975,0.7405,158,36.6709,33.5916,39.7502,3,14.7,33.5,63,105,27.8924,0.7975,7.7152,252.8671
egg3-science-B,stage4,egg3,Legendary,science,B,greedy,5,beetle|mushroom,71,0.0704,0.0282,71,19.6761,17.0392,22.3129,1,3,19,36,47,99.3521,0.2113,4,64.7746
egg3-science-B,stage4,egg3,Legendary,science,B,random,1,mushroom,200,0.01,0,200,24.86,23.9969,25.7231,13,17,25,33,46,95.99,0.005,4.38,105.16
egg3-science-B,stage4,egg3,Legendary,science,B,random,2,beetle|mushroom,200,0.065,0.045,200,23.08,21.5998,24.5602,1,11,22,38.1,53,95.79,0.045,4.56,82.955
egg3-science-B,stage4,egg3,Legendary,science,B,random,3,beetle|mushroom,191,0.0471,0.0209,191,20.4241,18.8349,22.0133,1,4,20,35,54,100.2042,0.1152,4.199,74.0785
egg3-science-B,stage4,egg3,Legendary,science,B,random,4,brute,187,0.385,0.2727,187,24.0107,22.3592,25.6622,1,9,23,38.4,57,67.6043,0.246,4.9144,143.5722
egg3-science-B,stage4,egg3,Legendary,science,B,random,5,mushroom|beetle,56,0.1964,0.1786,56,19.5179,16.2279,22.8078,1,3,21,31,65,84.0536,0.2857,3.9643,76.7321
egg3-science-B,stage4,egg3,Legendary,science,B,random,8,stag,118,0.8814,0.822,118,31.2288,28.155,34.3026,3,12,28.5,59,77,19.4661,0.8644,6.6186,224.322
egg3-science-B,stage4,egg3,Legendary,science,B,random,6,beetle|mushroom,45,0.1111,0.0889,45,19.1778,16.0098,22.3457,2,5.8,18,29.6,58,94.0222,0.3556,3.9778,74.9111
egg3-science-B,stage4,egg3,Legendary,science,B,random,7,mushroom|beetle,52,0.0769,0.0769,52,16.5962,13.7281,19.4642,1,5,14.5,31.7,51,95.2885,0.2308,3.4423,57.8269
egg4-balanced-A,stage4,egg4,Rare,balanced,A,greedy-egg,1,mushroom,200,0.15,0.07,200,109.115,103.0926,115.1374,24,58.8,105.5,164,259,59.545,0.21,21.245,184.01
egg4-balanced-A,stage4,egg4,Rare,balanced,A,greedy-egg,2,mushroom|beetle,186,0.6559,0.5215,186,113.4462,103.3025,123.59,3,21.5,104,214,348,29.8226,1.0591,22.7581,155.7688
egg4-balanced-A,stage4,egg4,Rare,balanced,A,greedy-egg,3,mushroom|beetle,89,0.8427,0.7978,89,68.9888,57.2932,80.6843,3,10.8,57,141.4,245,11.9101,1.3708,14.2135,105.236
egg4-balanced-A,stage4,egg4,Rare,balanced,A,greedy-egg,4,brute,18,0.8333,0.7222,18,30.5556,23.8305,37.2806,6,9.1,36,45.6,53,6.1667,0.2778,6.2222,114.7778
egg4-balanced-A,stage4,egg4,Rare,balanced,A,greedy-egg,8,stag,1,1,1,1,9,9,9,9,9,9,9,9,0,0,2,105
egg4-balanced-A,stage4,egg4,Rare,balanced,A,greedy-egg,5,mushroom,2,1,1,2,4.5,3.52,5.48,4,4.1,4.5,4.9,5,0,0,0.5,20.5
egg4-balanced-A,stage4,egg4,Rare,balanced,A,greedy-egg,6,mushroom,1,1,1,1,17,17,17,17,17,17,17,17,0,0,4,58
egg4-balanced-A,stage4,egg4,Rare,balanced,A,greedy-egg,7,beetle,1,1,1,1,6,6,6,6,6,6,6,6,0,0,1,40
egg4-balanced-A,stage4,egg4,Rare,balanced,A,greedy,1,mushroom,200,0.02,0.005,200,52.98,49.6302,56.3298,17,26,49,84,142,70.9,0.01,10.02,170.505
egg4-balanced-A,stage4,egg4,Rare,balanced,A,greedy,2,beetle|mushroom,199,0.3116,0.1658,199,51.809,47.4464,56.1717,3,16.8,46,91.4,180,61.3015,0.1407,10.3116,149.0402
egg4-balanced-A,stage4,egg4,Rare,balanced,A,greedy,3,mushroom|beetle,166,0.2952,0.1867,166,45.488,40.1371,50.8388,2,9,35,92.5,186,59.1446,0.5361,9.3253,123.4458
egg4-balanced-A,stage4,egg4,Rare,balanced,A,greedy,4,brute,135,0.8148,0.6741,135,44.4519,38.0339,50.8698,2,6.4,36,89.6,242,22.8889,0.5037,9.0963,206
egg4-balanced-A,stage4,egg4,Rare,balanced,A,greedy,7,mushroom|beetle,13,0.2308,0.2308,13,53.8462,24.8562,82.8361,4,7,29,136.6,156,56.6154,1.4615,11.6154,191.2308
egg4-balanced-A,stage4,egg4,Rare,balanced,A,greedy,8,stag,30,1,1,30,30.1333,18.9209,41.3458,3,6,16,71.1,136,0,0.6333,6.5667,177.7667
egg4-balanced-A,stage4,egg4,Rare,balanced,A,greedy,6,beetle|mushroom,12,0.4167,0.4167,12,47.5,16.5214,78.4786,6,8.3,23.5,124.8,170,51.5,1.4167,9.5833,131.0833
egg4-balanced-A,stage4,egg4,Rare,balanced,A,greedy,5,mushroom|beetle,16,0.4375,0.375,16,36.0625,19.7467,52.3783,1,2.5,33,60.5,135,38.75,0.8125,7.5,121.5625
egg4-balanced-A,stage4,egg4,Rare,balanced,A,random,1,mushroom,200,0.13,0.055,200,53.885,50.5151,57.2549,19,28,49,87.1,172,63.055,0.08,10.19,185.665
egg4-balanced-A,stage4,egg4,Rare,balanced,A,random,2,beetle|mushroom,189,0.4762,0.2804,189,55.0952,49.9619,60.2285,2,14.8,48,102.2,180,48.8995,0.4286,11.0582,153.6296
egg4-balanced-A,stage4,egg4,Rare,balanced,A,random,3,mushroom|beetle,136,0.4118,0.3088,136,43.5662,37.6138,49.5186,1,6,34,93,177,48.3676,0.6838,9.0662,129.4926
egg4-balanced-A,stage4,egg4,Rare,balanced,A,random,4,brute,94,0.8617,0.8191,94,36.3936,30.076,42.7112,3,6,26.5,86.5,143,10.6489,0.5319,7.5213,186.7447
egg4-balanced-A,stage4,egg4,Rare,balanced,A,random,8,stag,12,1,1,12,30.5,20.9025,40.0975,12,14.4,25,58.4,63,0,0.75,6.6667,184.75
egg4-balanced-A,stage4,egg4,Rare,balanced,A,random,6,mushroom|beetle,9,0.5556,0.5556,9,24.6667,14.4456,34.8877,4,12.8,18,44.4,54,39.3333,0.4444,5.1111,93.8889
egg4-balanced-A,stage4,egg4,Rare,balanced,A,random,5,beetle|mushroom,3,0.6667,0,3,27.6667,-8.9375,64.2708,2,5,17,54.6,64,48.3333,0.6667,6.3333,88.6667
egg4-balanced-A,stage4,egg4,Rare,balanced,A,random,7,mushroom|beetle,4,0,0,4,46.25,15.4007,77.0993,14,17.3,46.5,75,78,63,0.5,9.5,129.75
egg4-balanced-B,stage4,egg4,Rare,balanced,B,greedy-egg,1,mushroom,200,0.19,0.09,200,108.795,103.0248,114.5652,24,59.9,105,163.1,259,53.98,0.18,21.18,196.24
egg4-balanced-B,stage4,egg4,Rare,balanced,B,greedy-egg,2,mushroom|beetle,182,0.7033,0.511,182,116.2857,104.5587,128.0127,2,16.1,106.5,223.8,375,28.0549,1.0934,23.2747,160.7473
egg4-balanced-B,stage4,egg4,Rare,balanced,B,greedy-egg,3,beetle|mushroom,89,0.764,0.7191,89,72.3258,59.7507,84.9009,3,12.4,58,140.4,268,16.0225,1.2584,15.0337,107.2247
egg4-balanced-B,stage4,egg4,Rare,balanced,B,greedy-egg,4,brute,25,0.8,0.76,25,32,24.4682,39.5318,3,4.2,36,56.6,62,11.24,0.36,6.52,101.68
egg4-balanced-B,stage4,egg4,Rare,balanced,B,greedy-egg,7,mushroom|beetle,4,1,0.75,4,17.75,4.3996,31.1004,6,6,17,30.1,31,1,0.25,3.5,49.5
egg4-balanced-B,stage4,egg4,Rare,balanced,B,greedy-egg,8,stag,2,1,1,2,42,-34.44,118.44,3,10.8,42,73.2,81,0,1,9.5,98
egg4-balanced-B,stage4,egg4,Rare,balanced,B,greedy-egg,5,mushroom,2,0.5,0,2,30,24.12,35.88,27,27.6,30,32.4,33,64,0,6,60
egg4-balanced-B,stage4,egg4,Rare,balanced,B,greedy-egg,6,beetle|mushroom,2,0.5,0.5,2,26,0.52,51.48,13,15.6,26,36.4,39,7,0.5,5,62.5
egg4-balanced-B,stage4,egg4,Rare,balanced,B,greedy,1,mushroom,200,0.015,0,200,53.015,49.6659,56.3641,17,26,49,83.1,142,70.43,0.01,10.035,173.44
egg4-balanced-B,stage4,egg4,Rare,balanced,B,greedy,2,beetle|mushroom,200,0.32,0.14,200,52.16,47.9388,56.3812,3,18.9,45,93,164,63.495,0.135,10.395,144.81
egg4-balanced-B,stage4,egg4,Rare,balanced,B,greedy,3,mushroom|beetle,172,0.2733,0.186,172,49.6221,44.097,55.1472,2,9.1,40,96,192,62.314,0.5756,10.1105,129.7035
egg4-balanced-B,stage4,egg4,Rare,balanced,B,greedy,4,brute,140,0.7571,0.7071,140,51.4357,45.1909,57.6805,1,9,46,102.5,159,17.7429,0.6143,10.6286,226.0286
egg4-balanced-B,stage4,egg4,Rare,balanced,B,greedy,8,stag,27,1,1,27,41.4074,27.3057,55.5091,3,6,26,102.4,136,0,0.9259,8.9259,264.3704
egg4-balanced-B,stage4,egg4,Rare,balanced,B,greedy,7,beetle|mushroom,11,0.4545,0.3636,11,32.4545,16.1942,48.7148,4,8,25,48,103,46.0909,0.6364,6.9091,107.8182
egg4-balanced-B,stage4,egg4,Rare,balanced,B,greedy,5,beetle|mushroom,13,0.5385,0.4615,13,29.0769,12.7741,45.3798,1,3,21,77,88,38.5385,0.3077,6,77.5385
egg4-balanced-B,stage4,egg4,Rare,balanced,B,greedy,6,mushroom|beetle,15,0.2667,0.2667,15,39.8,12.9741,66.6259,2,8.8,26,48.4,224,47.5333,1,8.4667,105.4667
egg4-balanced-B,stage4,egg4,Rare,balanced,B,random,1,mushroom,200,0.125,0.035,200,54.08,50.7881,57.3719,19,28.9,50,87.1,172,63.705,0.07,10.225,186.89
egg4-balanced-B,stage4,egg4,Rare,balanced,B,random,2,beetle|mushroom,193,0.4767,0.2435,193,56.5285,51.2465,61.8105,2,13.4,49,111,158,54.1762,0.4715,11.2798,152.0777
egg4-balanced-B,stage4,egg4,Rare,balanced,B,random,3,beetle|mushroom,146,0.3904,0.3014,146,42.5,37.1367,47.8633,1,7,34.5,92,153,46.1507,0.726,8.7397,122.5753
egg4-balanced-B,stage4,egg4,Rare,balanced,B,random,4,brute,102,0.8529,0.8039,102,34.0294,28.2051,39.8537,3,6,24,70.8,144,10.6961,0.5588,7.0392,171.8235
egg4-balanced-B,stage4,egg4,Rare,balanced,B,random,8,stag,14,1,1,14,22,12.376,31.624,3,3.9,18,42.4,71,0,0.2143,4.7143,171.8571
egg4-balanced-B,stage4,egg4,Rare,balanced,B,random,6,beetle|mushroom,10,0.4,0.4,10,21,14.7951,27.2049,3,7.5,21.5,30.6,36,36.6,0.2,4.3,76.1
egg4-balanced-B,stage4,egg4,Rare,balanced,B,random,7,beetle|mushroom,6,0.1667,0.1667,6,32,9.4927,54.5073,7,9,21.5,65.5,78,51.3333,0.3333,6.5,80.8333
egg4-balanced-B,stage4,egg4,Rare,balanced,B,random,5,beetle,3,0.3333,0.3333,3,62.3333,-15.1659,139.8325,16,18.8,30,118.8,141,70.6667,2.3333,13,243
egg4-control,control_stage1-3,egg4,Rare,balanced,A,greedy-egg,1,mushroom,200,0.385,0.22,200,97.535,92.3881,102.6819,23,53.9,92,145.1,211,34.265,0.12,0,198.2
egg4-control,control_stage1-3,egg4,Rare,balanced,A,greedy-egg,2,beetle|mushroom,156,0.8269,0.7436,156,69.2179,59.5752,78.8607,2,6,53,169.5,238,11.3718,0.4423,0,119.6026
egg4-control,control_stage1-3,egg4,Rare,balanced,A,greedy-egg,3,mushroom|beetle,40,0.975,0.825,40,67.075,47.8549,86.2951,2,9.4,52.5,165.2,250,8.225,0.95,0,128.175
egg4-control,control_stage1-3,egg4,Rare,balanced,A,greedy-egg,4,brute,7,1,0.8571,7,26.5714,9.0153,44.1275,3,4.8,28,53,68,4.7143,0.1429,0,83.1429
egg4-control,control_stage1-3,egg4,Rare,balanced,A,greedy-egg,8,stag,1,1,1,1,6,6,6,6,6,6,6,6,0,0,0,75
egg4-control,control_stage1-3,egg4,Rare,balanced,A,greedy,1,mushroom,200,0.11,0.02,200,49.97,46.7628,53.1772,16,24,46,80.1,129,51.345,0.005,0,179.49
egg4-control,control_stage1-3,egg4,Rare,balanced,A,greedy,2,beetle|mushroom,196,0.5765,0.3469,196,44.9337,40.561,49.3064,2,8.5,40,87,195,40.5459,0.0918,0,141.1378
egg4-control,control_stage1-3,egg4,Rare,balanced,A,greedy,3,beetle|mushroom,128,0.3984,0.2578,128,38.9219,34.0514,43.7924,1,4,34.5,71.3,156,47.5313,0.1797,0,125.875
egg4-control,control_stage1-3,egg4,Rare,balanced,A,greedy,4,brute,95,0.9474,0.8947,95,23.3684,19.6055,27.1313,3,6,16,51,102,3.9368,0.0421,0,141.3158
egg4-control,control_stage1-3,egg4,Rare,balanced,A,greedy,8,stag,7,1,1,7,16.4286,9.9865,22.8706,6,6,15,25.4,26,0,0,0,112.4286
egg4-control,control_stage1-3,egg4,Rare,balanced,A,greedy,7,beetle,2,0,0,2,31.5,24.64,38.36,28,28.7,31.5,34.3,35,70,0.5,0,75.5
egg4-control,control_stage1-3,egg4,Rare,balanced,A,greedy,5,mushroom|beetle,4,0.75,0.5,4,50.75,-1.2139,102.7139,4,10.9,36.5,102,126,39.25,0.25,0,162.75
egg4-control,control_stage1-3,egg4,Rare,balanced,A,greedy,6,mushroom,1,1,1,1,8,8,8,8,8,8,8,8,0,0,0,52
egg4-control,control_stage1-3,egg4,Rare,balanced,A,random,1,mushroom,200,0.35,0.135,200,50.47,47.1872,53.7528,19,25.9,46,82,168,45.44,0.075,0,192.655
egg4-control,control_stage1-3,egg4,Rare,balanced,A,random,2,mushroom|beetle,173,0.659,0.4855,173,42.6821,37.4628,47.9014,4,6,36,90.8,153,28.5723,0.3064,0,142.9249
egg4-control,control_stage1-3,egg4,Rare,balanced,A,random,3,beetle|mushroom,89,0.6067,0.4831,89,33.0337,27.1989,38.8685,1,4.8,25,67.6,123,28.0899,0.3258,0,114.382
egg4-control,control_stage1-3,egg4,Rare,balanced,A,random,4,brute,46,0.9348,0.8913,46,18.7609,13.3195,24.2023,3,3,12,44.5,75,2.5435,0.0652,0,115.6522
egg4-control,control_stage1-3,egg4,Rare,balanced,A,random,6,beetle|mushroom,2,1,1,2,25.5,20.6,30.4,23,23.5,25.5,27.5,28,0,0,0,78.5
egg4-control,control_stage1-3,egg4,Rare,balanced,A,random,5,beetle|mushroom,3,1,1,3,4.3333,2.6048,6.0619,3,3.2,4,5.6,6,0,0,0,28.6667
egg4-math-A,stage4,egg4,Rare,math,A,greedy-egg,1,mushroom,200,0,0,200,25.55,25.0481,26.0519,15,20,25,30,35,72.735,0,4.975,66.69
egg4-math-A,stage4,egg4,Rare,math,A,greedy-egg,2,beetle|mushroom,200,0.105,0.015,200,34.305,32.7745,35.8355,14,20,30,50,57,54.92,0,6.875,65.47
egg4-math-A,stage4,egg4,Rare,math,A,greedy-egg,3,beetle|mushroom,197,0.3249,0.1371,197,28.401,26.6193,30.1827,3,12,25,46.8,60,46.4061,0.0558,5.6497,55.066
egg4-math-A,stage4,egg4,Rare,math,A,greedy-egg,4,brute,170,0.7824,0.6588,170,31.9,29.003,34.797,3,6,30,58.1,68,14.2765,0.1235,6.3294,106.2294
egg4-math-A,stage4,egg4,Rare,math,A,greedy-egg,6,beetle|mushroom,21,0.4286,0.2857,21,22.3333,17.3467,27.32,2,5,24,35,45,34.7143,0.0952,4.5714,49.5238
egg4-math-A,stage4,egg4,Rare,math,A,greedy-egg,8,stag,37,1,1,37,20.5946,15.855,25.3342,3,6,17,38.4,59,0,0.2432,4.0541,110.4054
egg4-math-A,stage4,egg4,Rare,math,A,greedy-egg,5,mushroom|beetle,23,0.5217,0.4783,23,18.913,13.6117,24.2144,2,3,21,33.8,50,22.7826,0.087,3.6957,38.6522
egg4-math-A,stage4,egg4,Rare,math,A,greedy-egg,7,beetle|mushroom,16,0.3125,0.25,16,21.5,16.2408,26.7592,6,9.5,20,31.5,48,32.9375,0.3125,4.5625,41.0625
egg4-math-A,stage4,egg4,Rare,math,A,greedy,1,mushroom,200,0,0,200,22.245,21.5799,22.9101,11,15,23,28.1,35,71.38,0,4.23,88.345
egg4-math-A,stage4,egg4,Rare,math,A,greedy,2,beetle|mushroom,200,0.195,0.065,200,25.575,24.2656,26.8844,7,15,24,40,46,55.635,0,5.055,85.72
egg4-math-A,stage4,egg4,Rare,math,A,greedy,3,mushroom|beetle,187,0.246,0.1497,187,22.1604,20.7164,23.6044,2,8,23,35,50,55.9786,0.016,4.4813,72.6952
egg4-math-A,stage4,egg4,Rare,math,A,greedy,4,brute,159,0.673,0.5723,159,27.4654,24.9995,29.9313,3,9,26,50.2,58,27.239,0.1258,5.4465,148.3396
egg4-math-A,stage4,egg4,Rare,math,A,greedy,6,mushroom|beetle,30,0.2667,0.1333,30,25.0333,19.7779,30.2888,2,5.9,22.5,45.5,53,61.5,0.5,5.1333,74.2
egg4-math-A,stage4,egg4,Rare,math,A,greedy,7,mushroom|beetle,25,0.28,0.24,25,20.6,16.542,24.658,2,7.6,20,33.4,45,62.4,0.08,4.24,59.6
egg4-math-A,stage4,egg4,Rare,math,A,greedy,8,stag,55,1,1,55,29.2,21.5331,36.8669,3,6,21,54.8,157,0,0.5455,6.0545,207.8364
egg4-math-A,stage4,egg4,Rare,math,A,greedy,5,mushroom|beetle,27,0.2222,0.1111,27,23.8148,18.74,28.8896,2,8,24,35.8,56,61.4444,0.1852,4.7778,72.5185
egg4-math-A,stage4,egg4,Rare,math,A,random,1,mushroom,200,0,0,200,22.935,22.3076,23.5624,12,17.9,23,30,35,62.435,0,4.32,96.56
egg4-math-A,stage4,egg4,Rare,math,A,random,2,mushroom|beetle,200,0.41,0.2,200,23.825,22.4659,25.1841,4,12,22,39,47,45.715,0.005,4.715,85.405
egg4-math-A,stage4,egg4,Rare,math,A,random,3,mushroom|beetle,160,0.45,0.2813,160,20.7688,19.0422,22.4953,2,6,21,35,52,44,0.0813,4.1375,72.9562
egg4-math-A,stage4,egg4,Rare,math,A,random,4,brute,115,0.8522,0.6696,115,23.3913,20.4804,26.3023,3,6,20,47.6,65,19.2609,0.1739,4.6522,135.9826
egg4-math-A,stage4,egg4,Rare,math,A,random,5,beetle|mushroom,17,0.4118,0.4118,17,23.7647,15.3268,32.2026,2,4,18,50,57,49.5294,0.2941,4.8824,73.4706
egg4-math-A,stage4,egg4,Rare,math,A,random,6,mushroom|beetle,14,0.5,0.4286,14,25.4286,18.007,32.8501,8,8.3,23.5,40,49,46.7857,0.7143,4.8571,100.7857
egg4-math-A,stage4,egg4,Rare,math,A,random,8,stag,23,1,1,23,24.1304,14.3574,33.9035,6,6,16,42.4,115,0,0.6957,5.0435,208.3043
egg4-math-A,stage4,egg4,Rare,math,A,random,7,beetle|mushroom,8,0.25,0.25,8,28.75,19.9631,37.5369,14,14.7,27,44.6,46,76.875,1.25,6.125,121.625
egg4-math-B,stage4,egg4,Rare,math,B,greedy-egg,1,mushroom,200,0.035,0.005,200,110.005,104.0917,115.9183,24,60,105.5,163.1,259,79.085,0.2,21.4,141.24
egg4-math-B,stage4,egg4,Rare,math,B,greedy-egg,2,mushroom|beetle,199,0.3467,0.2362,199,147.7286,138.0115,157.4457,8,65.8,140,239.2,352,59.1709,1.5628,29.5075,122.995
egg4-math-B,stage4,egg4,Rare,math,B,greedy-egg,3,beetle|mushroom,152,0.4605,0.3553,152,109.6776,97.1049,122.2504,2,22.1,94.5,230.1,350,46.6053,2.1513,22.4013,97.7171
egg4-math-B,stage4,egg4,Rare,math,B,greedy-egg,4,brute,98,0.7551,0.6837,98,87.5102,74.4852,100.5352,6,29.7,57.5,191.3,281,21.8265,1.551,17.9184,143.5102
egg4-math-B,stage4,egg4,Rare,math,B,greedy-egg,6,mushroom|beetle,14,0.1429,0.1429,14,26.2857,18.4823,34.0891,6,15.9,25,30.1,73,77.7857,0.3571,5.5,30.7857
egg4-math-B,stage4,egg4,Rare,math,B,greedy-egg,7,beetle|mushroom,15,0.0667,0.0667,15,26.4667,23.9445,28.9888,17,19.6,27,32.2,34,74.6,0.3333,5.4,31.5333
egg4-math-B,stage4,egg4,Rare,math,B,greedy-egg,8,stag,27,1,1,27,49.5556,39.1867,59.9244,7,21.4,42,88,112,0,1.037,10.3333,142.5556
egg4-math-B,stage4,egg4,Rare,math,B,greedy-egg,5,beetle|mushroom,10,0.2,0.1,10,30.8,17.968,43.632,16,18.7,26.5,38.5,88,71.2,0.5,6.3,22.6
egg4-math-B,stage4,egg4,Rare,math,B,greedy,1,mushroom,200,0,0,200,53.025,49.6741,56.3759,17,26,49,84,142,88.475,0.01,10.035,123.175
egg4-math-B,stage4,egg4,Rare,math,B,greedy,2,beetle|mushroom,200,0.015,0.01,200,56.09,52.0111,60.1689,3,24,49.5,95.1,164,88.825,0.15,11.17,90.11
egg4-math-B,stage4,egg4,Rare,math,B,greedy,3,mushroom|beetle,198,0.0657,0.0505,198,52.3889,47.2517,57.5261,1,16,42.5,97.6,195,85.7929,0.6313,10.6263,73.9899
egg4-math-B,stage4,egg4,Rare,math,B,greedy,4,brute,188,0.3245,0.2128,188,72.0426,65.102,78.9831,1,20.4,64,131.9,263,58,1.133,14.7021,192.0372
egg4-math-B,stage4,egg4,Rare,math,B,greedy,8,stag,135,0.9778,0.9481,135,64.963,56.0245,73.9014,3,15,49,143,255,4.3852,1.6593,13.7185,292.1037
egg4-math-B,stage4,egg4,Rare,math,B,greedy,6,beetle|mushroom,56,0.1607,0.0893,56,39.375,27.6346,51.1154,2,15,26.5,82.5,303,79.7143,0.7857,8.4643,61.2857
egg4-math-B,stage4,egg4,Rare,math,B,greedy,5,beetle|mushroom,54,0.0926,0.0556,54,43.3889,32.4244,54.3534,2,12,26.5,96.3,178,70.7407,0.8704,8.9259,68.5556
egg4-math-B,stage4,egg4,Rare,math,B,greedy,7,beetle|mushroom,53,0.0943,0.0943,53,30.6415,21.9716,39.3115,3,10.4,22,54,145,71.0377,0.5849,6.3396,44.6604
egg4-math-B,stage4,egg4,Rare,math,B,random,1,mushroom,200,0.005,0,200,54.575,51.291,57.859,19,28.9,50.5,88.1,172,83.535,0.07,10.325,133.7
egg4-math-B,stage4,egg4,Rare,math,B,random,2,beetle|mushroom,200,0.085,0.045,200,62.84,57.8614,67.8186,6,27,53,113,191,84.93,0.535,12.52,94.51
egg4-math-B,stage4,egg4,Rare,math,B,random,3,mushroom|beetle,191,0.1571,0.0838,191,50.8429,45.0495,56.6363,1,12,39,106,290,76.1623,1.0209,10.3979,81.5026
egg4-math-B,stage4,egg4,Rare,math,B,random,4,brute,175,0.5029,0.3657,175,56.6971,51.3627,62.0316,3,16.4,48,110.6,162,41.9029,1.0057,11.6,164.3771
egg4-math-B,stage4,egg4,Rare,math,B,random,8,stag,100,0.98,0.98,100,45.84,37.9422,53.7378,3,12.9,31.5,91.9,222,1.25,1.29,9.67,217.61
egg4-math-B,stage4,egg4,Rare,math,B,random,7,mushroom|beetle,35,0.1143,0.0857,35,29.7714,17.7441,41.7988,1,9.4,19,64.8,202,64.6286,0.8857,5.9714,57
egg4-math-B,stage4,egg4,Rare,math,B,random,6,mushroom|beetle,39,0.1026,0.0513,39,25.1795,17.8484,32.5106,1,6.8,19,59,97,66.0769,0.5128,5.2308,48.8205
egg4-math-B,stage4,egg4,Rare,math,B,random,5,mushroom|beetle,38,0.2632,0.1579,38,34.6579,23.1036,46.2122,1,9.7,20.5,89.4,164,59.3421,0.7895,7.2895,71.8158
egg4-science-A,stage4,egg4,Rare,science,A,greedy-egg,1,mushroom,200,0.035,0.005,200,47.89,46.3816,49.3984,17,36,47,63.1,81,62.36,0.005,9.11,109.475
egg4-science-A,stage4,egg4,Rare,science,A,greedy-egg,2,mushroom|beetle,199,0.4121,0.196,199,51.1508,48.284,54.0175,2,25.8,51,76,104,44.7638,0.0603,10.2161,93.5729
egg4-science-A,stage4,egg4,Rare,science,A,greedy-egg,3,beetle|mushroom,160,0.5375,0.3937,160,36.2625,33.0904,39.4346,2,9.9,34.5,60,120,35.2125,0.2562,7.4063,70.575
egg4-science-A,stage4,egg4,Rare,science,A,greedy-egg,4,brute,97,0.8454,0.7732,97,33.4845,28.2658,38.7033,3,6,25,74.2,108,10.6186,0.1546,6.8454,109.9485
egg4-science-A,stage4,egg4,Rare,science,A,greedy-egg,5,mushroom|beetle,11,0.6364,0.5455,11,27.0909,15.0537,39.1281,3,6,25,52,61,22.0909,0.3636,5.3636,54.1818
egg4-science-A,stage4,egg4,Rare,science,A,greedy-egg,6,beetle|mushroom,8,0.25,0.25,8,30.75,13.4091,48.0909,2,14.6,23,56.6,86,34.75,0.375,6.125,68.875
egg4-science-A,stage4,egg4,Rare,science,A,greedy-egg,7,beetle|mushroom,6,0,0,6,35.1667,20.4783,49.855,21,22,29,54.5,70,68.3333,0.1667,7.3333,49.3333
egg4-science-A,stage4,egg4,Rare,science,A,greedy-egg,8,stag,14,1,1,14,19.2857,15.0131,23.5583,6,9.9,19,30,31,0,0.3571,4.0714,121.3571
egg4-science-A,stage4,egg4,Rare,science,A,greedy,1,mushroom,200,0.03,0.005,200,44.645,42.2371,47.0529,17,25.9,42,68,114,63.1,0,8.365,166.435
egg4-science-A,stage4,egg4,Rare,science,A,greedy,2,beetle|mushroom,199,0.4271,0.1508,199,47.8995,44.5026,51.2964,3,20,43,80.6,127,60.1206,0.0704,9.5427,149.7688
egg4-science-A,stage4,egg4,Rare,science,A,greedy,3,mushroom|beetle,169,0.3254,0.213,169,40.4852,36.3489,44.6215,2,8,34,74,135,57.1657,0.3314,8.2899,119.929
egg4-science-A,stage4,egg4,Rare,science,A,greedy,4,brute,133,0.9098,0.8271,133,29.1203,24.7031,33.5375,1,6,24,61,179,9.4211,0.3383,5.9474,174.5489
egg4-science-A,stage4,egg4,Rare,science,A,greedy,5,mushroom|beetle,9,0.4444,0.4444,9,26.8889,16.1662,37.6115,6,13.2,21,47,55,51.3333,0.3333,5.7778,99.5556
egg4-science-A,stage4,egg4,Rare,science,A,greedy,7,mushroom|beetle,8,0.5,0.5,8,14.25,5.8055,22.6945,1,1.7,16,24.7,38,29.375,0,3.125,62.5
egg4-science-A,stage4,egg4,Rare,science,A,greedy,8,stag,14,1,1,14,18.8571,12.3635,25.3508,3,6,16.5,35.1,41,0,0.2857,4,134.6429
egg4-science-A,stage4,egg4,Rare,science,A,greedy,6,beetle|mushroom,6,0.3333,0.1667,6,35.1667,15.3495,54.9838,2,14.5,31.5,59.5,78,76.6667,0.5,7.1667,113.5
egg4-science-A,stage4,egg4,Rare,science,A,random,1,mushroom,200,0.17,0.055,200,46.505,44.1228,48.8872,19,26.9,44.5,69.1,117,57.21,0.04,8.75,182.375
egg4-science-A,stage4,egg4,Rare,science,A,random,2,mushroom|beetle,189,0.582,0.3915,189,40.4762,36.6503,44.3021,3,8,36,76.6,127,41.5132,0.2487,8.1111,135.4127
egg4-science-A,stage4,egg4,Rare,science,A,random,3,beetle|mushroom,115,0.4609,0.3217,115,35.6522,30.7873,40.5171,1,8.4,31,68,161,43.7217,0.5043,7.2435,127.4696
egg4-science-A,stage4,egg4,Rare,science,A,random,4,brute,78,0.859,0.8462,78,23.0513,18.406,27.6965,2,6,15,58.3,97,10.7436,0.1923,4.6795,135.4615
egg4-science-A,stage4,egg4,Rare,science,A,random,7,beetle|mushroom,5,0.2,0.2,5,27.6,20.3295,34.8705,19,20.6,27,35.8,41,43.4,0.2,5.4,108.4
egg4-science-A,stage4,egg4,Rare,science,A,random,8,stag,9,1,1,9,21.5556,8.2497,34.8614,3,7.8,15,49,65,0,0.4444,5,149
egg4-science-A,stage4,egg4,Rare,science,A,random,5,mushroom|beetle,4,0.5,0.5,4,43.25,14.2074,72.2926,8,14.6,46.5,69.3,72,18.75,0.75,9,125
egg4-science-B,stage4,egg4,Rare,science,B,greedy-egg,1,mushroom,200,0.005,0,200,109.95,104.1139,115.7861,24,60,107,164,259,95.365,0.195,21.39,218.97
egg4-science-B,stage4,egg4,Rare,science,B,greedy-egg,2,mushroom|beetle,200,0.18,0.135,200,152.025,142.4669,161.5831,15,70.9,142,245.5,366,83.36,1.56,30.375,247.91
egg4-science-B,stage4,egg4,Rare,science,B,greedy-egg,3,mushroom|beetle,173,0.3179,0.2197,173,125.9133,113.8159,138.0106,8,31.2,117,246.4,325,74.7514,2.7746,25.6763,227.5954
egg4-science-B,stage4,egg4,Rare,science,B,greedy-egg,4,brute,135,0.8074,0.7333,135,95.6296,83.6642,107.595,6,30.4,67,206.2,306,24.1111,2.0593,19.4963,308.8593
egg4-science-B,stage4,egg4,Rare,science,B,greedy-egg,6,mushroom|beetle,18,0.2222,0.1667,18,62.1667,33.771,90.5624,6,26.1,34,128.2,251,78.5556,1.6111,12.9444,123.7222
egg4-science-B,stage4,egg4,Rare,science,B,greedy-egg,8,stag,29,1,1,29,46.6207,35.8223,57.4191,3,18.2,38,89,115,0,1.3103,9.6897,224.9655
egg4-science-B,stage4,egg4,Rare,science,B,greedy-egg,7,beetle|mushroom,14,0.2857,0.2857,14,51.5714,22.2831,80.8597,22,25.5,31.5,87.5,232,75.0714,1.8571,10.7143,98.5714
egg4-science-B,stage4,egg4,Rare,science,B,greedy-egg,5,mushroom|beetle,14,0,0,14,36.2143,30.9271,41.5015,23,24,37.5,46.9,59,90.7143,0.5,7.5,86.7857
egg4-science-B,stage4,egg4,Rare,science,B,greedy,1,mushroom,200,0.015,0,200,53.065,49.7174,56.4126,17,26,49.5,84,142,77.005,0.01,10.04,192.85
egg4-science-B,stage4,egg4,Rare,science,B,greedy,2,beetle|mushroom,200,0.255,0.125,200,53.74,49.2828,58.1972,3,18,45,93.2,164,69.11,0.135,10.725,169.845
egg4-science-B,stage4,egg4,Rare,science,B,greedy,3,mushroom|beetle,175,0.2343,0.1429,175,48.24,43.138,53.342,1,10,40,96,175,68.9086,0.5314,9.7829,148.8514
egg4-science-B,stage4,egg4,Rare,science,B,greedy,4,brute,150,0.8067,0.6933,150,46.38,39.8075,52.9525,1,7,33.5,102.1,171,20.66,0.5133,9.5867,244.1133
egg4-science-B,stage4,egg4,Rare,science,B,greedy,7,mushroom|beetle,11,0.2727,0.2727,11,32.2727,22.476,42.0695,8,14,34,49,62,48.4545,0.9091,6.8182,129
egg4-science-B,stage4,egg4,Rare,science,B,greedy,8,stag,33,1,1,33,29.1212,21.5221,36.7203,6,6,23,66,83,0,0.6061,6.3636,205.1212
egg4-science-B,stage4,egg4,Rare,science,B,greedy,5,beetle|mushroom,16,0.375,0.3125,16,37.875,27.1577,48.5923,6,19.5,34,53,105,55.3125,0.75,7.6875,122.9375
egg4-science-B,stage4,egg4,Rare,science,B,greedy,6,beetle|mushroom,19,0.3684,0.2632,19,32.1579,24.7355,39.5802,4,14.8,34,52.2,68,56.8421,0.6316,6.5789,104.6316
egg4-science-B,stage4,egg4,Rare,science,B,random,1,mushroom,200,0.1,0.02,200,54.39,51.0502,57.7298,19,28,49.5,88.1,172,67.04,0.075,10.285,207.085
egg4-science-B,stage4,egg4,Rare,science,B,random,2,beetle|mushroom,196,0.4439,0.2398,196,56.25,51.0136,61.4864,3,12,49,106,163,56.4082,0.4643,11.2296,173.7296
egg4-science-B,stage4,egg4,Rare,science,B,random,3,mushroom|beetle,149,0.4228,0.2886,149,45.7584,40.3705,51.1463,1,10,39,89.6,169,51.7181,0.7852,9.4631,153.4899
egg4-science-B,stage4,egg4,Rare,science,B,random,4,brute,106,0.9057,0.8396,106,29.0283,24.34,33.7167,3,6,21,64.5,117,9.6226,0.3491,6.0472,174.3962
egg4-science-B,stage4,egg4,Rare,science,B,random,6,beetle|mushroom,7,0.2857,0.1429,7,32,18.7895,45.2105,15,15,27,49.8,66,56.8571,0.5714,6.5714,113.1429
egg4-science-B,stage4,egg4,Rare,science,B,random,8,stag,7,1,1,7,23.8571,8.0064,39.7079,3,6.6,12,49.2,63,0,0.2857,5.1429,159.4286
egg4-science-B,stage4,egg4,Rare,science,B,random,7,beetle|mushroom,7,0.4286,0.4286,7,20.8571,15.6993,26.015,11,12.8,22,29,29,39.5714,0.1429,4.2857,77.2857
egg4-science-B,stage4,egg4,Rare,science,B,random,5,beetle|mushroom,9,0.6667,0.6667,9,21.8889,12.595,31.1828,3,5.4,24,36.6,39,18.8889,0.4444,4.5556,86.4444
egg5-balanced-A,stage4,egg5,Epic,balanced,A,greedy-egg,1,mushroom,200,0.02,0.01,200,14.02,13.7549,14.2851,10,12,14,17,21,28.1,0,3.04,87.09
egg5-balanced-A,stage4,egg5,Epic,balanced,A,greedy-egg,2,mushroom|beetle,198,1,0.8081,198,10.0303,9.5573,10.5033,2,4,10,15,18,2.0808,0,2.4495,66.1768
egg5-balanced-A,stage4,egg5,Epic,balanced,A,greedy-egg,3,mushroom|beetle,38,1,1,38,3.6053,3.1064,4.1041,2,2,3,6,6,0,0,0.8158,22.1579
egg5-balanced-A,stage4,egg5,Epic,balanced,A,greedy,1,mushroom,200,0,0,200,16.51,16.1408,16.8792,12,13,17,20,26,35.13,0,3.43,94.965
egg5-balanced-A,stage4,egg5,Epic,balanced,A,greedy,2,mushroom|beetle,200,0.95,0.695,200,12.935,12.1056,13.7644,3,6,12,21,31,6.88,0,3,75.845
egg5-balanced-A,stage4,egg5,Epic,balanced,A,greedy,3,beetle|mushroom,61,0.8525,0.8033,61,6.3279,5.1386,7.5171,2,3,6,13,22,5.7869,0,1.3934,37.6066
egg5-balanced-A,stage4,egg5,Epic,balanced,A,greedy,4,brute,12,1,0.9167,12,7.4167,3.4933,11.3401,3,3,4.5,14.4,26,7.8333,0,2,72.0833
egg5-balanced-A,stage4,egg5,Epic,balanced,A,greedy,6,mushroom,1,0,0,1,5,5,5,5,5,5,5,5,110,0,1,30
egg5-balanced-A,stage4,egg5,Epic,balanced,A,greedy,7,beetle,1,0,0,1,28,28,28,28,28,28,28,28,84,1,6,169
egg5-balanced-A,stage4,egg5,Epic,balanced,A,greedy,8,stag,1,1,1,1,9,9,9,9,9,9,9,9,0,0,2,105
egg5-balanced-A,stage4,egg5,Epic,balanced,A,random,1,mushroom,200,0.065,0.01,200,17.12,16.7333,17.5067,12,14,17,21,25,28.99,0,3.535,102.545
egg5-balanced-A,stage4,egg5,Epic,balanced,A,random,2,mushroom|beetle,198,0.9848,0.803,198,11.8737,11.0449,12.7026,2,6,12,20.3,34,4.1414,0,2.7424,72.5455
egg5-balanced-A,stage4,egg5,Epic,balanced,A,random,3,mushroom|beetle,39,1,1,39,5.1282,3.9916,6.2648,2,2,4,9,18,0,0,0.9231,33.5897
egg5-balanced-B,stage4,egg5,Epic,balanced,B,greedy-egg,1,mushroom,200,0,0,200,11.165,10.7813,11.5487,8,8,10.5,14,25,59.015,0,2.285,62.56
egg5-balanced-B,stage4,egg5,Epic,balanced,B,greedy-egg,2,mushroom|beetle,200,0.285,0.065,200,11.585,11.1347,12.0353,5,8,12,16,21,21.125,0,2.595,59.09
egg5-balanced-B,stage4,egg5,Epic,balanced,B,greedy-egg,3,mushroom|beetle,187,0.9091,0.5348,187,8.3102,7.7801,8.8402,2,3,8,13,19,8.8396,0,1.7433,46.6364
egg5-balanced-B,stage4,egg5,Epic,balanced,B,greedy-egg,4,brute,87,1,1,87,4.6207,4.1516,5.0897,3,3,3,6,12,0,0,0.8391,41.6667
egg5-balanced-B,stage4,egg5,Epic,balanced,B,greedy,1,mushroom,200,0,0,200,14.73,14.1786,15.2814,8,9,14,20,25,65.64,0,2.875,76.225
egg5-balanced-B,stage4,egg5,Epic,balanced,B,greedy,2,mushroom|beetle,200,0.285,0.1,200,15.72,14.8766,16.5634,5,9,14,24,38,37.29,0,3.295,73.66
egg5-balanced-B,stage4,egg5,Epic,balanced,B,greedy,3,beetle|mushroom,180,0.6056,0.3222,180,13.0278,12.0415,14.0141,2,6,12,21,38,29.6778,0,2.6778,61.2056
egg5-balanced-B,stage4,egg5,Epic,balanced,B,greedy,4,brute,122,0.8607,0.7459,122,12.4016,10.9163,13.8869,3,3,10.5,24,41,12.1148,0,2.5164,93.8279
egg5-balanced-B,stage4,egg5,Epic,balanced,B,greedy,5,mushroom|beetle,14,0.2857,0.2857,14,14.8571,11.5197,18.1946,3,9.3,14,21,28,53.9286,0.0714,3.2143,61.9286
egg5-balanced-B,stage4,egg5,Epic,balanced,B,greedy,8,stag,23,1,1,23,19.8261,12.6086,27.0435,3,3.6,18,35.6,72,0,0.3478,4.1304,202.6957
egg5-balanced-B,stage4,egg5,Epic,balanced,B,greedy,6,mushroom|beetle,9,0.1111,0.1111,9,17.2222,13.1451,21.2994,8,12.8,15,25.8,29,67.7778,0,3.7778,85.8889
egg5-balanced-B,stage4,egg5,Epic,balanced,B,greedy,7,mushroom|beetle,13,0.3077,0.2308,13,12.3846,9.3536,15.4157,3,5.6,13,16.8,24,42.6923,0,2.5385,57.3077
egg5-balanced-B,stage4,egg5,Epic,balanced,B,random,1,mushroom,200,0,0,200,14.455,13.9613,14.9487,8,9,14,20,25,58.805,0,2.805,77.845
egg5-balanced-B,stage4,egg5,Epic,balanced,B,random,2,mushroom|beetle,200,0.415,0.15,200,15.4,14.5938,16.2062,3,9,15,23.1,35,30.345,0,3.175,75.44
egg5-balanced-B,stage4,egg5,Epic,balanced,B,random,3,mushroom|beetle,170,0.7059,0.4471,170,11.1941,10.2683,12.12,2,4,10,20,34,23.6412,0.0059,2.2706,56.2235
egg5-balanced-B,stage4,egg5,Epic,balanced,B,random,4,brute,94,0.9362,0.8511,94,11.6383,9.8205,13.4561,3,3,9,24,44,7.7872,0.0426,2.2553,93.6702
egg5-balanced-B,stage4,egg5,Epic,balanced,B,random,5,beetle|mushroom,8,0.5,0.25,8,14.75,8.9434,20.5566,3,3.7,15.5,23.2,26,44.625,0,3.25,74
egg5-balanced-B,stage4,egg5,Epic,balanced,B,random,6,mushroom|beetle,6,0.6667,0.6667,6,10.3333,3.8789,16.7878,2,4,8.5,18.5,25,22,0.3333,2,41.8333
egg5-balanced-B,stage4,egg5,Epic,balanced,B,random,7,beetle|mushroom,5,0.4,0.4,5,17,6.703,27.297,6,8,12,29.6,36,59.4,0.4,3.6,83.4
egg5-balanced-B,stage4,egg5,Epic,balanced,B,random,8,stag,6,1,1,6,29.5,0.999,58.001,12,12,16.5,60,102,0,0.5,6.5,296.1667
egg5-control,control_stage1-3,egg5,Epic,balanced,A,greedy-egg,1,mushroom,200,0.65,0.255,200,20.24,19.7144,20.7656,13,16,20,24.1,42,15.765,0,0,123.025
egg5-control,control_stage1-3,egg5,Epic,balanced,A,greedy-egg,2,beetle|mushroom,149,1,0.9799,149,7.1477,6.3721,7.9232,2,2,6,14,27,0.4564,0,0,43.0671
egg5-control,control_stage1-3,egg5,Epic,balanced,A,greedy-egg,3,beetle,3,1,1,3,5,3.04,6.96,3,3.6,6,6,6,0,0,0,29
egg5-control,control_stage1-3,egg5,Epic,balanced,A,greedy,1,mushroom,200,0.34,0.15,200,29.04,27.663,30.417,14,18,26,42,67,28.68,0,0,152.75
egg5-control,control_stage1-3,egg5,Epic,balanced,A,greedy,2,mushroom|beetle,170,0.8765,0.7294,170,18.7235,16.4049,21.0421,2,4,14,43.1,68,13.0118,0,0,91.4235
egg5-control,control_stage1-3,egg5,Epic,balanced,A,greedy,3,beetle|mushroom,46,0.8261,0.6739,46,17.0217,13.6294,20.4141,3,6,12,38.5,45,13.8478,0.0217,0,85.1957
egg5-control,control_stage1-3,egg5,Epic,balanced,A,greedy,4,brute,15,1,0.9333,15,14.6,9.1602,20.0398,3,3,15,22.8,42,1.4,0,0,115.5333
egg5-control,control_stage1-3,egg5,Epic,balanced,A,greedy,5,mushroom,1,1,1,1,6,6,6,6,6,6,6,6,0,0,0,30
egg5-control,control_stage1-3,egg5,Epic,balanced,A,random,1,mushroom,200,0.605,0.26,200,30.065,28.8282,31.3018,16,20,28.5,43,61,26.805,0,0,166.53
egg5-control,control_stage1-3,egg5,Epic,balanced,A,random,2,mushroom|beetle,148,0.9189,0.8446,148,15.6757,13.4461,17.9053,2,4,12,35.3,62,8.4595,0.0135,0,83.0338
egg5-control,control_stage1-3,egg5,Epic,balanced,A,random,3,mushroom|beetle,23,0.6957,0.6522,23,15,9.9825,20.0175,3,4.4,14,22.8,61,14.8696,0.087,0,84.5217
egg5-control,control_stage1-3,egg5,Epic,balanced,A,random,4,brute,8,1,1,8,8.625,3.9848,13.2652,3,3,7.5,13.5,24,0,0,0,84.5
egg5-math-A,stage4,egg5,Epic,math,A,greedy-egg,1,mushroom,200,0,0,200,12.875,12.5282,13.2218,8,10,13,16,25,49.02,0,2.525,74.17
egg5-math-A,stage4,egg5,Epic,math,A,greedy-egg,2,mushroom|beetle,200,0.75,0.27,200,13.485,12.8143,14.1557,4,8,13,20,30,16.065,0,3.105,73.09
egg5-math-A,stage4,egg5,Epic,math,A,greedy-egg,3,mushroom|beetle,146,0.9452,0.8288,146,7.1644,6.4467,7.882,2,3,6,13.5,21,3.0616,0,1.6164,41.5616
egg5-math-A,stage4,egg5,Epic,math,A,greedy-egg,4,brute,25,1,1,25,4.2,3.521,4.879,3,3,3,6,9,0,0,0.96,37.56
egg5-math-A,stage4,egg5,Epic,math,A,greedy,1,mushroom,200,0,0,200,16.91,16.3596,17.4604,8,12,17,22,30,59.265,0,3.235,89.525
egg5-math-A,stage4,egg5,Epic,math,A,greedy,2,beetle|mushroom,200,0.455,0.19,200,17.945,16.9543,18.9357,4,11,16,28,44,32.77,0,3.8,85.545
egg5-math-A,stage4,egg5,Epic,math,A,greedy,3,mushroom|beetle,162,0.5802,0.4136,162,14.0617,12.8374,15.2861,2,4,14,25,36,31.6481,0.0062,2.9444,69.1728
egg5-math-A,stage4,egg5,Epic,math,A,greedy,4,brute,95,0.8947,0.8632,95,15.2632,13.2569,17.2694,3,6,12,30.6,39,6.7579,0,3.2421,122.8421
egg5-math-A,stage4,egg5,Epic,math,A,greedy,6,beetle|mushroom,4,0,0,4,21.25,11.5691,30.9309,9,12.3,21.5,30,33,64,0.25,4.75,84.5
egg5-math-A,stage4,egg5,Epic,math,A,greedy,8,stag,12,1,1,12,18.25,11.1785,25.3215,3,3.3,15,38.1,39,0,0.0833,4.0833,169.6667
egg5-math-A,stage4,egg5,Epic,math,A,greedy,5,mushroom,2,0.5,0,2,19.5,12.64,26.36,16,16.7,19.5,22.3,23,63.5,0.5,3.5,105
egg5-math-A,stage4,egg5,Epic,math,A,greedy,7,beetle|mushroom,6,0.1667,0.1667,6,17.5,8.4365,26.5635,2,7.5,17.5,27.5,37,45.6667,0.3333,3.5,74.3333
egg5-math-A,stage4,egg5,Epic,math,A,random,1,mushroom,200,0.01,0,200,17.24,16.7131,17.7669,9,13,17,22,30,51.305,0,3.325,94.54
egg5-math-A,stage4,egg5,Epic,math,A,random,2,beetle|mushroom,200,0.68,0.335,200,17.535,16.5109,18.5591,3,9,17,28,39,26.1,0,3.63,89.475
egg5-math-A,stage4,egg5,Epic,math,A,random,3,beetle|mushroom,133,0.6767,0.5564,133,12.3985,11.1414,13.6556,2,4,12,22,30,21.5564,0.015,2.6165,61.2932
egg5-math-A,stage4,egg5,Epic,math,A,random,4,brute,59,0.9153,0.8814,59,12.7797,10.4152,15.1441,3,3,12,24,41,6.339,0.0339,2.6949,109.5763
egg5-math-A,stage4,egg5,Epic,math,A,random,5,beetle|mushroom,4,0.75,0.75,4,12.5,6.9275,18.0725,6,7.2,12.5,17.8,19,22.5,0.25,2.5,81.25
egg5-math-A,stage4,egg5,Epic,math,A,random,7,beetle|mushroom,4,0,0,4,19.25,10.4345,28.0655,6,10.8,22.5,25.1,26,49.25,0.25,4.25,90.75
egg5-math-A,stage4,egg5,Epic,math,A,random,8,stag,4,1,1,4,15.75,10.1847,21.3153,12,12,13.5,21.3,24,0,0,3.5,171
egg5-math-A,stage4,egg5,Epic,math,A,random,6,mushroom,1,0,0,1,16,16,16,16,16,16,16,16,32,0,3,91
egg5-math-B,stage4,egg5,Epic,math,B,greedy-egg,1,mushroom,200,0,0,200,21.96,21.3998,22.5202,13,17,21,27,43,71.535,0,4.595,61.67
egg5-math-B,stage4,egg5,Epic,math,B,greedy-egg,2,beetle|mushroom,200,0.025,0.005,200,24.865,23.9345,25.7955,10,16.9,24,34.1,49,58.795,0,5.885,38.59
egg5-math-B,stage4,egg5,Epic,math,B,greedy-egg,3,beetle|mushroom,199,0.1106,0.0402,199,19.1106,17.9363,20.2848,2,8,18,30,40,53.6281,0.0101,4.5628,30.2111
egg5-math-B,stage4,egg5,Epic,math,B,greedy-egg,4,brute,191,0.5445,0.2565,191,25.1099,23.565,26.6549,3,11,24,40,54,31.5969,0.0366,6.089,72.3613
egg5-math-B,stage4,egg5,Epic,math,B,greedy-egg,5,mushroom|beetle,48,0.2708,0.1875,48,16.6875,14.4629,18.9121,2,7.4,16,26,36,31.6458,0.0417,4.1458,28.0417
egg5-math-B,stage4,egg5,Epic,math,B,greedy-egg,6,mushroom|beetle,46,0.1087,0.0652,46,15.7174,12.6345,18.8003,2,3,16,30.5,47,52.5,0.0652,3.7826,21.4565
egg5-math-B,stage4,egg5,Epic,math,B,greedy-egg,7,beetle|mushroom,61,0.1311,0.0984,61,14.2623,11.9973,16.5273,2,4,12,27,41,53.5574,0.0328,3.4754,22.7541
egg5-math-B,stage4,egg5,Epic,math,B,greedy-egg,8,stag,124,0.9839,0.9677,124,26.0645,23.1267,29.0023,3,6,24,45,87,1.7339,0.3468,6.6855,113.8387
egg5-math-B,stage4,egg5,Epic,math,B,greedy,1,mushroom,200,0,0,200,31.13,29.7295,32.5305,16,20,29,43.3,71,77.47,0,6.095,94.03
egg5-math-B,stage4,egg5,Epic,math,B,greedy,2,beetle|mushroom,200,0.055,0.01,200,35.025,33.0939,36.9561,7,19,32,54,89,81.02,0,7.62,63.61
egg5-math-B,stage4,egg5,Epic,math,B,greedy,3,mushroom|beetle,198,0.0758,0.0101,198,29.5101,27.3897,31.6305,1,11.7,28,51,78,81.2273,0.0606,6.4293,53.1717
egg5-math-B,stage4,egg5,Epic,math,B,greedy,4,brute,196,0.199,0.1276,196,40.7194,37.861,43.5778,4,15,38.5,66.5,128,60.4796,0.199,9.0102,130.8265
egg5-math-B,stage4,egg5,Epic,math,B,greedy,5,mushroom|beetle,75,0.1333,0.0533,75,24.9867,21.5383,28.435,3,10.4,21,50.6,77,77.5067,0.2267,5.6267,44.5867
egg5-math-B,stage4,egg5,Epic,math,B,greedy,8,stag,160,0.9688,0.95,160,52.375,45.9317,58.8183,3,13.8,39.5,113.4,195,2.9063,1.1062,12.05,261.4937
egg5-math-B,stage4,egg5,Epic,math,B,greedy,6,beetle|mushroom,78,0.0641,0.0385,78,25.7051,22.1227,29.2875,2,6,23,48,85,73.9103,0.3205,5.7436,48.859
egg5-math-B,stage4,egg5,Epic,math,B,greedy,7,mushroom|beetle,71,0.0704,0.0563,71,25.5915,21.0428,30.1403,1,5,21,54,88,73.2676,0.3803,5.6901,47.4648
egg5-math-B,stage4,egg5,Epic,math,B,random,1,mushroom,200,0.005,0,200,32.98,31.7696,34.1904,16,23,32,44,63,76.66,0,6.5,101.045
egg5-math-B,stage4,egg5,Epic,math,B,random,2,beetle|mushroom,200,0.07,0.015,200,35.51,33.5563,37.4637,8,19.9,33,54,79,80.44,0.05,7.59,67.25
egg5-math-B,stage4,egg5,Epic,math,B,random,3,mushroom|beetle,197,0.0761,0.0457,197,29.8883,27.2259,32.5507,2,12,26,50,115,75.4264,0.3046,6.5635,55.1777
egg5-math-B,stage4,egg5,Epic,math,B,random,4,brute,188,0.4202,0.266,188,40.2713,36.8046,43.738,3,14.7,36.5,67,139,50.7819,0.5691,8.7713,147.6117
egg5-math-B,stage4,egg5,Epic,math,B,random,5,beetle|mushroom,61,0.1148,0.0492,61,29.7049,25.2382,34.1717,1,13,24,60,87,71.6721,0.5574,6.377,58.0984
egg5-math-B,stage4,egg5,Epic,math,B,random,7,mushroom|beetle,59,0.0339,0,59,21.9153,19.1857,24.6448,4,9.6,20,34.4,59,72.8814,0.339,4.8644,52.2881
egg5-math-B,stage4,egg5,Epic,math,B,random,8,stag,131,1,1,131,36.0229,31.3506,40.6952,3,11,30,67,161,0,0.8702,7.9618,197.2061
egg5-math-B,stage4,egg5,Epic,math,B,random,6,beetle|mushroom,46,0.1304,0.087,46,30.9565,24.3312,37.5818,3,13,24,59.5,119,77.4348,0.5652,6.9348,60.5217
egg5-science-A,stage4,egg5,Epic,science,A,greedy-egg,1,mushroom,200,0,0,200,11.955,11.7356,12.1744,9,10,12,14.1,17,54.72,0,2.125,67.48
egg5-science-A,stage4,egg5,Epic,science,A,greedy-egg,2,mushroom|beetle,200,0.625,0.24,200,12.81,12.3474,13.2726,6,8.9,12,18,21,15.08,0,3.01,70.44
egg5-science-A,stage4,egg5,Epic,science,A,greedy-egg,3,mushroom|beetle,152,0.9408,0.7961,152,7.4671,6.7762,8.158,2,3,6,13.9,21,3.3092,0,1.8487,43.4671
egg5-science-A,stage4,egg5,Epic,science,A,greedy-egg,4,brute,31,1,0.9677,31,4.4839,3.4601,5.5077,3,3,3,9,16,0.4194,0,1.129,39.8387
egg5-science-A,stage4,egg5,Epic,science,A,greedy-egg,6,beetle,1,1,1,1,3,3,3,3,3,3,3,3,0,0,1,16
egg5-science-A,stage4,egg5,Epic,science,A,greedy,1,mushroom,200,0,0,200,13.955,13.654,14.256,10,11,14,17,18,65.29,0,2.455,72.995
egg5-science-A,stage4,egg5,Epic,science,A,greedy,2,mushroom|beetle,200,0.23,0.095,200,15.18,14.5581,15.8019,6,10,15,21,28,39.91,0,3.19,74.16
egg5-science-A,stage4,egg5,Epic,science,A,greedy,3,beetle|mushroom,181,0.5083,0.326,181,13.1381,12.3024,13.9739,2,6,14,21,27,33.1768,0.0055,2.7956,61.558
egg5-science-A,stage4,egg5,Epic,science,A,greedy,4,brute,122,0.8361,0.7623,122,13.7705,12.3035,15.2375,3,3,12,26,31,14.6148,0.0164,3.0246,110.2459
egg5-science-A,stage4,egg5,Epic,science,A,greedy,6,beetle|mushroom,9,0.3333,0.2222,9,17.2222,13.4865,20.9579,9,9.8,18,24.4,26,59.7778,0,3.6667,93
egg5-science-A,stage4,egg5,Epic,science,A,greedy,7,beetle|mushroom,12,0.25,0.1667,12,13.9167,10.5959,17.2375,3,6.4,15,20.7,22,51.5,0,3.1667,59.0833
egg5-science-A,stage4,egg5,Epic,science,A,greedy,8,stag,23,1,1,23,27.6087,20.6624,34.555,3,6,30,44.8,57,0,0.6522,6.3043,267.8261
egg5-science-A,stage4,egg5,Epic,science,A,greedy,5,beetle|mushroom,13,0.2308,0.1538,13,17.6154,15.3247,19.9061,10,13.2,18,21.8,24,40.5385,0,3.6154,78.6154
egg5-science-A,stage4,egg5,Epic,science,A,random,1,mushroom,200,0,0,200,14.3,14.0214,14.5786,9,12,14,17,18,58.55,0,2.525,77.625
egg5-science-A,stage4,egg5,Epic,science,A,random,2,beetle|mushroom,200,0.455,0.155,200,15.78,15.084,16.476,6,10,15,22.1,32,30.605,0,3.32,78.395
egg5-science-A,stage4,egg5,Epic,science,A,random,3,mushroom|beetle,169,0.6864,0.4911,169,11.7219,10.8938,12.55,2,4,12,19,25,19.7278,0.0059,2.5266,62.1065
egg5-science-A,stage4,egg5,Epic,science,A,random,4,brute,86,0.9186,0.8372,86,10.7442,9.108,12.3804,3,3,9,22,28,5.9767,0.0116,2.3953,89
egg5-science-A,stage4,egg5,Epic,science,A,random,8,stag,8,1,1,8,21.625,10.4824,32.7676,6,10.2,13.5,44,51,0,0.375,4.75,210.5
egg5-science-A,stage4,egg5,Epic,science,A,random,6,beetle|mushroom,5,0.4,0.4,5,16.8,12.0634,21.5366,8,11.2,18,21.2,22,41.2,0,3.4,93.2
egg5-science-A,stage4,egg5,Epic,science,A,random,5,mushroom,3,1,1,3,5.3333,1.8762,8.7904,2,2.8,6,7.6,8,0,0,1,32
egg5-science-A,stage4,egg5,Epic,science,A,random,7,beetle|mushroom,3,0.3333,0.3333,3,8.6667,2.1333,15.2,2,4,12,12,12,44,0,2,36
egg5-science-B,stage4,egg5,Epic,science,B,greedy-egg,1,mushroom,200,0,0,200,14.415,14.0771,14.7529,11,12,14,18,26,53.725,0,3.01,70.655
egg5-science-B,stage4,egg5,Epic,science,B,greedy-egg,2,mushroom|beetle,200,0.475,0.15,200,15.655,14.9523,16.3577,6,10,15,22.1,29,23.09,0,3.515,63.705
egg5-science-B,stage4,egg5,Epic,science,B,greedy-egg,3,mushroom|beetle,170,0.7941,0.5824,170,11.9118,11.0715,12.752,2,4,12,20,24,9.3706,0,2.6941,48.2824
egg5-science-B,stage4,egg5,Epic,science,B,greedy-egg,4,brute,71,1,0.9859,71,7.3239,6.0739,8.574,3,3,6,15,24,0.1549,0,1.5634,49.5211
egg5-science-B,stage4,egg5,Epic,science,B,greedy-egg,5,beetle,1,0,0,1,8,8,8,8,8,8,8,8,10,0,2,9
egg5-science-B,stage4,egg5,Epic,science,B,greedy-egg,6,beetle,1,1,1,1,12,12,12,12,12,12,12,12,0,0,3,37
egg5-science-B,stage4,egg5,Epic,science,B,greedy,1,mushroom,200,0,0,200,18.04,17.495,18.585,11,13,18,24,30,66.545,0,3.525,82.145
egg5-science-B,stage4,egg5,Epic,science,B,greedy,2,mushroom|beetle,200,0.195,0.05,200,20.54,19.5617,21.5183,8,12.9,19,31,46,49.95,0,4.4,74.47
egg5-science-B,stage4,egg5,Epic,science,B,greedy,3,beetle|mushroom,190,0.3842,0.2211,190,17.6,16.4193,18.7807,2,6,17,29,39,46.5368,0.0211,3.6895,63.1474
egg5-science-B,stage4,egg5,Epic,science,B,greedy,4,brute,148,0.6824,0.527,148,22.2568,20.203,24.3106,3,6,22.5,37,55,28.8851,0.0541,4.7838,118.1554
egg5-science-B,stage4,egg5,Epic,science,B,greedy,6,beetle|mushroom,37,0.2162,0.1351,37,21.5676,18.4127,24.7224,4,8.4,21,32,53,58.5676,0.2432,4.7838,76.2973
egg5-science-B,stage4,egg5,Epic,science,B,greedy,8,stag,59,1,1,59,33.7797,25.6371,41.9223,3,6,24,78.6,162,0,0.6271,7.6441,234.678
egg5-science-B,stage4,egg5,Epic,science,B,greedy,5,beetle|mushroom,25,0.12,0.08,25,20.2,15.7998,24.6002,2,3.4,23,35.6,37,61.24,0.24,4.12,65.68
egg5-science-B,stage4,egg5,Epic,science,B,greedy,7,mushroom|beetle,27,0.1481,0.1481,27,17.4074,14.6588,20.156,2,6.4,20,25.2,29,71.8148,0.0741,3.6667,70.4444
egg5-science-B,stage4,egg5,Epic,science,B,random,1,mushroom,200,0,0,200,18.39,17.9228,18.8572,12,14,18.5,23.1,30,59.47,0,3.605,87.015
egg5-science-B,stage4,egg5,Epic,science,B,random,2,mushroom|beetle,200,0.35,0.135,200,21.21,20.218,22.202,8,12,20.5,31,39,43.27,0.005,4.435,79.56
egg5-science-B,stage4,egg5,Epic,science,B,random,3,mushroom|beetle,173,0.5029,0.3006,173,16.5954,15.246,17.9448,2,6,16,29,45,40.4046,0.0347,3.4393,62.2023
egg5-science-B,stage4,egg5,Epic,science,B,random,4,brute,121,0.6942,0.5537,121,20.9008,18.5106,23.2911,3,6,18,38,58,27.0579,0.1074,4.4298,117.1322
egg5-science-B,stage4,egg5,Epic,science,B,random,5,mushroom|beetle,23,0.3913,0.3043,23,21.3043,17.4088,25.1999,4,9.2,22,34,35,53.4348,0.3913,4.4783,76.8261
egg5-science-B,stage4,egg5,Epic,science,B,random,8,stag,42,1,1,42,32.0714,25.2712,38.8717,3,9,25.5,56.6,96,0,0.8571,6.8571,229.881
egg5-science-B,stage4,egg5,Epic,science,B,random,6,beetle|mushroom,20,0.25,0.15,20,17.85,13.9113,21.7887,3,6.6,18.5,27.3,37,68.25,0.1,3.9,71.6
egg5-science-B,stage4,egg5,Epic,science,B,random,7,beetle|mushroom,15,0.1333,0.1333,15,21.3333,16.595,26.0717,5,12.8,21,30,46,54.6667,0.2,4.6667,80.1333
egg6-balanced-A,stage4,egg6,Epic,balanced,A,greedy-egg,1,mushroom,200,0,0,200,23.725,23.1347,24.3153,15,18,24,29,42,103.285,0,4.32,56.37
egg6-balanced-A,stage4,egg6,Epic,balanced,A,greedy-egg,2,beetle|mushroom,200,0,0,200,25.15,24.1977,26.1023,10,16,24,36,45,104.175,0,5.01,41.11
egg6-balanced-A,stage4,egg6,Epic,balanced,A,greedy-egg,3,beetle|mushroom,200,0,0,200,22.84,21.6909,23.9891,6,14,21,36,47,103.395,0.04,4.635,33.105
egg6-balanced-A,stage4,egg6,Epic,balanced,A,greedy-egg,4,brute,200,0.005,0,200,29.115,27.8811,30.3489,9,18,27,39,57,94.035,0.08,5.91,86.935
egg6-balanced-A,stage4,egg6,Epic,balanced,A,greedy-egg,5,mushroom|beetle,82,0,0,82,20.1829,18.1267,22.2392,4,8,19.5,35.8,42,99.5366,0.1098,4.1463,30.061
egg6-balanced-A,stage4,egg6,Epic,balanced,A,greedy-egg,6,mushroom|beetle,82,0.0122,0.0122,82,17.6463,15.4269,19.8658,2,6,16.5,32.7,47,100.3049,0.1098,3.6585,30.2317
egg6-balanced-A,stage4,egg6,Epic,balanced,A,greedy-egg,7,mushroom|beetle,79,0,0,79,17.1899,15.5499,18.8299,2,8,16,27,39,100.9494,0.1139,3.6582,28.5443
egg6-balanced-A,stage4,egg6,Epic,balanced,A,greedy-egg,8,stag,199,0.5829,0.4673,199,71.5628,67.2241,75.9015,12,39,66,111,174,42.9849,1.4121,15.1307,289.3065
egg6-balanced-A,stage4,egg6,Epic,balanced,A,greedy,1,mushroom,200,0,0,200,31.99,30.3294,33.6506,15,20,30,49.1,74,97.685,0,5.845,106.185
egg6-balanced-A,stage4,egg6,Epic,balanced,A,greedy,2,mushroom|beetle,200,0,0,200,34.655,32.6909,36.6191,9,19,30.5,54.1,82,101.095,0.005,6.885,79.1
egg6-balanced-A,stage4,egg6,Epic,balanced,A,greedy,3,mushroom|beetle,200,0,0,200,28.115,26.2688,29.9612,2,12,27,45,78,100.245,0.085,5.745,64.035
egg6-balanced-A,stage4,egg6,Epic,balanced,A,greedy,4,brute,200,0.055,0.025,200,39.82,37.3958,42.2442,5,19,37,63,99,84.42,0.255,8.12,168.47
egg6-balanced-A,stage4,egg6,Epic,balanced,A,greedy,5,beetle|mushroom,77,0.013,0,77,31.0779,27.1516,35.0042,2,12,27,54,80,96.7273,0.2727,6.4805,71.8961
egg6-balanced-A,stage4,egg6,Epic,balanced,A,greedy,6,mushroom|beetle,86,0,0,86,25.186,21.1713,29.2008,2,9,22,39.5,134,94.0116,0.3837,5.2907,65.814
egg6-balanced-A,stage4,egg6,Epic,balanced,A,greedy,8,stag,195,0.9077,0.8462,195,68.5231,62.6875,74.3587,15,26.4,57,128.4,237,12.8667,1.5385,14.4256,434.7436
egg6-balanced-A,stage4,egg6,Epic,balanced,A,greedy,7,mushroom|beetle,80,0,0,80,25.1875,22.1182,28.2568,4,10,22,42.4,73,98.4125,0.3125,5.2375,58.6625
egg6-balanced-A,stage4,egg6,Epic,balanced,A,random,1,mushroom,200,0,0,200,33.485,32.2307,34.7393,18,22,32,46,65,98.545,0,6.19,116.835
egg6-balanced-A,stage4,egg6,Epic,balanced,A,random,2,mushroom|beetle,200,0,0,200,35.075,33.3032,36.8468,12,20,33.5,52,80,99.065,0.07,6.95,89.32
egg6-balanced-A,stage4,egg6,Epic,balanced,A,random,3,beetle|mushroom,200,0.005,0,200,29.945,27.8356,32.0544,2,13.9,27,51,93,97.815,0.185,6.17,78.31
egg6-balanced-A,stage4,egg6,Epic,balanced,A,random,4,brute,200,0.14,0.08,200,42.235,39.4574,45.0126,6,21,38,65.3,148,73.59,0.505,8.66,200.59
egg6-balanced-A,stage4,egg6,Epic,balanced,A,random,6,beetle|mushroom,67,0.0597,0.0597,67,27.3582,23.0463,31.6701,1,9.2,23,47.8,86,84.3582,0.4776,5.7313,75.4328
egg6-balanced-A,stage4,egg6,Epic,balanced,A,random,8,stag,177,0.9605,0.9322,177,52.8475,47.0458,58.6491,6,19.2,39,102.8,255,5.3446,1.3785,11.1808,361.5311
egg6-balanced-A,stage4,egg6,Epic,balanced,A,random,5,beetle|mushroom,72,0.0556,0.0417,72,28.5556,25.0965,32.0146,2,13.1,24,48,77,83.4444,0.4306,5.9306,88.8333
egg6-balanced-A,stage4,egg6,Epic,balanced,A,random,7,mushroom|beetle,75,0,0,75,26.2133,22.714,29.7126,2,12,22,43.2,71,89.84,0.4933,5.5733,79.8267
egg6-balanced-B,stage4,egg6,Epic,balanced,B,greedy-egg,1,mushroom,200,0,0,200,24.47,23.7384,25.2016,16,18.9,24,30,49,77.645,0,4.465,56.18
egg6-balanced-B,stage4,egg6,Epic,balanced,B,greedy-egg,2,mushroom|beetle,200,0.01,0.01,200,20.69,19.4303,21.9497,2,8,20,33,48,70.22,0.005,4.125,29.185
egg6-balanced-B,stage4,egg6,Epic,balanced,B,greedy-egg,3,mushroom|beetle,198,0.0505,0.0101,198,16.3636,15.0395,17.6878,2,4,15.5,30,48,67.5253,0.0758,3.3333,21.6414
egg6-balanced-B,stage4,egg6,Epic,balanced,B,greedy-egg,4,brute,196,0.1531,0.0663,196,22,20.2589,23.7411,3,6,21,37.5,63,50.352,0.1837,4.4541,44.9949
egg6-balanced-B,stage4,egg6,Epic,balanced,B,greedy-egg,5,beetle|mushroom,69,0.087,0.0145,69,15.1014,12.8611,17.3418,2,3.8,14,26,39,47.7391,0.1304,3.058,20.2899
egg6-balanced-B,stage4,egg6,Epic,balanced,B,greedy-egg,6,beetle|mushroom,78,0.0769,0.0128,78,13.3718,11.4173,15.3263,2,4,12,27,36,55.0513,0.1026,2.6923,14.4359
egg6-balanced-B,stage4,egg6,Epic,balanced,B,greedy-egg,8,stag,175,0.8229,0.7486,175,38.3314,35.3568,41.306,3,9,37,64.6,90,11.3086,0.7657,7.9143,108.8629
egg6-balanced-B,stage4,egg6,Epic,balanced,B,greedy-egg,7,beetle|mushroom,80,0.1125,0.075,80,13.5625,11.8406,15.2844,2,3,14,24,39,54.45,0.1375,2.7625,17.575
egg6-balanced-B,stage4,egg6,Epic,balanced,B,greedy,1,mushroom,200,0,0,200,29.65,28.3714,30.9286,11,20,28,41.1,68,81.065,0.005,5.44,77.875
egg6-balanced-B,stage4,egg6,Epic,balanced,B,greedy,2,mushroom|beetle,200,0.02,0,200,29.67,27.5876,31.7524,2,11.8,28,49.1,78,78.67,0.08,5.955,48.425
egg6-balanced-B,stage4,egg6,Epic,balanced,B,greedy,3,beetle|mushroom,200,0.025,0.01,200,20.975,19.038,22.912,2,6,18,39,96,74.055,0.145,4.235,34.285
egg6-balanced-B,stage4,egg6,Epic,balanced,B,greedy,4,brute,198,0.2222,0.0859,198,24.9848,22.8408,27.1289,3,6,24,45,90,60.202,0.2525,5.0657,64.5202
egg6-balanced-B,stage4,egg6,Epic,balanced,B,greedy,8,stag,166,0.8735,0.7651,166,40.6687,37.2807,44.0567,3,15,39,69.5,109,10.9337,0.9458,8.3373,150.2711
egg6-balanced-B,stage4,egg6,Epic,balanced,B,greedy,5,mushroom|beetle,69,0.1014,0.087,69,20.3478,17.2645,23.4312,2,5.6,18,36.6,64,59.3913,0.2899,4.058,36.4348
egg6-balanced-B,stage4,egg6,Epic,balanced,B,greedy,7,mushroom|beetle,73,0.0411,0.0274,73,15.0411,12.6779,17.4043,2,4,14,28.6,51,70.6164,0.1918,3.1918,24.0274
egg6-balanced-B,stage4,egg6,Epic,balanced,B,greedy,6,beetle|mushroom,65,0.1231,0.1077,65,16.4462,14.1191,18.7732,2,3.4,15,30,45,69.2308,0.2154,3.3385,26.9077
egg6-balanced-B,stage4,egg6,Epic,balanced,B,random,1,mushroom,200,0,0,200,32.045,30.8128,33.2772,16,22,30,45,66,79.57,0.015,5.915,86.715
egg6-balanced-B,stage4,egg6,Epic,balanced,B,random,2,beetle|mushroom,200,0.07,0.02,200,29.24,27.4265,31.0535,4,14,27.5,46.1,75,71.41,0.245,5.82,48.655
egg6-balanced-B,stage4,egg6,Epic,balanced,B,random,3,beetle|mushroom,196,0.1224,0.0408,196,20.7857,18.8889,22.6825,1,6,18,39,83,68.148,0.2653,4.2959,34.4388
egg6-balanced-B,stage4,egg6,Epic,balanced,B,random,4,brute,188,0.3564,0.2181,188,25.0904,23.0115,27.1694,3,9,24,42.3,81,45.016,0.4362,5.1011,69.7979
egg6-balanced-B,stage4,egg6,Epic,balanced,B,random,7,mushroom|beetle,62,0.1935,0.1452,62,14.6452,12.1307,17.1596,2,4.2,12,25.8,57,53.7581,0.2903,2.9516,28.4032
egg6-balanced-B,stage4,egg6,Epic,balanced,B,random,8,stag,130,0.9462,0.8923,130,35.1846,31.3081,39.0612,3,9,30,63,107,5.5462,0.8769,7.2769,141.2154
egg6-balanced-B,stage4,egg6,Epic,balanced,B,random,5,mushroom|beetle,55,0.1455,0.0545,55,19.9818,15.7308,24.2328,2,6,16,39,77,59.8364,0.3091,4.0727,28.4909
egg6-balanced-B,stage4,egg6,Epic,balanced,B,random,6,beetle|mushroom,56,0.1429,0.0893,56,18.1964,14.9896,21.4032,2,4,15,34.5,58,54.9464,0.4107,3.8393,32.75
egg6-control,control_stage1-3,egg6,Epic,balanced,A,greedy-egg,1,mushroom,200,0,0,200,24.225,23.6259,24.8241,16,20,24,30,43,55.745,0,0,70.35
egg6-control,control_stage1-3,egg6,Epic,balanced,A,greedy-egg,2,mushroom|beetle,200,0.3,0.125,200,25.345,24.2617,26.4283,4,16,26,36,42,32.76,0,0,61.585
egg6-control,control_stage1-3,egg6,Epic,balanced,A,greedy-egg,3,beetle|mushroom,175,0.4743,0.2629,175,21.7657,20.2249,23.3065,2,8,21,39,48,24.2,0.0171,0,48.44
egg6-control,control_stage1-3,egg6,Epic,balanced,A,greedy-egg,4,brute,129,0.8527,0.7132,129,16.2791,14.3439,18.2142,3,3,15,33,42,9.4729,0,0,66.9147
egg6-control,control_stage1-3,egg6,Epic,balanced,A,greedy-egg,6,mushroom|beetle,11,0.5455,0.4545,11,18.5455,10.6153,26.4756,2,3,21,34,39,30.0909,0,0,41.0909
egg6-control,control_stage1-3,egg6,Epic,balanced,A,greedy-egg,5,beetle|mushroom,18,0.7222,0.5556,18,17.4444,12.6038,22.2851,2,3.7,19,28.5,39,19.6111,0,0,42.5556
egg6-control,control_stage1-3,egg6,Epic,balanced,A,greedy-egg,8,stag,20,1,1,20,13.2,8.6774,17.7226,3,5.7,9,27.6,36,0,0,0,88.45
egg6-control,control_stage1-3,egg6,Epic,balanced,A,greedy-egg,7,beetle|mushroom,6,0.3333,0.3333,6,15.8333,5.3586,26.3081,6,7,9,31.5,39,18.3333,0,0,30.6667
egg6-control,control_stage1-3,egg6,Epic,balanced,A,greedy,1,mushroom,200,0.04,0.02,200,31.68,30.245,33.115,15,21,30,44.1,77,54.055,0,0,125.12
egg6-control,control_stage1-3,egg6,Epic,balanced,A,greedy,2,mushroom|beetle,196,0.4949,0.25,196,31.051,28.7879,33.3142,3,10,30,51.5,81,44.0408,0.0102,0,102.5408
egg6-control,control_stage1-3,egg6,Epic,balanced,A,greedy,3,mushroom|beetle,147,0.3946,0.2925,147,25.7347,23.1463,28.3231,2,6,24,45.8,81,42.6122,0.0272,0,87.7075
egg6-control,control_stage1-3,egg6,Epic,balanced,A,greedy,4,brute,104,0.875,0.8077,104,20.875,18.0534,23.6966,3,6,18,42,61,8.8173,0,0,125.8846
egg6-control,control_stage1-3,egg6,Epic,balanced,A,greedy,7,mushroom|beetle,8,0.5,0.5,8,23.25,15.7339,30.7661,6,10.2,25.5,34.8,39,30.375,0.125,0,78.375
egg6-control,control_stage1-3,egg6,Epic,balanced,A,greedy,8,stag,12,1,1,12,18,6.7174,29.2826,3,3.3,12,26.7,75,0,0,0,132
egg6-control,control_stage1-3,egg6,Epic,balanced,A,greedy,6,mushroom|beetle,5,0.2,0,5,19.8,14.2424,25.3576,12,12.8,23,25.2,26,35.8,0,0,63.8
egg6-control,control_stage1-3,egg6,Epic,balanced,A,greedy,5,mushroom|beetle,7,0.5714,0.5714,7,22.8571,8.8506,36.8637,3,4.8,21,47.2,52,19.8571,0,0,88.2857
egg6-control,control_stage1-3,egg6,Epic,balanced,A,random,1,mushroom,200,0.135,0.03,200,33.72,32.2715,35.1685,17,22,31.5,48,69,46.985,0.005,0,140.695
egg6-control,control_stage1-3,egg6,Epic,balanced,A,random,2,mushroom|beetle,194,0.6289,0.4072,194,28.6443,26.0766,31.2121,2,6,26,54.7,78,32.3351,0.0515,0,103.5619
egg6-control,control_stage1-3,egg6,Epic,balanced,A,random,3,beetle|mushroom,115,0.5043,0.3826,115,24.8783,22.1186,27.638,2,6,24,44.6,74,32.4087,0.113,0,88.5565
egg6-control,control_stage1-3,egg6,Epic,balanced,A,random,4,brute,71,0.9155,0.8592,71,17.1831,14.4075,19.9587,3,6,15,34,51,7.0986,0.0423,0,107.7746
egg6-control,control_stage1-3,egg6,Epic,balanced,A,random,5,mushroom|beetle,6,0.6667,0.6667,6,19.3333,12.2907,26.376,9,10.5,19,28.5,33,31,0,0,83
egg6-control,control_stage1-3,egg6,Epic,balanced,A,random,6,mushroom,2,0.5,0.5,2,34,26.16,41.84,30,30.8,34,37.2,38,49.5,0.5,0,172.5
egg6-control,control_stage1-3,egg6,Epic,balanced,A,random,7,beetle|mushroom,3,0.3333,0.3333,3,25,20.0674,29.9326,20,21.4,27,27.8,28,45.3333,0,0,98
egg6-control,control_stage1-3,egg6,Epic,balanced,A,random,8,stag,4,1,1,4,22.5,1.5042,43.4958,6,6,16.5,43.8,51,0,0.5,0,164.25
egg6-math-A,stage4,egg6,Epic,math,A,greedy-egg,1,mushroom,200,0,0,200,15.52,15.2463,15.7937,10,14,15,18,20,73.92,0,2.82,47.535
egg6-math-A,stage4,egg6,Epic,math,A,greedy-egg,2,beetle|mushroom,200,0.03,0,200,17.27,16.5964,17.9436,4,11,17,24,29,50.48,0,3.37,43.925
egg6-math-A,stage4,egg6,Epic,math,A,greedy-egg,3,mushroom|beetle,200,0.23,0.09,200,14.965,14.2639,15.6661,3,8,15,22,27,34.89,0,3.05,37.495
egg6-math-A,stage4,egg6,Epic,math,A,greedy-egg,4,brute,182,0.7527,0.478,182,16.5385,15.4755,17.6014,3,6,18,26,33,14.8736,0.0055,3.3571,67.6319
egg6-math-A,stage4,egg6,Epic,math,A,greedy-egg,5,mushroom|beetle,32,0.5,0.4375,32,11.25,9.0764,13.4236,2,4,10.5,20.7,24,15.9063,0,2.3125,26
egg6-math-A,stage4,egg6,Epic,math,A,greedy-egg,6,beetle|mushroom,38,0.4211,0.2368,38,13.5,11.5292,15.4708,2,6,14,21,27,28.3947,0,2.6842,31.6053
egg6-math-A,stage4,egg6,Epic,math,A,greedy-egg,8,stag,68,0.9706,0.9559,68,20.3971,16.3496,24.4445,3,3,15,45.3,69,1.1176,0.1618,4.2647,101.3824
egg6-math-A,stage4,egg6,Epic,math,A,greedy-egg,7,mushroom|beetle,30,0.1667,0.1333,30,13.5667,11.6739,15.4595,4,5.9,14.5,21.2,24,34.9,0.0333,2.7667,31.5
egg6-math-A,stage4,egg6,Epic,math,A,greedy,1,mushroom,200,0,0,200,17.42,16.987,17.853,10,14,17,21,25,69.125,0,3.18,70.66
egg6-math-A,stage4,egg6,Epic,math,A,greedy,2,beetle|mushroom,200,0.145,0.03,200,19.345,18.4837,20.2063,6,12,18,29,33,55.495,0,3.835,64.755
egg6-math-A,stage4,egg6,Epic,math,A,greedy,3,beetle|mushroom,194,0.3093,0.1546,194,16.4021,15.5102,17.2939,2,8,16,24,34,46.268,0.0103,3.2474,55.3711
egg6-math-A,stage4,egg6,Epic,math,A,greedy,4,brute,164,0.7378,0.5549,164,18.439,16.8827,19.9953,3,6,21,32,40,24.6585,0,3.6829,108.122
egg6-math-A,stage4,egg6,Epic,math,A,greedy,5,mushroom|beetle,30,0.2667,0.2,30,13.9667,11.6296,16.3038,1,3.9,15,22.1,24,45.9667,0.0333,2.8667,48.9
egg6-math-A,stage4,egg6,Epic,math,A,greedy,8,stag,60,1,1,60,24.15,19.2129,29.0871,3,6,15,54,69,0,0.3167,4.9,196.7833
egg6-math-A,stage4,egg6,Epic,math,A,greedy,6,mushroom|beetle,33,0.2121,0.1515,33,15.8788,13.0334,18.7242,1,4.4,16,26.6,33,57.2727,0,3.2121,53.6364
egg6-math-A,stage4,egg6,Epic,math,A,greedy,7,beetle|mushroom,28,0.1071,0.0714,28,15.5714,13.0462,18.0966,4,7.4,15.5,22,32,60.8929,0.0357,3.3571,51.8214
egg6-math-A,stage4,egg6,Epic,math,A,random,1,mushroom,200,0,0,200,17.89,17.4874,18.2926,10,15,18,21,27,66.19,0,3.3,76.36
egg6-math-A,stage4,egg6,Epic,math,A,random,2,beetle|mushroom,200,0.265,0.09,200,19.72,18.7804,20.6596,2,12,19,29,36,46.645,0,3.885,70.83
egg6-math-A,stage4,egg6,Epic,math,A,random,3,mushroom|beetle,182,0.4231,0.2198,182,16.7363,15.6863,17.7862,2,6.1,16,27,36,42.3297,0.0055,3.4011,61.7967
egg6-math-A,stage4,egg6,Epic,math,A,random,4,brute,142,0.7958,0.6549,142,17.7324,15.9788,19.486,3,6,15,33.9,39,15.4789,0.0634,3.5563,110.7606
egg6-math-A,stage4,egg6,Epic,math,A,random,5,mushroom|beetle,28,0.3214,0.25,28,16.6786,14.0093,19.3478,4,5.7,16.5,25.3,33,50.6786,0.0714,3.25,60.4286
egg6-math-A,stage4,egg6,Epic,math,A,random,7,mushroom|beetle,15,0.3333,0.2667,15,14.9333,10.5906,19.2761,6,8.4,12,22.8,40,57.5333,0.2,3.1333,62.4667
egg6-math-A,stage4,egg6,Epic,math,A,random,8,stag,35,1,1,35,22.9429,17.7268,28.1589,3,6,20,44,63,0,0.5714,4.7714,178.3714
egg6-math-A,stage4,egg6,Epic,math,A,random,6,beetle|mushroom,13,0.2308,0.2308,13,20.3077,13.6263,26.9891,3,4.4,19,36.8,43,55.4615,0.3077,4.3077,80.6154
egg6-math-B,stage4,egg6,Epic,math,B,greedy-egg,1,mushroom,200,0,0,200,24.595,23.9699,25.2201,16,20,24,30,44,86.575,0,4.46,44.345
egg6-math-B,stage4,egg6,Epic,math,B,greedy-egg,2,beetle|mushroom,200,0,0,200,26.965,25.9569,27.9731,10,18,26,36,48,82.095,0,5.4,27.405
egg6-math-B,stage4,egg6,Epic,math,B,greedy-egg,3,mushroom|beetle,200,0.015,0.01,200,22.605,21.2684,23.9416,3,12,22,36,51,77,0.035,4.655,24.71
egg6-math-B,stage4,egg6,Epic,math,B,greedy-egg,4,brute,198,0.1465,0.0606,198,28.7677,27.4575,30.0779,3,18,27,42,54,60.9697,0.0758,5.8687,52.4293
egg6-math-B,stage4,egg6,Epic,math,B,greedy-egg,5,mushroom|beetle,86,0.1279,0.0465,86,23.1744,20.7265,25.6223,3,10,21.5,36.5,60,60.4186,0.2209,4.814,25.4651
egg6-math-B,stage4,egg6,Epic,math,B,greedy-egg,7,beetle|mushroom,79,0.038,0.0253,79,16.962,14.9663,18.9578,2,5.8,16,30,45,70.2658,0.1266,3.5823,17.8987
egg6-math-B,stage4,egg6,Epic,math,B,greedy-egg,8,stag,177,0.8475,0.7684,177,51.8305,47.5697,56.0913,3,12,51,86.4,141,12.1073,0.9944,10.9153,126.0508
egg6-math-B,stage4,egg6,Epic,math,B,greedy-egg,6,beetle|mushroom,72,0.0972,0.0417,72,16.8333,14.426,19.2407,2,4,16.5,30,45,57.6528,0.0833,3.3611,18.2361
egg6-math-B,stage4,egg6,Epic,math,B,greedy,1,mushroom,200,0,0,200,33.77,32.0548,35.4852,16,20,31,51.1,78,87.7,0,6.21,75.67
egg6-math-B,stage4,egg6,Epic,math,B,greedy,2,mushroom|beetle,200,0,0,200,35.92,33.8634,37.9766,2,20,33,59,89,86.63,0.01,7.185,52.23
egg6-math-B,stage4,egg6,Epic,math,B,greedy,3,beetle|mushroom,200,0.025,0.015,200,28.2,26.0082,30.3918,2,10.9,26,49.2,72,84.69,0.09,5.705,39.4
egg6-math-B,stage4,egg6,Epic,math,B,greedy,4,brute,197,0.1726,0.0609,197,42.7208,39.5487,45.8929,4,20.6,37,72.8,165,70.5685,0.3706,8.7563,105.4822
egg6-math-B,stage4,egg6,Epic,math,B,greedy,8,stag,179,0.933,0.8715,179,59.3966,52.9646,65.8287,3,18,48,105.6,231,8.8994,1.2737,12.5978,225.5587
egg6-math-B,stage4,egg6,Epic,math,B,greedy,5,mushroom|beetle,75,0.0667,0.04,75,26.2533,22.0076,30.499,3,8,21,51.2,114,71.0933,0.2533,5.4,39.28
egg6-math-B,stage4,egg6,Epic,math,B,greedy,6,beetle|mushroom,75,0.0933,0.0267,75,24.6533,20.661,28.6457,1,10,18,48.4,94,80.96,0.3067,5.12,35.4267
egg6-math-B,stage4,egg6,Epic,math,B,greedy,7,beetle|mushroom,63,0.0317,0.0159,63,28.3492,22.2289,34.4695,4,7.2,20,66,130,75.7937,0.4762,5.8571,34.5714
egg6-math-B,stage4,egg6,Epic,math,B,random,1,mushroom,200,0,0,200,35.82,34.4133,37.2267,18,23,34,50.1,67,86.095,0,6.705,85.665
egg6-math-B,stage4,egg6,Epic,math,B,random,2,mushroom|beetle,200,0.03,0.005,200,36.825,34.7694,38.8806,11,19,35.5,58.2,99,86.375,0.1,7.265,55.115
egg6-math-B,stage4,egg6,Epic,math,B,random,3,beetle|mushroom,199,0.0452,0.0201,199,30.8794,28.3768,33.382,2,13.8,28,51,119,82.6231,0.2362,6.3618,44.2613
egg6-math-B,stage4,egg6,Epic,math,B,random,4,brute,195,0.2923,0.159,195,40.7744,37.8025,43.7462,6,16.4,36,70,113,56.8051,0.4872,8.359,107.5744
egg6-math-B,stage4,egg6,Epic,math,B,random,8,stag,158,0.9747,0.9494,158,43.443,38.1523,48.7338,3,9,32.5,90.9,201,3.1519,1.0253,9.1139,191.5949
egg6-math-B,stage4,egg6,Epic,math,B,random,5,beetle|mushroom,52,0.1346,0.0577,52,32.1731,26.2659,38.0803,4,10,27,62.7,112,80.2308,0.5385,6.8462,42.6538
egg6-math-B,stage4,egg6,Epic,math,B,random,7,beetle|mushroom,66,0.0909,0.0303,66,24.6212,20.4468,28.7956,2,6,20.5,47.5,90,77.1212,0.3788,5.1515,38.3333
egg6-math-B,stage4,egg6,Epic,math,B,random,6,mushroom|beetle,77,0.0909,0.013,77,27.5974,23.3228,31.872,2,8,21,60.8,90,74.9351,0.4935,5.8442,41.8701
egg6-science-A,stage4,egg6,Epic,science,A,greedy-egg,1,mushroom,200,0,0,200,15.485,15.1308,15.8392,10,12,15,18,25,73.67,0,2.775,48.565
egg6-science-A,stage4,egg6,Epic,science,A,greedy-egg,2,mushroom|beetle,200,0.025,0.005,200,17.045,16.351,17.739,4,10,18,24,33,51.27,0,3.4,42.94
egg6-science-A,stage4,egg6,Epic,science,A,greedy-egg,3,beetle|mushroom,199,0.2261,0.1005,199,14.397,13.6611,15.1328,2,8,14,21,29,35.1407,0,2.8744,39.3166
egg6-science-A,stage4,egg6,Epic,science,A,greedy-egg,4,brute,179,0.7709,0.514,179,15.4246,14.4158,16.4333,3,6,15,24,31,14.2849,0.0056,3.1006,64.0168
egg6-science-A,stage4,egg6,Epic,science,A,greedy-egg,5,mushroom|beetle,31,0.4516,0.3871,31,10.5161,8.3521,12.6802,2,3,10,18,24,17.129,0,2.0323,25.5484
egg6-science-A,stage4,egg6,Epic,science,A,greedy-egg,8,stag,62,0.9677,0.9677,62,15.8065,12.6473,18.9656,3,6,10.5,30,61,1.2581,0.1613,3.3065,79.2419
egg6-science-A,stage4,egg6,Epic,science,A,greedy-egg,6,mushroom|beetle,28,0.3929,0.2143,28,12.1786,9.7194,14.6377,2,4,12,21,25,24.0714,0,2.5714,29.8571
egg6-science-A,stage4,egg6,Epic,science,A,greedy-egg,7,mushroom|beetle,26,0.2692,0.2692,26,10.4231,8.4565,12.3896,2,5,9.5,17,21,34.5769,0,2.2692,26.5
egg6-science-A,stage4,egg6,Epic,science,A,greedy,1,mushroom,200,0,0,200,19.145,18.5258,19.7642,11,14,20,25,30,68.65,0,3.495,77.505
egg6-science-A,stage4,egg6,Epic,science,A,greedy,2,beetle|mushroom,200,0.19,0.06,200,21.145,20.1017,22.1883,6,12,21,31.1,40,51.93,0,4.215,72.385
egg6-science-A,stage4,egg6,Epic,science,A,greedy,3,beetle|mushroom,188,0.3085,0.1543,188,17.2021,16.1052,18.2991,2,8,17.5,27,42,45.5585,0.0106,3.4628,59.2766
egg6-science-A,stage4,egg6,Epic,science,A,greedy,4,brute,159,0.7233,0.5409,159,20.327,18.4639,22.1902,3,6,20,34,51,22.1698,0.0377,4.0629,114.2453
egg6-science-A,stage4,egg6,Epic,science,A,greedy,5,beetle|mushroom,27,0.3704,0.2963,27,19.1481,14.8173,23.479,2,7.2,17,34,49,55.8519,0.1852,3.7407,71.1111
egg6-science-A,stage4,egg6,Epic,science,A,greedy,7,beetle|mushroom,27,0.1111,0.1111,27,16.5185,13.7479,19.2891,4,7.8,17,26.4,33,67.1111,0.037,3.4074,56.8148
egg6-science-A,stage4,egg6,Epic,science,A,greedy,8,stag,59,1,1,59,24.9492,19.7686,30.1297,3,6,18,57.6,84,0,0.3898,5.2373,189.322
egg6-science-A,stage4,egg6,Epic,science,A,greedy,6,mushroom|beetle,23,0.2609,0.1304,23,18.9565,14.3172,23.5958,4,6.4,18,29.4,48,64.087,0.1304,3.913,62.2609
egg6-science-A,stage4,egg6,Epic,science,A,random,1,mushroom,200,0,0,200,19.8,19.1992,20.4008,10,15,20,25.1,30,61.985,0,3.625,85.05
egg6-science-A,stage4,egg6,Epic,science,A,random,2,mushroom|beetle,200,0.335,0.11,200,20.79,19.6998,21.8802,4,11.9,20,33,42,45.405,0,4.16,76.93
egg6-science-A,stage4,egg6,Epic,science,A,random,3,beetle|mushroom,178,0.4888,0.2865,178,17.1685,15.9137,18.4233,2,6,18,28.3,39,42.691,0.0281,3.3989,62.7528
egg6-science-A,stage4,egg6,Epic,science,A,random,4,brute,127,0.7874,0.6693,127,19.7638,17.6751,21.8525,3,4.8,18,35.4,50,18.2598,0.1181,3.9685,122.1417
egg6-science-A,stage4,egg6,Epic,science,A,random,6,mushroom|beetle,17,0.2353,0.2353,17,22.4706,17.3256,27.6156,4,10.4,21,33.8,48,58.9412,0.2941,4.5882,75.1765
egg6-science-A,stage4,egg6,Epic,science,A,random,5,mushroom|beetle,20,0.35,0.3,20,17.2,12.77,21.63,2,5.6,16,33,35,46.5,0.05,3.55,62.15
egg6-science-A,stage4,egg6,Epic,science,A,random,8,stag,29,1,1,29,23.8966,16.9517,30.8414,6,6,18,48.6,81,0,0.4828,4.9655,193.931
egg6-science-A,stage4,egg6,Epic,science,A,random,7,beetle|mushroom,10,0.3,0.3,10,16.5,13.1783,19.8217,8,9.8,18,20.6,26,60.5,0,3.5,58.6
egg6-science-B,stage4,egg6,Epic,science,B,greedy-egg,1,mushroom,200,0,0,200,22,21.4975,22.5025,16,18,22,28,36,86.505,0,3.995,40.595
egg6-science-B,stage4,egg6,Epic,science,B,greedy-egg,2,mushroom|beetle,200,0,0,200,23.935,22.9891,24.8809,10,16,24,33,42,84.405,0,4.72,24.52
egg6-science-B,stage4,egg6,Epic,science,B,greedy-egg,3,beetle|mushroom,200,0.005,0.005,200,19.085,17.8941,20.2759,4,10,18,30,42,80.185,0.025,3.945,16.985
egg6-science-B,stage4,egg6,Epic,science,B,greedy-egg,4,brute,199,0.0503,0.005,199,24.6281,23.4149,25.8413,3,15,24,36,45,73.1156,0.0251,4.9799,33.3719
egg6-science-B,stage4,egg6,Epic,science,B,greedy-egg,6,beetle|mushroom,84,0.0119,0,84,16.0476,14.2288,17.8664,2,8,14.5,24,48,70.0476,0.0357,3.4167,17.3929
egg6-science-B,stage4,egg6,Epic,science,B,greedy-egg,7,mushroom|beetle,85,0.0353,0.0118,85,14.1882,12.6452,15.7312,2,4,12,24,36,73.0941,0.0353,2.9412,15.7765
egg6-science-B,stage4,egg6,Epic,science,B,greedy-egg,8,stag,196,0.75,0.5561,196,59.2296,55.5648,62.8943,3,30.5,55.5,90,156,24.5612,1.1429,12.5,117.1531
egg6-science-B,stage4,egg6,Epic,science,B,greedy-egg,5,mushroom|beetle,78,0.0256,0.0128,78,17.6154,15.7258,19.505,4,8,16,30,42,66.9872,0.0385,3.7179,19.141
egg6-science-B,stage4,egg6,Epic,science,B,greedy,1,mushroom,200,0,0,200,30.2,28.813,31.587,15,20,28,42.1,70,86.47,0,5.55,73.255
egg6-science-B,stage4,egg6,Epic,science,B,greedy,2,mushroom|beetle,200,0.01,0.005,200,32.99,31.0694,34.9106,4,18,30,50.1,75,89.205,0.015,6.525,47.975
egg6-science-B,stage4,egg6,Epic,science,B,greedy,3,beetle|mushroom,199,0.0201,0.005,199,27.4573,25.3929,29.5216,3,12,25,46,90,87.9899,0.0603,5.6583,40.0352
egg6-science-B,stage4,egg6,Epic,science,B,greedy,4,brute,198,0.0707,0.0303,198,40.4343,37.4033,43.4653,6,17,36,69.3,138,77.7374,0.303,8.2222,89.0556
egg6-science-B,stage4,egg6,Epic,science,B,greedy,5,beetle|mushroom,77,0.0519,0.026,77,26.7403,22.8001,30.6804,1,11.6,24,47.4,121,79.4675,0.2338,5.6104,41.5844
egg6-science-B,stage4,egg6,Epic,science,B,greedy,7,beetle|mushroom,88,0.0455,0.0227,88,19.1136,16.5595,21.6678,1,7.4,16,33.3,66,79.9091,0.2386,3.9773,29.4205
egg6-science-B,stage4,egg6,Epic,science,B,greedy,8,stag,187,0.8396,0.738,187,81.8342,73.9672,89.7012,6,27.6,69,145.2,294,18.5348,2.0535,17.2567,275.893
egg6-science-B,stage4,egg6,Epic,science,B,greedy,6,mushroom|beetle,76,0.0132,0.0132,76,22.9474,19.2983,26.5965,2,12,19.5,36,124,83.4079,0.3289,4.7237,35.8553
egg6-science-B,stage4,egg6,Epic,science,B,random,1,mushroom,200,0,0,200,32.075,30.749,33.401,17,21.9,30,44,64,81.74,0,5.91,85.04
egg6-science-B,stage4,egg6,Epic,science,B,random,2,mushroom|beetle,200,0.04,0.01,200,33.315,31.4888,35.1412,2,18,30.5,50,90,81.245,0.035,6.58,51.1
egg6-science-B,stage4,egg6,Epic,science,B,random,3,mushroom|beetle,198,0.0556,0.0303,198,28.2121,25.9849,30.4393,4,12,24,48,126,81.7626,0.2172,5.7677,44.4899
egg6-science-B,stage4,egg6,Epic,science,B,random,4,brute,192,0.2031,0.125,192,40.3021,37.4061,43.1981,6,18,37,66,126,66.4115,0.526,8.1615,97.6406
egg6-science-B,stage4,egg6,Epic,science,B,random,6,mushroom|beetle,64,0.0469,0.0313,64,30.2813,22.7206,37.8419,4,10.6,21,58.5,177,80.9531,0.9531,6.3125,49.1719
egg6-science-B,stage4,egg6,Epic,science,B,random,7,beetle|mushroom,59,0.0169,0.0169,59,21.3898,16.4712,26.3084,4,9,17,36,147,75.2712,0.4407,4.5085,37.4915
egg6-science-B,stage4,egg6,Epic,science,B,random,8,stag,162,0.9506,0.9074,162,62.0741,55.5268,68.6213,3,21,53.5,115.8,249,6.537,1.8889,13.0185,232.7593
egg6-science-B,stage4,egg6,Epic,science,B,random,5,beetle|mushroom,65,0.0769,0.0462,65,30.6769,24.8938,36.46,3,10.2,24,58.4,120,79.5385,0.5077,6.4923,48.5231
