form_id,group,egg,rarity,lane,personality,policy,room,enemy_types,runs_reached,died_at_least_once_rate,final_loss_rate,moves_n,moves_mean,moves_ci_lo,moves_ci_hi,moves_min,moves_p10,moves_median,moves_p90,moves_max,hp_end_mean,jam_events_mean,casts_mean,enemy_hp_lost_mean
egg1-balanced-A,stage4,egg1,Common,balanced,A,greedy-egg,1,mushroom,200,0.03,0.025,200,16.47,16.0395,16.9005,11,13,16,20,35,30.325,0,2.78,95.99
egg1-balanced-A,stage4,egg1,Common,balanced,A,greedy-egg,2,mushroom|beetle,195,0.959,0.7949,195,10.0667,9.3559,10.7774,2,4,9,18,27,3.9436,0,2.0872,59.8359
egg1-balanced-A,stage4,egg1,Common,balanced,A,greedy-egg,3,beetle|mushroom,40,0.9,0.9,40,6.125,4.6327,7.6173,2,2,6,12.2,22,1.725,0,1.375,36.7
egg1-balanced-A,stage4,egg1,Common,balanced,A,greedy-egg,4,brute,4,1,1,4,6.75,3.9352,9.5648,3,3.9,7.5,9,9,0,0,1.25,58.5
egg1-balanced-A,stage4,egg1,Common,balanced,A,greedy,1,mushroom,200,0.015,0.01,200,22.79,21.8928,23.6872,11,15,22,31,46,44.18,0,4.095,119.825
egg1-balanced-A,stage4,egg1,Common,balanced,A,greedy,2,beetle|mushroom,198,0.7323,0.5909,198,17.4697,15.8244,19.115,2,5.4,16,33.3,73,20.5152,0,3.5,88.101
egg1-balanced-A,stage4,egg1,Common,balanced,A,greedy,3,mushroom|beetle,81,0.5556,0.4938,81,18.3333,15.3841,21.2826,2,3,17,34,72,27.5679,0.0494,3.7407,88.7037
egg1-balanced-A,stage4,egg1,Common,balanced,A,greedy,4,brute,41,0.8537,0.8049,41,17.0244,12.5662,21.4826,3,3,12,42,52,9.1707,0.1463,3.4146,129.2927
egg1-balanced-A,stage4,egg1,Common,balanced,A,greedy,6,mushroom|beetle,2,0,0,2,18.5,13.6,23.4,16,16.5,18.5,20.5,21,92,0,3.5,59
egg1-balanced-A,stage4,egg1,Common,balanced,A,greedy,7,mushroom,2,0.5,0.5,2,17.5,-1.12,36.12,8,9.9,17.5,25.1,27,14.5,0.5,4.5,107
egg1-balanced-A,stage4,egg1,Common,balanced,A,greedy,8,stag,5,1,1,5,18.6,6.2101,30.9899,6,8.4,12,33.6,42,0,0.4,3.6,201.6
egg1-balanced-A,stage4,egg1,Common,balanced,A,greedy,5,beetle|mushroom,2,1,1,2,7,5.04,8.96,6,6.2,7,7.8,8,0,0,1.5,40
egg1-balanced-A,stage4,egg1,Common,balanced,A,random,1,mushroom,200,0.08,0.055,200,23.22,22.3995,24.0405,13,16,22,31,45,36.78,0,4.155,126.47
egg1-balanced-A,stage4,egg1,Common,balanced,A,random,2,mushroom|beetle,189,0.8095,0.7302,189,15.9312,14.069,17.7934,2,4,12,35.2,60,13.5132,0.0053,3.2328,80.3545
egg1-balanced-A,stage4,egg1,Common,balanced,A,random,3,beetle|mushroom,51,0.549,0.4706,51,17.451,14.2314,20.6706,2,4,14,36,39,30.3725,0.0588,3.549,86.2549
egg1-balanced-A,stage4,egg1,Common,balanced,A,random,4,brute,27,0.9259,0.9259,27,12.4815,9.3686,15.5944,3,3,12,23.4,33,1.1111,0,2.5926,112.037
egg1-balanced-A,stage4,egg1,Common,balanced,A,random,7,mushroom,2,0.5,0.5,2,7.5,-1.32,16.32,3,3.9,7.5,11.1,12,30,0,2,42
egg1-balanced-A,stage4,egg1,Common,balanced,A,random,8,stag,1,1,1,1,9,9,9,9,9,9,9,9,0,0,2,120
egg1-balanced-B,stage4,egg1,Common,balanced,B,greedy-egg,1,mushroom,200,0,0,200,16.555,16.1548,16.9552,11,13,16,20,34,57.165,0,2.78,68.03
egg1-balanced-B,stage4,egg1,Common,balanced,B,greedy-egg,2,beetle|mushroom,200,0.075,0.065,200,16.635,15.8785,17.3915,5,10,16.5,24,31,31.24,0,3.285,43.945
egg1-balanced-B,stage4,egg1,Common,balanced,B,greedy-egg,3,mushroom|beetle,187,0.4545,0.3369,187,13.2193,12.2231,14.2154,2,4,13,22,35,20.4759,0,2.6043,34.3904
egg1-balanced-B,stage4,egg1,Common,balanced,B,greedy-egg,4,brute,124,0.9032,0.8145,124,11.4677,10.2694,12.666,3,6,9,21,31,3.5161,0,2.3145,61.2258
egg1-balanced-B,stage4,egg1,Common,balanced,B,greedy-egg,8,stag,14,1,1,14,11.1429,7.9741,14.3116,3,3.9,10.5,18,24,0,0,2.3571,79.2143
egg1-balanced-B,stage4,egg1,Common,balanced,B,greedy-egg,5,mushroom|beetle,8,0.875,0.625,8,8,2.4935,13.5065,2,2,4.5,18.4,24,12.5,0,1.375,29.25
egg1-balanced-B,stage4,egg1,Common,balanced,B,greedy-egg,6,beetle|mushroom,7,0.4286,0.4286,7,10.4286,6.4886,14.3685,5,5,10,16.2,18,24.2857,0,2,23
egg1-balanced-B,stage4,egg1,Common,balanced,B,greedy-egg,7,mushroom|beetle,5,0.4,0.2,5,15.6,10.4664,20.7336,8,9.6,16,21.4,23,35,0,3.2,41
egg1-balanced-B,stage4,egg1,Common,balanced,B,greedy,1,mushroom,200,0,0,200,21.895,21.1138,22.6762,12,16,21,30,42,73.07,0,3.89,77.135
egg1-balanced-B,stage4,egg1,Common,balanced,B,greedy,2,beetle|mushroom,200,0.025,0.005,200,23.525,22.2729,24.7771,8,12,23,36,52,65.305,0,4.665,55.25
egg1-balanced-B,stage4,egg1,Common,balanced,B,greedy,3,mushroom|beetle,199,0.1156,0.0854,199,19.4774,18.0883,20.8664,2,7,18,33,53,62.1809,0.0151,3.9045,44.1206
egg1-balanced-B,stage4,egg1,Common,balanced,B,greedy,4,brute,182,0.4615,0.3681,182,26.033,23.9464,28.1195,3,6.1,27,44.8,72,38.6154,0.0549,5.2363,109.2857
egg1-balanced-B,stage4,egg1,Common,balanced,B,greedy,8,stag,107,1,1,107,33.6542,27.6877,39.6207,3,6,24,67.2,230,0,0.7383,7.1215,195.4486
egg1-balanced-B,stage4,egg1,Common,balanced,B,greedy,6,mushroom|beetle,43,0.1628,0.093,43,19.0233,15.9325,22.114,3,5.2,17,29.8,46,61.7907,0.1628,4,46.5116
egg1-balanced-B,stage4,egg1,Common,balanced,B,greedy,5,beetle|mushroom,52,0.1154,0.0385,52,20.8077,17.5296,24.0857,2,8.2,18.5,32,57,61.8654,0.0962,4.2885,46.7115
egg1-balanced-B,stage4,egg1,Common,balanced,B,greedy,7,beetle|mushroom,39,0.0769,0.0513,39,16.641,13.9891,19.2929,2,5.8,17,26.2,38,60.4359,0.1795,3.4872,40.4615
egg1-balanced-B,stage4,egg1,Common,balanced,B,random,1,mushroom,200,0,0,200,22.56,21.8312,23.2888,13,16,22,30,40,70.925,0,4.02,80.67
egg1-balanced-B,stage4,egg1,Common,balanced,B,random,2,mushroom|beetle,200,0.065,0.04,200,26.4,25.1163,27.6837,4,15,26,37,58,65.67,0.01,5.255,59.635
egg1-balanced-B,stage4,egg1,Common,balanced,B,random,3,mushroom|beetle,192,0.1042,0.0677,192,19.9427,18.633,21.2524,2,9.1,19,31.9,58,62.4583,0.0417,4.0104,44.625
egg1-balanced-B,stage4,egg1,Common,balanced,B,random,4,brute,179,0.6034,0.4693,179,25.4469,23.31,27.5839,3,6,26,44,69,32.6648,0.2737,5.1061,113.8883
egg1-balanced-B,stage4,egg1,Common,balanced,B,random,8,stag,81,0.9877,0.9877,81,27.0741,22.8182,31.3299,3,9,23,51,93,0.1975,0.4815,5.7037,173.284
egg1-balanced-B,stage4,egg1,Common,balanced,B,random,7,beetle|mushroom,37,0.0541,0.0541,37,20.6757,14.6724,26.679,2,4,16,51.4,82,72.5405,0.4595,4.2432,49.8108
egg1-balanced-B,stage4,egg1,Common,balanced,B,random,5,beetle|mushroom,37,0.2703,0.1892,37,21,16.9157,25.0843,3,6,19,33.4,71,57.2162,0.4324,4.4595,52.8919
egg1-balanced-B,stage4,egg1,Common,balanced,B,random,6,mushroom|beetle,37,0.1622,0.1351,37,22.973,17.701,28.245,2,4,20,38,84,62.2432,0.4865,4.6757,58.7838
egg1-control,control_stage1-3,egg1,Common,balanced,A,greedy-egg,1,mushroom,200,0.435,0.295,200,18.655,18.169,19.141,13,15.9,18,22.1,42,13.34,0,0,113.035
egg1-control,control_stage1-3,egg1,Common,balanced,A,greedy-egg,2,beetle|mushroom,141,0.9858,0.9787,141,6.5603,5.8788,7.2418,2,2,6,12,21,0.3121,0,0,39.8511
egg1-control,control_stage1-3,egg1,Common,balanced,A,greedy-egg,3,mushroom|beetle,3,1,1,3,4.3333,2.6048,6.0619,3,3.2,4,5.6,6,0,0,0,28.6667
egg1-control,control_stage1-3,egg1,Common,balanced,A,greedy,1,mushroom,200,0.27,0.18,200,27.05,25.7214,28.3786,14,17.9,24,39.1,67,27.85,0,0,143.58
egg1-control,control_stage1-3,egg1,Common,balanced,A,greedy,2,beetle|mushroom,164,0.8537,0.75,164,16.4512,14.1214,18.781,2,4,10,39.7,66,12.2195,0.0061,0,81.9817
egg1-control,control_stage1-3,egg1,Common,balanced,A,greedy,3,mushroom|beetle,41,0.561,0.5366,41,17.3415,12.8139,21.8691,2,3,14,35,74,22.5122,0,0,83.9512
egg1-control,control_stage1-3,egg1,Common,balanced,A,greedy,4,brute,19,1,1,19,17.5263,11.0998,23.9528,3,3,15,31.8,60,0,0,0,137.2105
egg1-control,control_stage1-3,egg1,Common,balanced,A,random,1,mushroom,200,0.52,0.385,200,26.96,25.8121,28.1079,15,18,25,38,58,22.035,0,0,149.86
egg1-control,control_stage1-3,egg1,Common,balanced,A,random,2,mushroom|beetle,123,0.9024,0.8211,123,13.7805,11.6283,15.9327,2,4,10,30,80,8.6748,0,0,72.0813
egg1-control,control_stage1-3,egg1,Common,balanced,A,random,3,beetle|mushroom,22,0.8636,0.7273,22,19.0455,13.3545,24.7364,2,4,18,33,53,14.5455,0,0,103.9091
egg1-control,control_stage1-3,egg1,Common,balanced,A,random,4,brute,6,1,1,6,9.5,6.3094,12.6906,3,6,9,13.5,15,0,0,0,85.5
egg1-math-A,stage4,egg1,Common,math,A,greedy-egg,1,mushroom,200,0,0,200,14.46,14.1208,14.7992,11,12,14,17.1,29,39.075,0,2.425,83.315
egg1-math-A,stage4,egg1,Common,math,A,greedy-egg,2,mushroom|beetle,200,0.905,0.69,200,10.83,10.1392,11.5208,2,6,10,18.1,25,7,0,2.255,62.175
egg1-math-A,stage4,egg1,Common,math,A,greedy-egg,3,beetle|mushroom,62,0.9516,0.9516,62,5.6774,4.8429,6.5119,2,3,6,9,17,0.8548,0,1.1774,34.5323
egg1-math-A,stage4,egg1,Common,math,A,greedy-egg,4,brute,3,1,1,3,4,2.04,5.96,3,3,3,5.4,6,0,0,1,34.6667
egg1-math-A,stage4,egg1,Common,math,A,greedy,1,mushroom,200,0,0,200,17.905,17.362,18.448,10,13,18,23,30,55.26,0,3.15,93.435
egg1-math-A,stage4,egg1,Common,math,A,greedy,2,beetle|mushroom,200,0.55,0.41,200,16.965,15.8584,18.0716,2,6,16,28.1,38,25.82,0,3.365,82.13
egg1-math-A,stage4,egg1,Common,math,A,greedy,3,mushroom|beetle,118,0.5508,0.4576,118,14.178,12.7511,15.6049,2,4,14,24.3,35,30.1017,0,2.8475,66.8729
egg1-math-A,stage4,egg1,Common,math,A,greedy,4,brute,64,0.8125,0.7656,64,15.8281,12.9841,18.6721,3,3,12,35.7,41,14.2188,0.0313,3.1875,117.3906
egg1-math-A,stage4,egg1,Common,math,A,greedy,6,beetle|mushroom,7,0.4286,0.1429,7,21.1429,10.0767,32.2091,3,3,26,36.4,43,49.4286,0.4286,4,92.5714
egg1-math-A,stage4,egg1,Common,math,A,greedy,7,mushroom|beetle,3,0.3333,0.3333,3,16,6.2,25.8,6,9,21,21,21,40.3333,0,3.6667,72
egg1-math-A,stage4,egg1,Common,math,A,greedy,8,stag,9,1,1,9,21.3333,8.3158,34.3509,3,5.4,15,42,66,0,0.3333,4.4444,239.1111
egg1-math-A,stage4,egg1,Common,math,A,greedy,5,beetle|mushroom,7,0.5714,0.5714,7,21.8571,13.592,30.1223,6,9.6,22,32.6,41,44,0.4286,4.4286,109.8571
egg1-math-A,stage4,egg1,Common,math,A,random,1,mushroom,200,0.025,0.01,200,18.605,18.0727,19.1373,11,14,18,24.1,34,45.56,0,3.27,101.05
egg1-math-A,stage4,egg1,Common,math,A,random,2,mushroom|beetle,198,0.7071,0.5,198,16.803,15.4984,18.1076,3,6,15.5,31,40,20.0808,0,3.3485,84.4495
egg1-math-A,stage4,egg1,Common,math,A,random,3,beetle|mushroom,99,0.6162,0.5657,99,12.8081,11.186,14.4302,2,3,12,24,33,22.5354,0.0101,2.6566,62.3333
egg1-math-A,stage4,egg1,Common,math,A,random,4,brute,43,0.9767,0.9535,43,13.6047,10.9915,16.2178,3,3,15,24,33,1.6977,0.0233,2.8372,113.093
egg1-math-A,stage4,egg1,Common,math,A,random,5,mushroom,1,0,0,1,10,10,10,10,10,10,10,10,32,0,2,60
egg1-math-A,stage4,egg1,Common,math,A,random,6,beetle,1,0,0,1,16,16,16,16,16,16,16,16,108,0,3,46
egg1-math-A,stage4,egg1,Common,math,A,random,8,stag,2,1,1,2,12,0.24,23.76,6,7.2,12,16.8,18,0,0,2.5,139
egg1-math-A,stage4,egg1,Common,math,A,random,7,mushroom,1,0,0,1,17,17,17,17,17,17,17,17,35,0,3,100
egg1-math-B,stage4,egg1,Common,math,B,greedy-egg,1,mushroom,200,0,0,200,16.685,16.2755,17.0945,11,13,16,21,34,56.145,0,2.78,69.32
egg1-math-B,stage4,egg1,Common,math,B,greedy-egg,2,beetle|mushroom,200,0.155,0.125,200,17.035,16.2815,17.7885,6,10.9,17,24,41,27.04,0,3.365,49.815
egg1-math-B,stage4,egg1,Common,math,B,greedy-egg,3,mushroom|beetle,175,0.6229,0.4286,175,12.3257,11.3606,13.2908,2,4,12,20.6,28,17.5771,0,2.44,36.7943
egg1-math-B,stage4,egg1,Common,math,B,greedy-egg,4,brute,100,0.96,0.94,100,8.93,7.7772,10.0828,3,3,6,15.2,35,1.44,0,1.9,54.49
egg1-math-B,stage4,egg1,Common,math,B,greedy-egg,5,mushroom|beetle,2,0.5,0,2,12.5,9.56,15.44,11,11.3,12.5,13.7,14,32.5,0,2.5,34.5
egg1-math-B,stage4,egg1,Common,math,B,greedy-egg,6,mushroom|beetle,2,0.5,0.5,2,12,0.24,23.76,6,7.2,12,16.8,18,17,0,2.5,31.5
egg1-math-B,stage4,egg1,Common,math,B,greedy-egg,8,stag,5,1,1,5,9,6.3704,11.6296,6,6,9,12,12,0,0,2,71.6
egg1-math-B,stage4,egg1,Common,math,B,greedy-egg,7,mushroom,1,0,0,1,17,17,17,17,17,17,17,17,57,0,4,58
egg1-math-B,stage4,egg1,Common,math,B,greedy,1,mushroom,200,0,0,200,22.095,21.3048,22.8852,12,16,21,30,42,71.475,0,3.89,79.94
egg1-math-B,stage4,egg1,Common,math,B,greedy,2,beetle|mushroom,200,0.05,0.03,200,23.46,22.1659,24.7541,8,12,23,34.1,64,61.3,0,4.655,60.67
egg1-math-B,stage4,egg1,Common,math,B,greedy,3,mushroom|beetle,194,0.1649,0.1186,194,19.8763,18.5039,21.2487,2,8,19,31,58,60.2835,0.0361,4,48.5979
egg1-math-B,stage4,egg1,Common,math,B,greedy,4,brute,171,0.5848,0.5088,171,23.3801,21.3346,25.4256,3,9,21,42,76,25.2222,0.0702,4.7076,118.9415
egg1-math-B,stage4,egg1,Common,math,B,greedy,6,mushroom|beetle,34,0.2647,0.1765,34,19.9412,16.0643,23.8181,3,6,19.5,31.7,49,59.3235,0.1765,4.1176,51.0882
egg1-math-B,stage4,egg1,Common,math,B,greedy,7,beetle|mushroom,18,0.1667,0.1111,18,19.2778,15.8763,22.6793,3,10.7,19.5,28.6,33,68.9444,0.0556,3.9444,50.2222
egg1-math-B,stage4,egg1,Common,math,B,greedy,8,stag,71,1,1,71,27.8028,22.5526,33.053,3,6,21,57,96,0,0.4648,6.0704,190.7887
egg1-math-B,stage4,egg1,Common,math,B,greedy,5,beetle|mushroom,32,0.1563,0.1563,32,21,15.4878,26.5122,2,5.2,18.5,34.9,83,49.8438,0.2813,4.3125,51.875
egg1-math-B,stage4,egg1,Common,math,B,random,1,mushroom,200,0,0,200,22.755,22.0239,23.4861,13,17,22,30,41,69.1,0,4.02,83.895
egg1-math-B,stage4,egg1,Common,math,B,random,2,mushroom|beetle,200,0.12,0.1,200,25.495,24.2391,26.7509,4,14,25,37,58,58.405,0,5.12,64.905
egg1-math-B,stage4,egg1,Common,math,B,random,3,mushroom|beetle,180,0.1667,0.1389,180,20.3778,18.9212,21.8344,2,8,19.5,33.2,55,56.6889,0.0333,4.0389,53.4111
egg1-math-B,stage4,egg1,Common,math,B,random,4,brute,155,0.6387,0.5226,155,24.9226,22.5933,27.2518,3,6,24,45,68,26.6645,0.1871,5.1161,126.1806
egg1-math-B,stage4,egg1,Common,math,B,random,5,mushroom|beetle,32,0.1875,0.1563,32,20.625,15.9733,25.2767,3,4,20,37.9,53,62.0938,0.375,4.3438,53.6563
egg1-math-B,stage4,egg1,Common,math,B,random,7,beetle|mushroom,30,0.1667,0.1333,30,20.9333,16.3788,25.4879,4,5.9,19.5,37.7,51,62.1667,0.3333,4.3667,57
egg1-math-B,stage4,egg1,Common,math,B,random,8,stag,57,1,1,57,21.7719,17.3703,26.1735,3,6,18,39.8,107,0,0.4737,4.5439,165.4561
egg1-math-B,stage4,egg1,Common,math,B,random,6,beetle|mushroom,31,0.2903,0.2581,31,23.9355,19.2663,28.6047,2,7,22,42,54,55.3548,0.4194,4.9355,55.7419
egg1-science-A,stage4,egg1,Common,science,A,greedy-egg,1,mushroom,200,0.01,0.005,200,15.67,15.3077,16.0323,11,13,16,18,31,33.955,0,2.565,90.805
egg1-science-A,stage4,egg1,Common,science,A,greedy-egg,2,mushroom|beetle,199,0.9296,0.7739,199,9.7387,9.0915,10.3859,2,4,9,15,26,4.8593,0,2.0804,57.9347
egg1-science-A,stage4,egg1,Common,science,A,greedy-egg,3,beetle|mushroom,45,1,0.9778,45,6.1778,4.9856,7.37,2,2,6,14,16,0.6,0,1.4,36.8667
egg1-science-A,stage4,egg1,Common,science,A,greedy-egg,4,brute,1,1,1,1,6,6,6,6,6,6,6,6,0,0,1,63
egg1-science-A,stage4,egg1,Common,science,A,greedy,1,mushroom,200,0,0,200,20.195,19.5176,20.8724,12,14,20,27,38,48.075,0,3.49,106.55
egg1-science-A,stage4,egg1,Common,science,A,greedy,2,mushroom|beetle,200,0.615,0.48,200,17.135,15.8218,18.4482,2,6,16,30,43,20.71,0,3.475,81.92
egg1-science-A,stage4,egg1,Common,science,A,greedy,3,beetle|mushroom,104,0.5865,0.5,104,15.3365,13.2819,17.3912,2,4,12,30,42,28.2404,0.0096,3.1442,70.2404
egg1-science-A,stage4,egg1,Common,science,A,greedy,4,brute,52,0.9038,0.9038,52,15.2115,12.5099,17.9132,3,6,12.5,29.7,42,6.1731,0.0385,3.1923,118.5577
egg1-science-A,stage4,egg1,Common,science,A,greedy,6,beetle,3,0,0,3,36.3333,32.3593,40.3074,33,33.6,36,39.2,40,76.6667,1,7.3333,143
egg1-science-A,stage4,egg1,Common,science,A,greedy,8,stag,5,1,1,5,23.4,10.464,36.336,6,10.8,18,39,45,0,0.2,4.6,219.6
egg1-science-A,stage4,egg1,Common,science,A,greedy,5,mushroom,2,0,0,2,29,15.28,42.72,22,23.4,29,34.6,36,46.5,0.5,5.5,140.5
egg1-science-A,stage4,egg1,Common,science,A,greedy,7,mushroom|beetle,3,0,0,3,30.3333,22.305,38.3616,24,25,29,36.2,38,94.6667,0.6667,5.6667,138
egg1-science-A,stage4,egg1,Common,science,A,random,1,mushroom,200,0.05,0.03,200,20.795,20.1973,21.3927,13,16,21,26,34,40.945,0,3.665,113.845
egg1-science-A,stage4,egg1,Common,science,A,random,2,mushroom|beetle,194,0.7371,0.6443,194,15.4433,14.0359,16.8507,2,4,12,30.7,44,17.5052,0,3.1134,80.0928
egg1-science-A,stage4,egg1,Common,science,A,random,3,beetle|mushroom,69,0.5797,0.4783,69,16.058,13.801,18.315,2,3,16,28.2,42,28.8841,0.0435,3.3768,77.1594
egg1-science-A,stage4,egg1,Common,science,A,random,4,brute,36,0.9444,0.9167,36,13.8333,9.9254,17.7413,3,3,12,25.5,66,5.8889,0.0833,2.9167,115.8333
egg1-science-A,stage4,egg1,Common,science,A,random,5,mushroom,2,0,0,2,24,20.08,27.92,22,22.4,24,25.6,26,78,0,4.5,133
egg1-science-A,stage4,egg1,Common,science,A,random,8,stag,3,1,1,3,12,12,12,12,12,12,12,12,0,0,2.6667,141.3333
egg1-science-A,stage4,egg1,Common,science,A,random,6,beetle,1,0,0,1,17,17,17,17,17,17,17,17,43,0,3,73
egg1-science-B,stage4,egg1,Common,science,B,greedy-egg,1,mushroom,200,0,0,200,13.565,13.2468,13.8832,10,11,14,15,25,43.86,0,2.31,77.63
egg1-science-B,stage4,egg1,Common,science,B,greedy-egg,2,mushroom|beetle,200,0.85,0.615,200,11.505,10.8312,12.1788,3,6,11,18,25,8.87,0,2.305,65.925
egg1-science-B,stage4,egg1,Common,science,B,greedy-egg,3,mushroom|beetle,77,0.961,0.9481,77,6.2727,5.3899,7.1556,2,2,6,12,18,1.6753,0,1.2078,37.3506
egg1-science-B,stage4,egg1,Common,science,B,greedy-egg,4,brute,4,1,1,4,7.5,0.5014,14.4986,3,3,4.5,14.4,18,0,0,1,69.5
egg1-science-B,stage4,egg1,Common,science,B,greedy,1,mushroom,200,0,0,200,16.805,16.291,17.319,10,12,16,20.1,25,58.925,0,3.01,86.855
egg1-science-B,stage4,egg1,Common,science,B,greedy,2,beetle|mushroom,200,0.485,0.365,200,17.065,16.0178,18.1122,4,8,15,28.1,35,30.795,0,3.355,81.85
egg1-science-B,stage4,egg1,Common,science,B,greedy,3,beetle|mushroom,127,0.5276,0.4567,127,13.5433,12.1331,14.9535,2,4,12,24.4,37,29.4094,0.0079,2.6142,64.4567
egg1-science-B,stage4,egg1,Common,science,B,greedy,4,brute,69,0.9275,0.8696,69,13.6957,11.4179,15.9734,3,3,12,27.6,48,7.7391,0.0435,2.8261,109.6377
egg1-science-B,stage4,egg1,Common,science,B,greedy,7,mushroom,1,1,1,1,8,8,8,8,8,8,8,8,0,0,2,60
egg1-science-B,stage4,egg1,Common,science,B,greedy,6,beetle|mushroom,4,0,0,4,21.25,14.3031,28.1969,15,15.3,20,28.2,30,68.5,0,4.5,103.25
egg1-science-B,stage4,egg1,Common,science,B,greedy,8,stag,6,1,1,6,13.5,8.2958,18.7042,6,7.5,12,21,24,0,0.1667,2.8333,141.5
egg1-science-B,stage4,egg1,Common,science,B,greedy,5,beetle|mushroom,4,0.5,0.5,4,17.25,3.7802,30.7198,6,6,14.5,30.7,34,36,0.5,3.5,100
egg1-science-B,stage4,egg1,Common,science,B,random,1,mushroom,200,0,0,200,17.315,16.8543,17.7757,10,14,17,21,25,49.535,0,3.075,93.16
egg1-science-B,stage4,egg1,Common,science,B,random,2,mushroom|beetle,200,0.68,0.45,200,16.085,14.9927,17.1773,4,6,15,28,40,23.33,0,3.18,82.4
egg1-science-B,stage4,egg1,Common,science,B,random,3,beetle|mushroom,110,0.6182,0.5727,110,13.2273,11.6293,14.8252,2,3,12,27,34,25.3182,0.0091,2.7,65.4091
egg1-science-B,stage4,egg1,Common,science,B,random,4,brute,47,0.9149,0.8298,47,14.617,11.8397,17.3944,3,4.8,12,30.8,37,7.8723,0.0638,2.8298,122.4681
egg1-science-B,stage4,egg1,Common,science,B,random,7,mushroom|beetle,4,0.5,0.5,4,13.75,2.6517,24.8483,2,3.8,12.5,24.7,28,54,0.5,2.75,61.75
egg1-science-B,stage4,egg1,Common,science,B,random,5,beetle,3,0.6667,0.3333,3,14.3333,2.9984,25.6682,3,6,18,21.2,22,36,0,3,64.6667
egg1-science-B,stage4,egg1,Common,science,B,random,6,beetle|mushroom,3,0.3333,0.3333,3,20.6667,10.3987,30.9346,14,14.6,17,28.2,31,56,0.6667,4,81.6667
egg1-science-B,stage4,egg1,Common,science,B,random,8,stag,4,1,1,4,12,12,12,12,12,12,12,12,0,0,2,144.5
egg2-balanced-A,stage4,egg2,Common,balanced,A,greedy-egg,1,mushroom,200,0.01,0.01,200,111.315,105.4841,117.1459,24,60,108,164.1,260,84.34,0.195,17.985,311.135
egg2-balanced-A,stage4,egg2,Common,balanced,A,greedy-egg,2,mushroom|beetle,198,0.2273,0.1818,198,147.0808,137.9922,156.1694,6,76.7,136,234.9,341,70.9697,1.4697,24.5101,345.0758
egg2-balanced-A,stage4,egg2,Common,balanced,A,greedy-egg,3,mushroom|beetle,162,0.3025,0.2469,162,140.6296,127.4746,153.7847,3,30,140.5,242,378,62,2.8765,23.9321,327.1852
egg2-balanced-A,stage4,egg2,Common,balanced,A,greedy-egg,4,brute,122,0.8852,0.8525,122,69.9508,59.219,80.6827,3,12,52.5,158,266,10.7377,1.3361,11.8852,324.0492
egg2-balanced-A,stage4,egg2,Common,balanced,A,greedy-egg,5,mushroom|beetle,9,0.2222,0,9,92.1111,42.0165,142.2057,22,28.4,46,169.8,245,82.4444,2,15.4444,209.5556
egg2-balanced-A,stage4,egg2,Common,balanced,A,greedy-egg,7,beetle|mushroom,7,0.5714,0.5714,7,52,25.9134,78.0866,9,21.6,42,86.2,121,36.1429,1.7143,8.7143,131.7143
egg2-balanced-A,stage4,egg2,Common,balanced,A,greedy-egg,8,stag,12,1,1,12,39.3333,20.3575,58.3092,9,9.3,24,86,96,0,1,6.75,216.6667
egg2-balanced-A,stage4,egg2,Common,balanced,A,greedy-egg,6,mushroom|beetle,4,0.5,0.5,4,72.5,15.8886,129.1114,22,23.8,63,128.8,142,44.25,1.5,12.25,212.5
egg2-balanced-A,stage4,egg2,Common,balanced,A,greedy,1,mushroom,200,0.065,0.03,200,53.54,50.1694,56.9106,16,26,49,84,143,63.16,0.01,8.385,218.43
egg2-balanced-A,stage4,egg2,Common,balanced,A,greedy,2,beetle|mushroom,194,0.3969,0.2938,194,47.3196,42.3934,52.2457,2,8,42,94.4,177,48.2165,0.1186,7.8918,167.7113
egg2-balanced-A,stage4,egg2,Common,balanced,A,greedy,3,mushroom|beetle,137,0.3285,0.2774,137,42.0803,37.3652,46.7954,1,6,39,77,131,51.5036,0.3796,7.0876,149.5328
egg2-balanced-A,stage4,egg2,Common,balanced,A,greedy,4,brute,99,0.8586,0.8384,99,30.4343,25.0849,35.7837,3,6,21,69.8,131,9.3232,0.2121,5.2424,193.1515
egg2-balanced-A,stage4,egg2,Common,balanced,A,greedy,7,mushroom|beetle,8,0.625,0.625,8,27.875,13.8806,41.8694,8,8,23,52.9,55,34.5,0.5,5.25,119
egg2-balanced-A,stage4,egg2,Common,balanced,A,greedy,8,stag,8,1,1,8,13.5,7.5159,19.4841,3,5.1,15,21.6,30,0,0.125,2.25,118.125
egg2-balanced-A,stage4,egg2,Common,balanced,A,greedy,5,mushroom|beetle,6,0.3333,0.3333,6,53.5,6.1784,100.8216,2,12,29.5,119,164,45.3333,1.3333,9.1667,194.5
egg2-balanced-A,stage4,egg2,Common,balanced,A,greedy,6,mushroom|beetle,7,0.2857,0.1429,7,40,10.033,69.967,1,7,20,90.8,110,46.1429,0.5714,6.5714,157
egg2-balanced-A,stage4,egg2,Common,balanced,A,random,1,mushroom,200,0.205,0.17,200,53.335,49.9456,56.7244,16,26,50,87.1,172,51.215,0.07,8.34,226.595
egg2-balanced-A,stage4,egg2,Common,balanced,A,random,2,beetle|mushroom,166,0.506,0.4337,166,51.4337,45.8007,57.0667,2,8.5,43,102.5,150,37.1627,0.4217,8.6325,180.9819
egg2-balanced-A,stage4,egg2,Common,balanced,A,random,3,beetle|mushroom,94,0.5745,0.4894,94,38.2447,31.6968,44.7925,1,6,31,74.1,167,33.9681,0.5957,6.617,145.8511
egg2-balanced-A,stage4,egg2,Common,balanced,A,random,4,brute,48,0.9792,0.9375,48,25,18.1868,31.8132,3,9,13.5,60,103,1.9167,0.25,4.3958,173.1667
egg2-balanced-A,stage4,egg2,Common,balanced,A,random,5,beetle,1,0,0,1,42,42,42,42,42,42,42,42,100,0,8,116
egg2-balanced-A,stage4,egg2,Common,balanced,A,random,6,beetle,1,0,0,1,42,42,42,42,42,42,42,42,100,0,9,126
egg2-balanced-A,stage4,egg2,Common,balanced,A,random,7,mushroom,1,0,0,1,37,37,37,37,37,37,37,37,66,0,6,172
egg2-balanced-A,stage4,egg2,Common,balanced,A,random,8,stag,3,1,1,3,6,2.6052,9.3948,3,3.6,6,8.4,9,0,0,1.3333,62.6667
egg2-balanced-B,stage4,egg2,Common,balanced,B,greedy-egg,1,mushroom,200,0,0,200,111.635,105.7826,117.4874,24,60,108.5,165,260,93.41,0.195,18.04,173.985
egg2-balanced-B,stage4,egg2,Common,balanced,B,greedy-egg,2,mushroom|beetle,200,0.035,0.03,200,160.715,151.1748,170.2552,51,82,146.5,254.1,374,90.645,1.72,26.765,183.13
egg2-balanced-B,stage4,egg2,Common,balanced,B,greedy-egg,3,mushroom|beetle,194,0.0258,0.0206,194,163.0206,150.8375,175.2037,18,28.6,162,268,392,90.3041,3.634,27.7062,184.8711
egg2-balanced-B,stage4,egg2,Common,balanced,B,greedy-egg,4,brute,190,0.7421,0.7158,190,134.3421,121.2939,147.3903,6,32.7,118.5,261.5,391,23.3632,3.4263,22.8158,385.5684
egg2-balanced-B,stage4,egg2,Common,balanced,B,greedy-egg,8,stag,46,1,1,46,57.587,46.3216,68.8523,6,13.5,54,112.5,160,0,1.5217,9.6957,259.5217
egg2-balanced-B,stage4,egg2,Common,balanced,B,greedy-egg,5,mushroom|beetle,22,0.1818,0.1818,22,105.8636,62.1581,149.5692,4,20,48.5,281.9,317,74.1818,3.2727,18.2273,138.1818
egg2-balanced-B,stage4,egg2,Common,balanced,B,greedy-egg,6,beetle|mushroom,18,0.1111,0.1111,18,84.0556,42.7231,125.388,18,21.4,34,177.7,323,82.2778,2.3889,14.4444,109.7222
egg2-balanced-B,stage4,egg2,Common,balanced,B,greedy-egg,7,mushroom|beetle,14,0.1429,0.1429,14,81.7143,29.5206,133.9079,13,18.6,31.5,228.9,318,67.5714,3,13.7143,111.5714
egg2-balanced-B,stage4,egg2,Common,balanced,B,greedy,1,mushroom,200,0,0,200,53.935,50.5844,57.2856,17,27,49,84,143,84.725,0.01,8.45,130.325
egg2-balanced-B,stage4,egg2,Common,balanced,B,greedy,2,beetle|mushroom,200,0.005,0,200,56.1,51.8963,60.3037,3,23.9,50,94.1,177,86.505,0.14,9.27,98.935
egg2-balanced-B,stage4,egg2,Common,balanced,B,greedy,3,mushroom|beetle,200,0.035,0.02,200,51.305,46.7939,55.8161,1,16.9,42,94.1,156,85.285,0.54,8.715,87.865
egg2-balanced-B,stage4,egg2,Common,balanced,B,greedy,4,brute,196,0.4694,0.4133,196,64.301,58.5672,70.0349,2,18,56,121,241,40.852,0.9235,10.9133,245.648
egg2-balanced-B,stage4,egg2,Common,balanced,B,greedy,8,stag,107,0.9813,0.972,107,40.486,34.598,46.374,3,12,32,82.2,170,2.5327,0.8598,7.0935,221.9252
egg2-balanced-B,stage4,egg2,Common,balanced,B,greedy,5,beetle|mushroom,45,0.0667,0.0667,45,59.2222,45.9454,72.4991,2,11,53,120.8,203,78.0889,1.2444,10.2889,103
egg2-balanced-B,stage4,egg2,Common,balanced,B,greedy,6,beetle|mushroom,56,0.0536,0.0536,56,40.8393,32.2188,49.4597,1,9.5,30,91,136,78.6964,0.7679,6.9107,80.8214
egg2-balanced-B,stage4,egg2,Common,balanced,B,greedy,7,mushroom|beetle,46,0.0435,0.0435,46,60.0652,46.1033,74.0272,9,15.5,43,119,221,80.2609,1.5435,10.5435,116.2826
egg2-balanced-B,stage4,egg2,Common,balanced,B,random,1,mushroom,200,0,0,200,55.335,52.0565,58.6135,21,29,51,88.1,172,82.395,0.07,8.62,137.08
egg2-balanced-B,stage4,egg2,Common,balanced,B,random,2,beetle|mushroom,200,0.045,0.035,200,64.03,58.9785,69.0815,6,27,54,122.1,186,80.44,0.57,10.65,113.225
egg2-balanced-B,stage4,egg2,Common,balanced,B,random,3,beetle|mushroom,193,0.0829,0.0622,193,51.2953,45.7694,56.8213,1,15.2,41,106.4,239,78.342,0.9223,8.7979,91.4197
egg2-balanced-B,stage4,egg2,Common,balanced,B,random,4,brute,181,0.6243,0.5746,181,54.4641,49.2756,59.6526,2,19,45,109,174,25.5912,1.0773,9.3315,216.5746
egg2-balanced-B,stage4,egg2,Common,balanced,B,random,6,beetle|mushroom,25,0.12,0.12,25,42.2,24.7949,59.6051,2,4,24,101.8,180,61.32,1,7.24,76.08
egg2-balanced-B,stage4,egg2,Common,balanced,B,random,8,stag,65,1,1,65,30.7077,23.4719,37.9434,6,10.2,23,51.6,183,0,0.7846,5.4769,178.4923
egg2-balanced-B,stage4,egg2,Common,balanced,B,random,7,mushroom|beetle,20,0.1,0.1,20,42.35,23.8653,60.8347,2,12,29,106.6,155,69.4,1.15,7.3,80.65
egg2-balanced-B,stage4,egg2,Common,balanced,B,random,5,mushroom|beetle,33,0.2727,0.2121,33,39.7576,24.7567,54.7584,1,6,30,74.8,192,58.697,1.3636,6.7879,72.3939
egg2-control,control_stage1-3,egg2,Common,balanced,A,greedy-egg,1,mushroom,200,0.01,0.01,200,102.15,96.6049,107.6951,23,54.9,101,155.2,236,84.065,0.15,0,292.545
egg2-control,control_stage1-3,egg2,Common,balanced,A,greedy-egg,2,beetle|mushroom,198,0.1364,0.096,198,131.0556,122.8701,139.241,4,62.1,123.5,208.3,312,75.3131,1.0707,0,313.6364
egg2-control,control_stage1-3,egg2,Common,balanced,A,greedy-egg,3,beetle|mushroom,179,0.2905,0.2179,179,108.5307,98.8323,118.2291,4,28,102,197.4,293,66.6089,1.4413,0,269.3687
egg2-control,control_stage1-3,egg2,Common,balanced,A,greedy-egg,4,brute,140,0.8929,0.8643,140,58.1286,48.3703,67.8868,3,15,35.5,135.3,299,10.9929,0.7357,0,281.8
egg2-control,control_stage1-3,egg2,Common,balanced,A,greedy-egg,5,mushroom|beetle,7,0.1429,0.1429,7,41.5714,17.7007,65.4421,20,21.8,30,75,111,68,0.7143,0,141.7143
egg2-control,control_stage1-3,egg2,Common,balanced,A,greedy-egg,6,beetle|mushroom,11,0.0909,0.0909,11,56.8182,9.3166,104.3198,14,26,33,57,297,70.9091,0.9091,0,139.3636
egg2-control,control_stage1-3,egg2,Common,balanced,A,greedy-egg,7,mushroom|beetle,7,0.1429,0.1429,7,37.4286,27.381,47.4761,20,26,33,54.6,60,77.1429,0.5714,0,108
egg2-control,control_stage1-3,egg2,Common,balanced,A,greedy-egg,8,stag,16,1,1,16,36.5625,20.8133,52.3117,9,12,31.5,77.5,123,0,0.375,0,233.625
egg2-control,control_stage1-3,egg2,Common,balanced,A,greedy,1,mushroom,200,0.045,0.03,200,50.12,46.8257,53.4143,16,23.9,46.5,80.1,140,60.31,0.005,0,203.925
egg2-control,control_stage1-3,egg2,Common,balanced,A,greedy,2,beetle|mushroom,194,0.4175,0.2887,194,46.0825,41.7761,50.3888,2,6.3,43,84,164,49.6753,0.1031,0,164.7423
egg2-control,control_stage1-3,egg2,Common,balanced,A,greedy,3,beetle|mushroom,138,0.3551,0.2826,138,42.0507,36.8705,47.231,1,6,34.5,82,178,52.2536,0.2246,0,151.058
egg2-control,control_stage1-3,egg2,Common,balanced,A,greedy,4,brute,99,0.8889,0.8485,99,27.6566,22.9958,32.3173,2,6,18,66.2,105,5.7374,0.0808,0,176.2525
egg2-control,control_stage1-3,egg2,Common,balanced,A,greedy,5,beetle,2,0,0,2,60,24.72,95.28,42,45.6,60,74.4,78,66.5,0,0,189
egg2-control,control_stage1-3,egg2,Common,balanced,A,greedy,6,mushroom|beetle,5,0.6,0.6,5,24.2,2.9776,45.4224,2,6,18,48.6,65,11.2,0.2,0,108.6
egg2-control,control_stage1-3,egg2,Common,balanced,A,greedy,7,beetle|mushroom,6,0.5,0.5,6,24.1667,7.7727,40.5606,2,4,22.5,46,53,29.6667,0.1667,0,95
egg2-control,control_stage1-3,egg2,Common,balanced,A,greedy,8,stag,9,1,1,9,11.3333,7.566,15.1006,3,5.4,9,18.6,21,0,0,0,110.1111
egg2-control,control_stage1-3,egg2,Common,balanced,A,random,1,mushroom,200,0.21,0.16,200,50.095,46.8407,53.3493,16,24.9,47,81.1,168,49.775,0.06,0,212.73
egg2-control,control_stage1-3,egg2,Common,balanced,A,random,2,mushroom|beetle,168,0.4881,0.3988,168,44.9881,39.7198,50.2564,2,7.7,40,90.3,154,37.625,0.3155,0,161.1131
egg2-control,control_stage1-3,egg2,Common,balanced,A,random,3,beetle|mushroom,101,0.5149,0.4257,101,34.297,28.0618,40.5323,1,5,24,75,159,33.604,0.4257,0,133.8911
egg2-control,control_stage1-3,egg2,Common,balanced,A,random,4,brute,58,0.9828,0.9483,58,19.5345,14.2416,24.8273,3,3,12,33.3,97,1.5345,0.1207,0,137.0517
egg2-control,control_stage1-3,egg2,Common,balanced,A,random,5,beetle,2,1,1,2,6,6,6,6,6,6,6,6,0,0,0,40
egg2-control,control_stage1-3,egg2,Common,balanced,A,random,8,stag,1,1,1,1,21,21,21,21,21,21,21,21,0,0,0,178
egg2-math-A,stage4,egg2,Common,math,A,greedy-egg,1,mushroom,200,0,0,200,33.905,33.1254,34.6846,17,26.9,36,42,48,83.325,0,5.435,111.735
egg2-math-A,stage4,egg2,Common,math,A,greedy-egg,2,mushroom|beetle,200,0.015,0.005,200,43.955,42.1154,45.7946,12,30,41,60,85,88.415,0.005,7.27,110.325
egg2-math-A,stage4,egg2,Common,math,A,greedy-egg,3,beetle|mushroom,199,0.0151,0.0101,199,40.1658,38.0001,42.3316,10,21,37,60,86,84.7337,0.1307,6.8693,100.2462
egg2-math-A,stage4,egg2,Common,math,A,greedy-egg,4,brute,197,0.4873,0.3807,197,53.731,50.373,57.0889,6,16.8,61,82,92,46.8426,0.4772,9.0863,236.6802
egg2-math-A,stage4,egg2,Common,math,A,greedy-egg,6,mushroom|beetle,52,0.1154,0.0769,52,38.5962,33.0607,44.1316,4,16.2,37.5,65.9,94,74.8462,0.6154,6.6346,95.3462
egg2-math-A,stage4,egg2,Common,math,A,greedy-egg,8,stag,112,0.9911,0.9911,112,35.8393,30.0989,41.5797,3,12,24,77.4,156,0.7232,0.7411,6.2143,232.7054
egg2-math-A,stage4,egg2,Common,math,A,greedy-egg,5,mushroom|beetle,51,0.098,0.0784,51,38.0196,32.8457,43.1935,8,21,33,64,89,83.0784,0.5294,6.5882,97.7843
egg2-math-A,stage4,egg2,Common,math,A,greedy-egg,7,mushroom|beetle,48,0.0833,0.0417,48,33.4375,28.2614,38.6136,4,17.7,27,64.6,83,85.0625,0.5417,5.875,83.1458
egg2-math-A,stage4,egg2,Common,math,A,greedy,1,mushroom,200,0.005,0.005,200,28.67,27.7006,29.6394,13,20,29,37,44,61.815,0,4.42,123.405
egg2-math-A,stage4,egg2,Common,math,A,greedy,2,beetle|mushroom,199,0.3317,0.2513,199,30.4422,28.1567,32.7277,2,8,30,54,74,52.5377,0,5.0101,106.5176
egg2-math-A,stage4,egg2,Common,math,A,greedy,3,mushroom|beetle,149,0.2215,0.1611,149,28.4899,26.1709,30.809,2,11.8,28,48,85,59.2148,0.0805,4.8054,101.2617
egg2-math-A,stage4,egg2,Common,math,A,greedy,4,brute,125,0.72,0.632,125,31.184,27.5997,34.7683,3,6,27,62.6,81,21.424,0.144,5.256,181.416
egg2-math-A,stage4,egg2,Common,math,A,greedy,5,beetle|mushroom,15,0.1333,0.0667,15,33,23.7118,42.2882,6,12.4,28,59,64,70.8667,0.3333,5.8667,104.6667
egg2-math-A,stage4,egg2,Common,math,A,greedy,6,mushroom|beetle,20,0.35,0.2,20,29.05,21.4703,36.6297,4,11.6,25.5,49.6,66,53.75,0.45,4.95,110.45
egg2-math-A,stage4,egg2,Common,math,A,greedy,7,beetle|mushroom,18,0.1667,0.1667,18,30.5,22.0285,38.9715,6,14.8,23,55.3,72,60.3333,0.5,5.3333,106.3889
egg2-math-A,stage4,egg2,Common,math,A,greedy,8,stag,38,1,1,38,20.5,15.0936,25.9064,3,6,15,36.3,72,0,0.2368,3.5,163
egg2-math-A,stage4,egg2,Common,math,A,random,1,mushroom,200,0.055,0.025,200,29.28,28.3154,30.2446,16,20.9,30,38.1,48,53.405,0,4.53,131.64
egg2-math-A,stage4,egg2,Common,math,A,random,2,mushroom|beetle,195,0.4667,0.3744,195,28.1744,25.7125,30.6362,2,6,28,51,73,43.3538,0.0154,4.6821,106.5949
egg2-math-A,stage4,egg2,Common,math,A,random,3,mushroom|beetle,122,0.2623,0.2049,122,28.418,25.7419,31.0942,2,8.1,26.5,47.9,81,55.5164,0.1475,4.7705,104.541
egg2-math-A,stage4,egg2,Common,math,A,random,4,brute,97,0.8351,0.7629,97,26.2887,22.5676,30.0098,3,7.8,21,50,86,13.5155,0.2371,4.3711,170.3711
egg2-math-A,stage4,egg2,Common,math,A,random,6,mushroom|beetle,8,0.375,0.25,8,25.625,17.4012,33.8488,9,11.1,25.5,36.9,46,36.875,0.625,4.5,100.25
egg2-math-A,stage4,egg2,Common,math,A,random,7,beetle|mushroom,5,0.2,0.2,5,33.8,10.6057,56.9943,4,8,29,61.6,64,52,1.2,6,137.2
egg2-math-A,stage4,egg2,Common,math,A,random,8,stag,14,1,1,14,18,8.376,27.624,3,6,12,39,69,0,0.3571,3.3571,139.0714
egg2-math-A,stage4,egg2,Common,math,A,random,5,beetle|mushroom,8,0.75,0.75,8,15.125,3.4092,26.8408,3,3.7,10.5,29.1,55,25,0,2.625,57.875
egg2-math-B,stage4,egg2,Common,math,B,greedy-egg,1,mushroom,200,0,0,200,111.635,105.7826,117.4874,24,60,108.5,165,260,90.785,0.195,18.04,219.77
egg2-math-B,stage4,egg2,Common,math,B,greedy-egg,2,mushroom|beetle,200,0.055,0.035,200,159.95,150.4539,169.4461,51,82,146,254,374,88.185,1.675,26.635,239.895
egg2-math-B,stage4,egg2,Common,math,B,greedy-egg,3,mushroom|beetle,193,0.0984,0.0777,193,153.9534,141.8019,166.1048,16,30.2,147,261.8,392,80.5648,3.3057,26.1658,229.943
egg2-math-B,stage4,egg2,Common,math,B,greedy-egg,4,brute,178,0.7247,0.7022,178,129.3202,115.8661,142.7744,3,30,114,261.9,391,24.2584,3.1404,21.8989,376.2303
egg2-math-B,stage4,egg2,Common,math,B,greedy-egg,8,stag,44,1,1,44,62.5909,46.802,78.3799,9,21,45,140.4,228,0,1.6591,10.75,271.4318
egg2-math-B,stage4,egg2,Common,math,B,greedy-egg,5,mushroom|beetle,19,0.2632,0.2105,19,82.4211,50.993,113.8491,18,24.6,60,167.2,245,69.2105,1.8947,14.1053,141.7895
egg2-math-B,stage4,egg2,Common,math,B,greedy-egg,7,beetle|mushroom,21,0.1429,0.1429,21,50.0476,22.8556,77.2397,18,22,24,138,274,79.4762,1.7143,8.5238,75
egg2-math-B,stage4,egg2,Common,math,B,greedy-egg,6,beetle|mushroom,20,0.25,0.1,20,76.6,39.415,113.785,8,21.8,30,209.7,274,74.45,2.3,13.25,122.55
egg2-math-B,stage4,egg2,Common,math,B,greedy,1,mushroom,200,0,0,200,53.935,50.5844,57.2856,17,27,49,84,143,79.09,0.01,8.45,156.045
egg2-math-B,stage4,egg2,Common,math,B,greedy,2,beetle|mushroom,200,0.065,0.045,200,55.07,50.8264,59.3136,3,19.9,49.5,94.1,177,78.18,0.135,9.09,118.675
egg2-math-B,stage4,egg2,Common,math,B,greedy,3,mushroom|beetle,191,0.0628,0.0366,191,50.5654,45.953,55.1779,1,16,42,94,151,78.2461,0.534,8.5916,107.2932
egg2-math-B,stage4,egg2,Common,math,B,greedy,4,brute,184,0.4946,0.4076,184,63.8696,57.5381,70.201,2,18,54,128.4,241,40.2935,0.875,10.8315,245.5163
egg2-math-B,stage4,egg2,Common,math,B,greedy,8,stag,93,1,1,93,38.7742,32.4494,45.099,3,9.6,30,77.8,165,0,0.7097,6.5914,211.5161
egg2-math-B,stage4,egg2,Common,math,B,greedy,5,mushroom|beetle,45,0.1556,0.1556,45,61.3556,47.9529,74.7583,2,18,52,130,203,65.0667,1.3333,10.6444,130.6222
egg2-math-B,stage4,egg2,Common,math,B,greedy,6,mushroom|beetle,48,0.1458,0.0833,48,40.2083,30.0554,50.3613,1,3,30.5,99.6,136,68.8958,0.7708,6.7917,87.6667
egg2-math-B,stage4,egg2,Common,math,B,greedy,7,beetle|mushroom,46,0.1522,0.1087,46,53.8913,38.4621,69.3205,2,16.5,37.5,96,330,74.0435,1.4348,9.3913,124.6522
egg2-math-B,stage4,egg2,Common,math,B,random,1,mushroom,200,0.005,0.005,200,55.33,52.0526,58.6074,21,29,51,88.1,172,75.295,0.07,8.62,162.955
egg2-math-B,stage4,egg2,Common,math,B,random,2,beetle|mushroom,199,0.1156,0.0804,199,62.3719,57.2773,67.4664,2,23.8,52,121.2,186,71.9799,0.5477,10.3618,134.6834
egg2-math-B,stage4,egg2,Common,math,B,random,3,beetle|mushroom,183,0.153,0.1257,183,50.541,44.9794,56.1025,1,14.2,40,106.6,228,68.1913,0.8689,8.6885,109.3443
egg2-math-B,stage4,egg2,Common,math,B,random,4,brute,160,0.6687,0.5938,160,50.2813,45.1351,55.4274,1,11.9,42,99.3,162,23.9812,0.9563,8.5687,206.1687
egg2-math-B,stage4,egg2,Common,math,B,random,8,stag,53,1,1,53,33.2264,25.9094,40.5434,6,12,24,75,144,0,0.7547,5.8491,184.717
egg2-math-B,stage4,egg2,Common,math,B,random,6,mushroom|beetle,21,0.1905,0.1905,21,33.9524,19.5961,48.3086,1,3,23,88,124,52.2381,0.7619,5.8571,76.5714
egg2-math-B,stage4,egg2,Common,math,B,random,7,mushroom|beetle,24,0.2083,0.1667,24,29.9167,20.3984,39.4349,3,7.2,24,65.7,103,68.7917,0.5833,5.3333,70.375
egg2-math-B,stage4,egg2,Common,math,B,random,5,beetle|mushroom,25,0.2,0.16,25,40.52,25.5609,55.4791,1,6.6,30,74.8,184,57.36,1.48,6.96,94.2
egg2-science-A,stage4,egg2,Common,science,A,greedy-egg,1,mushroom,200,0,0,200,111.635,105.7826,117.4874,24,60,108.5,165,260,94.105,0.195,18.04,244.635
egg2-science-A,stage4,egg2,Common,science,A,greedy-egg,2,mushroom|beetle,200,0.025,0.02,200,160.4,150.9061,169.8939,51,82,146.5,254,374,92.65,1.695,26.705,288.415
egg2-science-A,stage4,egg2,Common,science,A,greedy-egg,3,mushroom|beetle,196,0.0153,0.0102,196,163.3929,151.2852,175.5005,18,32,161.5,277.5,392,93.0459,3.6276,27.7857,298.301
egg2-science-A,stage4,egg2,Common,science,A,greedy-egg,4,brute,194,0.7113,0.6856,194,152.1959,138.4172,165.9746,15,33,141,290.1,391,27.2835,4.0206,25.8041,637.1907
egg2-science-A,stage4,egg2,Common,science,A,greedy-egg,6,beetle|mushroom,26,0.1154,0.0385,26,96,58.1026,133.8974,12,23,32.5,253.5,323,91.8462,3.1923,16.4231,208.3462
egg2-science-A,stage4,egg2,Common,science,A,greedy-egg,8,stag,54,0.9815,0.9815,54,72.4444,58.9005,85.9884,15,21,60,150.3,210,1.8519,2.1852,12.4259,424.5185
egg2-science-A,stage4,egg2,Common,science,A,greedy-egg,5,mushroom|beetle,29,0.1034,0.1034,29,108.1379,67.7653,148.5106,18,23.6,40,304.2,394,81.6897,3.4828,18.7241,248.4483
egg2-science-A,stage4,egg2,Common,science,A,greedy-egg,7,beetle|mushroom,23,0.1304,0.1304,23,97.9565,53.3231,142.5899,14,24.4,36,270.8,377,84.7826,4.3043,16.7391,222.8696
egg2-science-A,stage4,egg2,Common,science,A,greedy,1,mushroom,200,0,0,200,53.935,50.5844,57.2856,17,27,49,84,143,89.735,0.01,8.45,182.76
egg2-science-A,stage4,egg2,Common,science,A,greedy,2,beetle|mushroom,200,0,0,200,56.16,51.9652,60.3548,3,24,50,94.1,177,91.83,0.14,9.28,159.79
egg2-science-A,stage4,egg2,Common,science,A,greedy,3,mushroom|beetle,200,0.01,0.005,200,52.49,47.9101,57.0699,1,17,43,94.1,187,92.42,0.57,8.91,144.165
egg2-science-A,stage4,egg2,Common,science,A,greedy,4,brute,199,0.4372,0.3417,199,67.3166,61.5699,73.0632,2,24,57,127.4,241,50.4271,0.9698,11.4121,372.0402
egg2-science-A,stage4,egg2,Common,science,A,greedy,8,stag,127,0.9921,0.9843,127,47.5906,40.9722,54.2089,6,15,39,87,231,0.9921,1.0787,8.2362,357.2205
egg2-science-A,stage4,egg2,Common,science,A,greedy,6,mushroom|beetle,57,0.0175,0.0175,57,45.5439,34.0652,57.0225,1,10,31,99.8,264,84.5789,0.9825,7.8596,138.2456
egg2-science-A,stage4,egg2,Common,science,A,greedy,5,mushroom|beetle,54,0.037,0.0185,54,58.8148,47.1497,70.4799,2,13.8,51,122.8,203,86.5556,1.3148,10.1296,167.5556
egg2-science-A,stage4,egg2,Common,science,A,greedy,7,beetle|mushroom,57,0.0351,0.0351,57,52.6316,41.0153,64.2479,2,18.6,35,104.6,221,88.2105,1.193,9.1754,160.2807
egg2-science-A,stage4,egg2,Common,science,A,random,1,mushroom,200,0,0,200,55.335,52.0565,58.6135,21,29,51,88.1,172,88.435,0.07,8.62,197.99
egg2-science-A,stage4,egg2,Common,science,A,random,2,beetle|mushroom,200,0.01,0.005,200,65.075,59.9908,70.1592,14,27,55,124.1,186,89.875,0.58,10.835,188.63
egg2-science-A,stage4,egg2,Common,science,A,random,3,beetle|mushroom,199,0.0352,0.0302,199,53.7337,48.3453,59.122,1,19,44,103.8,239,87.1809,0.9698,9.1608,161.1658
egg2-science-A,stage4,egg2,Common,science,A,random,4,brute,193,0.5751,0.4663,193,62.7772,57.4327,68.1217,2,24,51,121.2,207,37.6528,1.2591,10.715,368.5181
egg2-science-A,stage4,egg2,Common,science,A,random,6,beetle|mushroom,37,0.0811,0.0541,37,45.4595,33.178,57.741,2,5.6,34,91.2,180,75.3784,1.1622,7.8919,157.7838
egg2-science-A,stage4,egg2,Common,science,A,random,8,stag,96,0.9896,0.9896,96,39.2396,32.2437,46.2355,3,12,27,81,183,0.7708,1.0417,6.9479,296.0521
egg2-science-A,stage4,egg2,Common,science,A,random,5,beetle|mushroom,42,0.0714,0.0714,42,48.619,36.1746,61.0635,1,17.1,37.5,95.5,192,77.1667,1.5476,8.3095,158.3571
egg2-science-A,stage4,egg2,Common,science,A,random,7,mushroom|beetle,37,0.0541,0.0541,37,45.2703,32.1889,58.3516,2,12,32,118.4,155,76.9459,1.4324,7.9459,141.8108
egg2-science-B,stage4,egg2,Common,science,B,greedy-egg,1,mushroom,200,0,0,200,111.635,105.7826,117.4874,24,60,108.5,165,260,96.2,0.195,18.04,249.915
egg2-science-B,stage4,egg2,Common,science,B,greedy-egg,2,mushroom|beetle,200,0.025,0.025,200,159.975,150.5697,169.3803,51,82,146.5,253.1,374,93.05,1.695,26.64,265.46
egg2-science-B,stage4,egg2,Common,science,B,greedy-egg,3,mushroom|beetle,195,0.0205,0.0154,195,162.7744,150.7516,174.7971,18,33.4,161,268,392,93.5487,3.6,27.6564,285.559
egg2-science-B,stage4,egg2,Common,science,B,greedy-egg,4,brute,192,0.7552,0.6927,192,146.8229,133.1164,160.5294,12,33,132,269.8,535,25.9479,3.7917,24.9323,620.0313
egg2-science-B,stage4,egg2,Common,science,B,greedy-egg,8,stag,52,0.9808,0.9808,52,68.1346,53.4514,82.8178,15,18,49,143.7,231,1.9231,2.0577,11.9423,395.8462
egg2-science-B,stage4,egg2,Common,science,B,greedy-egg,5,mushroom|beetle,25,0.12,0.12,25,113,70.9436,155.0564,18,26,60,278.6,394,84.8,3.76,19.44,244.28
egg2-science-B,stage4,egg2,Common,science,B,greedy-egg,7,beetle|mushroom,21,0.0952,0.0952,21,135.4762,82.1384,188.814,16,22,91,330,377,85.0952,5.8571,23.4286,290.3333
egg2-science-B,stage4,egg2,Common,science,B,greedy-egg,6,mushroom|beetle,24,0.125,0.0833,24,88.2083,55.7005,120.7162,22,27,38,198,323,86.2083,2.875,15.2083,196.375
egg2-science-B,stage4,egg2,Common,science,B,greedy,1,mushroom,200,0,0,200,53.935,50.5844,57.2856,17,27,49,84,143,90.425,0.01,8.45,196.805
egg2-science-B,stage4,egg2,Common,science,B,greedy,2,beetle|mushroom,200,0,0,200,56.16,51.9652,60.3548,3,24,50,94.1,177,92.27,0.14,9.28,160.835
egg2-science-B,stage4,egg2,Common,science,B,greedy,3,mushroom|beetle,200,0.015,0.01,200,52.035,47.6728,56.3972,1,17.9,43,94,156,92.435,0.53,8.83,142.915
egg2-science-B,stage4,egg2,Common,science,B,greedy,4,brute,198,0.4495,0.3687,198,66.6313,60.9565,72.3061,2,21,59,121.5,241,48.5657,0.9242,11.3434,374.5455
egg2-science-B,stage4,egg2,Common,science,B,greedy,8,stag,118,1,1,118,39.8814,33.5603,46.2024,3,12,27,87,198,0,0.9322,7.0169,316.7458
egg2-science-B,stage4,egg2,Common,science,B,greedy,6,mushroom|beetle,52,0.0769,0.0577,52,46.6923,32.5464,60.8382,1,7.3,34,97.4,337,85.2308,1.0769,8.0769,144.8846
egg2-science-B,stage4,egg2,Common,science,B,greedy,7,beetle|mushroom,53,0.0377,0.0377,53,54.9623,42.4757,67.4488,2,19.6,34,110.2,221,85.3208,1.3396,9.6226,178
egg2-science-B,stage4,egg2,Common,science,B,greedy,5,mushroom|beetle,44,0.0682,0.0455,44,62.0227,48.8865,75.159,2,15.1,53.5,122.8,203,84.4773,1.3182,10.7273,181.1591
egg2-science-B,stage4,egg2,Common,science,B,random,1,mushroom,200,0,0,200,55.335,52.0565,58.6135,21,29,51,88.1,172,90.22,0.07,8.62,212.835
egg2-science-B,stage4,egg2,Common,science,B,random,2,beetle|mushroom,200,0.015,0.01,200,64.895,59.8403,69.9497,14,27,55,123.1,186,89.56,0.575,10.805,188.33
egg2-science-B,stage4,egg2,Common,science,B,random,3,beetle|mushroom,198,0.0556,0.0505,198,53.6465,48.2498,59.0431,1,19,44.5,104.2,239,86.7374,0.9798,9.1616,164.3182
egg2-science-B,stage4,egg2,Common,science,B,random,4,brute,188,0.5904,0.5213,188,62.7234,57.0013,68.4455,9,23.4,51,124.5,194,33.4894,1.2872,10.8191,368.5372
egg2-science-B,stage4,egg2,Common,science,B,random,7,beetle|mushroom,30,0.0333,0,30,51.2333,36.5267,65.9399,3,17.9,36.5,119.6,155,80.3,1.4667,8.8333,156.2333
egg2-science-B,stage4,egg2,Common,science,B,random,8,stag,84,1,1,84,35.7619,29.141,42.3828,3,12,27,74.1,183,0,0.9048,6.4405,284.2143
egg2-science-B,stage4,egg2,Common,science,B,random,6,mushroom|beetle,28,0.1071,0.0714,28,52.1786,37.3586,66.9986,2,15,40,100.5,180,75.3571,1.3214,9.1429,176.7143
egg2-science-B,stage4,egg2,Common,science,B,random,5,mushroom|beetle,32,0.125,0.125,32,50.6563,35.4406,65.8719,1,10.6,41,95.5,192,75.7813,1.7188,8.7188,162.2813
egg3-balanced-A,stage4,egg3,Legendary,balanced,A,greedy-egg,1,mushroom,200,0,0,200,10.67,10.3984,10.9416,6,7.9,10,13,15,105.89,0,1.89,36.64
egg3-balanced-A,stage4,egg3,Legendary,balanced,A,greedy-egg,2,mushroom|beetle,200,0,0,200,11.135,10.5736,11.6964,2,6,10,17,22,107.275,0,2.11,33.365
egg3-balanced-A,stage4,egg3,Legendary,balanced,A,greedy-egg,3,beetle|mushroom,200,0.005,0.005,200,9.43,8.8782,9.9818,1,4,10,14.1,20,107.835,0,1.835,28.015
egg3-balanced-A,stage4,egg3,Legendary,balanced,A,greedy-egg,4,brute,199,0.0352,0.0302,199,13.206,12.4717,13.9403,2,6,13,19,25,102.3467,0.005,2.6482,61.8995
egg3-balanced-A,stage4,egg3,Legendary,balanced,A,greedy-egg,6,beetle|mushroom,85,0.0118,0.0118,85,8.1059,7.1125,9.0993,1,2,9,13.6,18,109.8941,0,1.6118,23.7059
egg3-balanced-A,stage4,egg3,Legendary,balanced,A,greedy-egg,8,stag,192,0.1667,0.1302,192,39.7708,37.7778,41.7639,6,24,40,55.9,96,96.7292,0.1979,8.4427,171.7083
egg3-balanced-A,stage4,egg3,Legendary,balanced,A,greedy-egg,7,beetle|mushroom,83,0,0,83,9,7.8646,10.1354,1,2,10,15,22,109.9036,0,1.9036,27.3133
egg3-balanced-A,stage4,egg3,Legendary,balanced,A,greedy-egg,5,beetle|mushroom,80,0,0,80,9.5375,8.4229,10.6521,1,2,10,16,24,110.8875,0,1.8875,25.6625
egg3-balanced-A,stage4,egg3,Legendary,balanced,A,greedy,1,mushroom,200,0,0,200,12.85,12.4683,13.2317,7,10,12,15.1,20,95.82,0,2.325,52.895
egg3-balanced-A,stage4,egg3,Legendary,balanced,A,greedy,2,mushroom|beetle,200,0.005,0.005,200,14.7,14.0499,15.3501,5,9,14,22,31,90.495,0,2.84,53.225
egg3-balanced-A,stage4,egg3,Legendary,balanced,A,greedy,3,beetle|mushroom,199,0.0352,0.0101,199,12.8844,12.0636,13.7052,1,5.8,13,20.2,30,90.4975,0,2.5829,43.1106
egg3-balanced-A,stage4,egg3,Legendary,balanced,A,greedy,4,brute,197,0.2132,0.1624,197,17.0051,15.9677,18.0425,3,6,17,27,39,74.0508,0.0152,3.3706,92.3452
egg3-balanced-A,stage4,egg3,Legendary,balanced,A,greedy,5,beetle|mushroom,57,0.0351,0.0351,57,12.2982,10.7115,13.885,2,3,12,20.4,25,89.7719,0,2.5439,40.8947
egg3-balanced-A,stage4,egg3,Legendary,balanced,A,greedy,6,mushroom|beetle,54,0.0556,0.0185,54,13.6296,11.8923,15.3669,1,5,13.5,21,29,97,0.0185,2.6667,46.5556
egg3-balanced-A,stage4,egg3,Legendary,balanced,A,greedy,8,stag,161,0.5901,0.5031,161,48.8509,44.4695,53.2323,3,12,48,87,145,50.8137,0.5776,10.4534,302.6894
egg3-balanced-A,stage4,egg3,Legendary,balanced,A,greedy,7,mushroom|beetle,68,0.0147,0.0147,68,11.9853,10.4562,13.5144,2,4,11.5,19.3,32,97.3676,0.0147,2.5735,40.0588
egg3-balanced-A,stage4,egg3,Legendary,balanced,A,random,1,mushroom,200,0,0,200,13.315,12.9555,13.6745,7,10,14,16,20,94.085,0,2.445,57.92
egg3-balanced-A,stage4,egg3,Legendary,balanced,A,random,2,mushroom|beetle,200,0,0,200,15.29,14.5551,16.0249,4,9,15,23,31,91.86,0,2.98,55.395
egg3-balanced-A,stage4,egg3,Legendary,balanced,A,random,3,mushroom|beetle,200,0.035,0.025,200,13.365,12.6682,14.0618,2,7.9,13,20,30,88.085,0.01,2.635,46.995
egg3-balanced-A,stage4,egg3,Legendary,balanced,A,random,4,brute,195,0.2205,0.1897,195,17.5692,16.5276,18.6108,2,6,18,27,34,68.2462,0.0359,3.5538,100.5282
egg3-balanced-A,stage4,egg3,Legendary,balanced,A,random,5,beetle|mushroom,65,0.0923,0.0769,65,13.7077,12.5069,14.9085,4,6.4,13,20,25,84.5538,0,2.6923,47.8769
egg3-balanced-A,stage4,egg3,Legendary,balanced,A,random,8,stag,150,0.6867,0.62,150,47.2533,42.8794,51.6272,3,12,47.5,81.1,129,36.4467,0.7067,10.2,310.3533
egg3-balanced-A,stage4,egg3,Legendary,balanced,A,random,7,mushroom|beetle,55,0.0182,0,55,13,11.505,14.495,1,5,13,19,25,95.3455,0.0727,2.5455,42.5818
egg3-balanced-A,stage4,egg3,Legendary,balanced,A,random,6,mushroom|beetle,68,0.0441,0.0441,68,13.8088,12.4491,15.1685,2,5,15,21,24,91.8824,0.0294,2.9118,47.8235
egg3-balanced-B,stage4,egg3,Legendary,balanced,B,greedy-egg,1,mushroom,200,0,0,200,15.925,15.4299,16.4201,8,12,16,21,25,113.755,0,2.58,39.72
egg3-balanced-B,stage4,egg3,Legendary,balanced,B,greedy-egg,2,mushroom|beetle,200,0,0,200,15.48,14.7735,16.1865,2,9,16,22.1,28,114.14,0,3.06,20.38
egg3-balanced-B,stage4,egg3,Legendary,balanced,B,greedy-egg,3,mushroom|beetle,200,0,0,200,14.365,13.4944,15.2356,1,5.9,15,22.1,30,114.22,0,2.92,18.685
egg3-balanced-B,stage4,egg3,Legendary,balanced,B,greedy-egg,4,brute,200,0,0,200,15.94,15.07,16.81,1,8,16,24,29,113.565,0.005,3.165,27.29
egg3-balanced-B,stage4,egg3,Legendary,balanced,B,greedy-egg,5,mushroom|beetle,81,0,0,81,13.5926,12.1473,15.0379,1,4,14,24,34,114.0494,0.0123,2.8272,15.9877
egg3-balanced-B,stage4,egg3,Legendary,balanced,B,greedy-egg,6,beetle|mushroom,71,0,0,71,12.338,10.7921,13.884,1,4,12,19,33,114.3099,0,2.4789,14.4789
egg3-balanced-B,stage4,egg3,Legendary,balanced,B,greedy-egg,8,stag,200,0.11,0.085,200,50.08,47.9286,52.2314,24,32,47.5,70,108,104.455,0.65,10.595,99.54
egg3-balanced-B,stage4,egg3,Legendary,balanced,B,greedy-egg,7,beetle|mushroom,86,0,0,86,10.5465,9.2703,11.8227,1,3,10,18,27,114.407,0,2.1279,12.0349
egg3-balanced-B,stage4,egg3,Legendary,balanced,B,greedy,1,mushroom,200,0,0,200,20.885,20.1072,21.6628,9,14,20,29,38,110.985,0,3.575,55.785
egg3-balanced-B,stage4,egg3,Legendary,balanced,B,greedy,2,mushroom|beetle,200,0,0,200,20.545,19.595,21.495,2,12,19.5,30,36,112.53,0,4.08,30.535
egg3-balanced-B,stage4,egg3,Legendary,balanced,B,greedy,3,beetle|mushroom,200,0,0,200,16,14.8229,17.1771,1,3.9,16,27,45,113.475,0.015,3.23,24.05
egg3-balanced-B,stage4,egg3,Legendary,balanced,B,greedy,4,brute,200,0,0,200,22.555,21.4224,23.6876,4,12,22.5,33,43,112.42,0.01,4.53,47.96
egg3-balanced-B,stage4,egg3,Legendary,balanced,B,greedy,6,mushroom|beetle,97,0,0,97,13.701,12.3219,15.0801,1,4.6,14,20.4,37,112.0515,0.0206,2.8454,21.7938
egg3-balanced-B,stage4,egg3,Legendary,balanced,B,greedy,8,stag,200,0.21,0.18,200,59.83,57.2241,62.4359,18,39.9,57,87,125,92.855,0.995,12.72,151.8
egg3-balanced-B,stage4,egg3,Legendary,balanced,B,greedy,5,beetle|mushroom,74,0,0,74,14.6892,12.8474,16.5309,1,3.3,15,25.7,34,114.0135,0,2.973,19.5135
egg3-balanced-B,stage4,egg3,Legendary,balanced,B,greedy,7,beetle|mushroom,79,0,0,79,13.9747,12.372,15.5773,1,4,14,24,33,113.0506,0.0253,2.8228,21.2025
egg3-balanced-B,stage4,egg3,Legendary,balanced,B,random,1,mushroom,200,0,0,200,22.005,21.2628,22.7472,11,15,22,29,39,111.68,0,3.8,62.47
egg3-balanced-B,stage4,egg3,Legendary,balanced,B,random,2,beetle|mushroom,200,0,0,200,21.49,20.3772,22.6028,4,11,21.5,31,49,112.86,0.01,4.25,31.375
egg3-balanced-B,stage4,egg3,Legendary,balanced,B,random,3,mushroom|beetle,200,0,0,200,17.14,16.0968,18.1832,1,8,17,26,49,111.88,0.015,3.505,27.84
egg3-balanced-B,stage4,egg3,Legendary,balanced,B,random,4,brute,200,0.005,0,200,23.285,22.2092,24.3608,3,13,23,33.1,42,111.4,0.11,4.675,50.67
egg3-balanced-B,stage4,egg3,Legendary,balanced,B,random,5,mushroom|beetle,86,0,0,86,16.2674,14.6311,17.9037,2,6,16,26,38,111.8372,0.0349,3.3721,23.686
egg3-balanced-B,stage4,egg3,Legendary,balanced,B,random,8,stag,199,0.3367,0.2814,199,63.5779,60.4335,66.7223,18,37.8,60,94,139,80.6834,1.3618,13.3719,188.5276
egg3-balanced-B,stage4,egg3,Legendary,balanced,B,random,6,beetle|mushroom,85,0,0,85,14.4353,12.4733,16.3973,1,3,13,28,35,111.6353,0.1412,2.9529,24.3059
egg3-balanced-B,stage4,egg3,Legendary,balanced,B,random,7,beetle|mushroom,67,0.0149,0.0149,67,13.9403,12.1234,15.7572,1,4,13,24,33,111,0.0896,2.9254,22.3582
egg3-control,control_stage1-3,egg3,Legendary,balanced,A,greedy-egg,1,mushroom,200,0,0,200,17.005,16.3757,17.6343,7,11.9,17,22,41,89.305,0,0,61.325
egg3-control,control_stage1-3,egg3,Legendary,balanced,A,greedy-egg,2,mushroom|beetle,200,0.01,0.005,200,16.415,15.5006,17.3294,2,8,16,24,33,93.495,0,0,47.305
egg3-control,control_stage1-3,egg3,Legendary,balanced,A,greedy-egg,3,beetle|mushroom,199,0,0,199,15.9899,15.0313,16.9486,1,6,16,24,35,94.8291,0,0,48.5628
egg3-control,control_stage1-3,egg3,Legendary,balanced,A,greedy-egg,4,brute,199,0.1357,0.0905,199,18.5176,17.4815,19.5536,1,9,18,29,39,81.0704,0,0,89.5628
egg3-control,control_stage1-3,egg3,Legendary,balanced,A,greedy-egg,5,beetle|mushroom,73,0.0274,0.0274,73,16.1096,14.2773,17.9418,1,3.2,18,25.8,29,92.9452,0,0,49.4932
egg3-control,control_stage1-3,egg3,Legendary,balanced,A,greedy-egg,7,mushroom|beetle,75,0.0133,0.0133,75,14.2933,12.5234,16.0632,1,2,15,24.6,32,94.1867,0.0133,0,42.9867
egg3-control,control_stage1-3,egg3,Legendary,balanced,A,greedy-egg,8,stag,177,0.7006,0.6045,177,43.1921,39.2655,47.1187,9,12,48,78,105,36.5367,0.1808,0,239.7797
egg3-control,control_stage1-3,egg3,Legendary,balanced,A,greedy-egg,6,beetle|mushroom,75,0.0133,0.0133,75,16.8,14.9367,18.6633,1,3,17,28,35,94.5733,0.0133,0,50.8267
egg3-control,control_stage1-3,egg3,Legendary,balanced,A,greedy,1,mushroom,200,0.02,0.015,200,25.94,24.6074,27.2726,8,16,24,37.2,66,69.915,0,0,110.825
egg3-control,control_stage1-3,egg3,Legendary,balanced,A,greedy,2,beetle|mushroom,197,0.2284,0.1675,197,23.6447,21.8368,25.4525,2,6,22,42,57,62.6345,0.0051,0,87.3096
egg3-control,control_stage1-3,egg3,Legendary,balanced,A,greedy,3,mushroom|beetle,164,0.1585,0.128,164,23.939,21.899,25.979,1,9,22,41,64,67.2805,0.0183,0,86.5976
egg3-control,control_stage1-3,egg3,Legendary,balanced,A,greedy,4,brute,143,0.6084,0.5664,143,22.028,19.7521,24.3038,3,6.2,18,42.8,67,33.8392,0.021,0,135.3427
egg3-control,control_stage1-3,egg3,Legendary,balanced,A,greedy,7,beetle|mushroom,26,0.0769,0.0385,26,26.1154,21.8401,30.3907,5,13.5,26.5,41,52,77.2692,0.0769,0,96.6538
egg3-control,control_stage1-3,egg3,Legendary,balanced,A,greedy,8,stag,59,0.9661,0.9661,59,24.9661,19.0477,30.8845,3,8.4,18,53.4,108,3.3729,0.0847,0,197.7966
egg3-control,control_stage1-3,egg3,Legendary,balanced,A,greedy,5,beetle|mushroom,19,0.1579,0.0526,19,21.8947,16.6533,27.1362,1,4,24,34,42,67.9474,0.0526,0,82.2105
egg3-control,control_stage1-3,egg3,Legendary,balanced,A,greedy,6,mushroom|beetle,21,0.0476,0.0476,21,19.5714,15.2464,23.8965,1,4,19,33,37,84.3333,0,0,59.7143
egg3-control,control_stage1-3,egg3,Legendary,balanced,A,random,1,mushroom,200,0.08,0.045,200,26.61,25.4381,27.7819,9,17,25,37.1,56,63.7,0,0,118.08
egg3-control,control_stage1-3,egg3,Legendary,balanced,A,random,2,beetle|mushroom,191,0.2932,0.2199,191,25.5602,23.7544,27.366,2,10,25,40,72,58.4712,0.0262,0,96.089
egg3-control,control_stage1-3,egg3,Legendary,balanced,A,random,3,beetle|mushroom,149,0.2148,0.1678,149,23.0067,20.9239,25.0895,1,6,22,41,63,64.2081,0.0537,0,86.6443
egg3-control,control_stage1-3,egg3,Legendary,balanced,A,random,4,brute,124,0.5887,0.5403,124,24.5161,21.8995,27.1328,3,6,23.5,44.7,60,37.1774,0.0484,0,154.6371
egg3-control,control_stage1-3,egg3,Legendary,balanced,A,random,6,beetle|mushroom,22,0.2727,0.1818,22,20.4545,15.4091,25.5,2,5.2,20,35.3,53,66.9091,0.2273,0,78.0455
egg3-control,control_stage1-3,egg3,Legendary,balanced,A,random,7,mushroom|beetle,20,0.3,0.2,20,21,15.151,26.849,1,5.9,21,38.4,47,61.7,0.05,0,83.65
egg3-control,control_stage1-3,egg3,Legendary,balanced,A,random,8,stag,43,1,1,43,25.7209,19.4559,31.986,6,9,15,64.8,81,0,0.186,0,204.4651
egg3-control,control_stage1-3,egg3,Legendary,balanced,A,random,5,beetle|mushroom,29,0.2069,0.2069,29,21.8276,16.4528,27.2024,1,4,22,38.8,58,64.6207,0.1379,0,86.7931
egg3-math-A,stage4,egg3,Legendary,math,A,greedy-egg,1,mushroom,200,0,0,200,9.91,9.6812,10.1388,6,8,10,12,15,101.95,0,1.675,38.12
egg3-math-A,stage4,egg3,Legendary,math,A,greedy-egg,2,mushroom|beetle,200,0,0,200,10.82,10.4176,11.2224,5,7,10,15,18,100.015,0,2.095,33.295
egg3-math-A,stage4,egg3,Legendary,math,A,greedy-egg,3,mushroom|beetle,200,0,0,200,9.35,8.8649,9.8351,2,5,10,14,20,103.325,0,1.855,28.785
egg3-math-A,stage4,egg3,Legendary,math,A,greedy-egg,4,brute,200,0.045,0.025,200,13.765,13.1666,14.3634,2,8,14,19,27,89.23,0,2.765,71.105
egg3-math-A,stage4,egg3,Legendary,math,A,greedy-egg,5,beetle|mushroom,76,0,0,76,9.75,8.6783,10.8217,2,3,10,16.5,20,99.7237,0,2.0395,31.4474
egg3-math-A,stage4,egg3,Legendary,math,A,greedy-egg,7,mushroom|beetle,68,0.0147,0.0147,68,8.5882,7.578,9.5985,2,3,8,15,17,105.4265,0,1.75,28.7794
egg3-math-A,stage4,egg3,Legendary,math,A,greedy-egg,8,stag,194,0.3351,0.2629,194,33.4021,31.6422,35.1619,6,18,31,51,70,81.366,0.1959,6.8299,178.4175
egg3-math-A,stage4,egg3,Legendary,math,A,greedy-egg,6,beetle|mushroom,80,0,0,80,8.1875,7.2506,9.1244,1,2.9,8.5,14,19,103.35,0,1.6,26.6875
egg3-math-A,stage4,egg3,Legendary,math,A,greedy,1,mushroom,200,0,0,200,11.82,11.4981,12.1419,6,9.9,11,15,15,93.05,0,2.1,51.035
egg3-math-A,stage4,egg3,Legendary,math,A,greedy,2,mushroom|beetle,200,0,0,200,13.325,12.7227,13.9273,5,8.9,12,20,29,82.32,0,2.685,52.29
egg3-math-A,stage4,egg3,Legendary,math,A,greedy,3,beetle|mushroom,200,0.06,0.04,200,12.34,11.6912,12.9888,2,7,11.5,18,26,80.095,0,2.39,44.605
egg3-math-A,stage4,egg3,Legendary,math,A,greedy,4,brute,192,0.3073,0.224,192,16.3594,15.4938,17.225,3,8,17,24,35,60.9375,0.0104,3.2917,98.5833
egg3-math-A,stage4,egg3,Legendary,math,A,greedy,8,stag,139,0.7266,0.6619,139,38.7626,34.7326,42.7926,3,11.4,36,75,99,34.0288,0.4964,8.0576,272.1942
egg3-math-A,stage4,egg3,Legendary,math,A,greedy,7,mushroom|beetle,61,0.0492,0.0492,61,11.7705,10.3279,13.2131,2,6,12,20,30,92.3934,0,2.3279,39
egg3-math-A,stage4,egg3,Legendary,math,A,greedy,5,mushroom|beetle,60,0.1167,0.0833,60,12.3667,10.7623,13.971,1,4,12.5,21.1,28,76.7,0.0333,2.55,42.4833
egg3-math-A,stage4,egg3,Legendary,math,A,greedy,6,mushroom|beetle,52,0.0962,0.0385,52,11.0577,9.6312,12.4842,1,3.2,11,17.9,20,90.25,0,2.2692,38.6154
egg3-math-A,stage4,egg3,Legendary,math,A,random,1,mushroom,200,0,0,200,12.13,11.805,12.455,7,10,12,15,15,88.335,0,2.17,55.295
egg3-math-A,stage4,egg3,Legendary,math,A,random,2,mushroom|beetle,200,0.01,0.005,200,13.485,12.8764,14.0936,4,8,12.5,20,25,74.23,0,2.67,54.985
egg3-math-A,stage4,egg3,Legendary,math,A,random,3,mushroom|beetle,199,0.1106,0.0804,199,12.402,11.7168,13.0872,3,6,12,19,27,68.799,0,2.4824,48.1709
egg3-math-A,stage4,egg3,Legendary,math,A,random,4,brute,183,0.4973,0.3934,183,15.9836,14.9839,16.9833,3,6,17,25,33,43.4044,0.0164,3.1257,103.7814
egg3-math-A,stage4,egg3,Legendary,math,A,random,8,stag,94,0.8511,0.8298,94,27.3936,23.1195,31.6677,3,9,21,51,103,17.0106,0.4787,5.6489,221.5426
egg3-math-A,stage4,egg3,Legendary,math,A,random,5,mushroom|beetle,49,0.1837,0.1429,49,11.8571,10.1655,13.5488,3,4.8,13,19.6,24,77.3469,0.0204,2.3673,46.5918
egg3-math-A,stage4,egg3,Legendary,math,A,random,6,mushroom|beetle,51,0.1765,0.1176,51,12.0196,10.3834,13.6558,2,5,12,20,27,82.5294,0.098,2.5294,46.6275
egg3-math-A,stage4,egg3,Legendary,math,A,random,7,mushroom|beetle,39,0.1026,0.1026,39,11.7692,10.2192,13.3193,2,4.8,12,18,24,79.0513,0.0769,2.5641,46.2051
egg3-math-B,stage4,egg3,Legendary,math,B,greedy-egg,1,mushroom,200,0,0,200,17.19,16.5967,17.7833,8,12,17,23,30,113.17,0,2.84,43.245
egg3-math-B,stage4,egg3,Legendary,math,B,greedy-egg,2,beetle|mushroom,200,0,0,200,17.18,16.2814,18.0786,1,9,17.5,25,35,113.705,0,3.37,24.79
egg3-math-B,stage4,egg3,Legendary,math,B,greedy-egg,3,mushroom|beetle,200,0,0,200,13.165,12.0743,14.2557,1,2,13,23,33,114.235,0.005,2.68,17.295
egg3-math-B,stage4,egg3,Legendary,math,B,greedy-egg,4,brute,200,0,0,200,19.155,17.9033,20.4067,1,6.9,19,30,43,113.405,0.005,3.765,37.76
egg3-math-B,stage4,egg3,Legendary,math,B,greedy-egg,7,mushroom|beetle,73,0,0,73,10.9589,9.4948,12.423,2,3,11,21,28,114.137,0.0137,2.2329,15.2055
egg3-math-B,stage4,egg3,Legendary,math,B,greedy-egg,8,stag,200,0.19,0.165,200,49.24,46.8975,51.5825,17,30,47,72.1,100,95.085,0.7,10.35,120.385
egg3-math-B,stage4,egg3,Legendary,math,B,greedy-egg,5,mushroom|beetle,78,0,0,78,11.359,9.6707,13.0472,1,2,11.5,19,43,114.2692,0.0128,2.3974,15.8333
egg3-math-B,stage4,egg3,Legendary,math,B,greedy-egg,6,beetle|mushroom,78,0,0,78,11.5,9.8309,13.1691,1,2,11,23,31,114.4103,0,2.3846,14.6282
egg3-math-B,stage4,egg3,Legendary,math,B,greedy,1,mushroom,200,0,0,200,26.33,25.0342,27.6258,9,16,24.5,38.2,64,105.725,0,4.665,74.055
egg3-math-B,stage4,egg3,Legendary,math,B,greedy,2,mushroom|beetle,200,0,0,200,26.79,25.2556,28.3244,1,14.9,25,43.1,72,107.505,0.005,5.305,46.79
egg3-math-B,stage4,egg3,Legendary,math,B,greedy,3,beetle|mushroom,200,0,0,200,21.39,19.7784,23.0016,1,7.8,20,36,65,107.64,0.04,4.385,36
egg3-math-B,stage4,egg3,Legendary,math,B,greedy,4,brute,200,0,0,200,28.405,26.0746,30.7354,2,9,25,49.2,98,107.445,0.135,5.75,66.53
egg3-math-B,stage4,egg3,Legendary,math,B,greedy,5,beetle|mushroom,77,0.013,0.013,77,18.1429,15.4741,20.8116,1,3,18,29,68,102.6494,0.1429,3.7273,30.1688
egg3-math-B,stage4,egg3,Legendary,math,B,greedy,6,beetle|mushroom,79,0,0,79,21.5443,18.44,24.6486,1,6.8,18,40.4,60,108.7975,0.1772,4.5063,30.8861
egg3-math-B,stage4,egg3,Legendary,math,B,greedy,8,stag,198,0.6263,0.5859,198,74.0505,68.6308,79.4702,8,32,63,131.6,206,39.3535,2.0606,15.5202,269.7626
egg3-math-B,stage4,egg3,Legendary,math,B,greedy,7,beetle|mushroom,65,0.0154,0.0154,65,19.1692,16.1135,22.2249,2,7.4,17,33.4,83,108.0154,0.1385,4.0154,35.0615
egg3-math-B,stage4,egg3,Legendary,math,B,random,1,mushroom,200,0,0,200,27.555,26.3342,28.7758,13,17.9,26,40,60,106.425,0,4.89,79.08
egg3-math-B,stage4,egg3,Legendary,math,B,random,2,beetle|mushroom,200,0,0,200,27.595,26.0104,29.1796,4,15,27,41.1,74,106.425,0.08,5.5,49.355
egg3-math-B,stage4,egg3,Legendary,math,B,random,3,beetle|mushroom,200,0,0,200,21.695,19.9382,23.4518,1,5,20,39.1,77,107.22,0.145,4.39,39.755
egg3-math-B,stage4,egg3,Legendary,math,B,random,4,brute,200,0.045,0.025,200,31.695,29.3246,34.0654,1,14,30,51,128,99.91,0.3,6.46,84.215
egg3-math-B,stage4,egg3,Legendary,math,B,random,5,beetle|mushroom,84,0.0238,0.0238,84,22.5476,19.315,25.7802,1,5,20.5,43,62,103.8929,0.369,4.6667,40.7381
egg3-math-B,stage4,egg3,Legendary,math,B,random,8,stag,192,0.7135,0.651,192,60.3125,55.5554,65.0696,6,26.1,53,106.8,215,35.0156,1.6979,12.6354,231.6563
egg3-math-B,stage4,egg3,Legendary,math,B,random,6,mushroom|beetle,71,0.0141,0.0141,71,22,18.7566,25.2434,2,4,21,38,72,102.9155,0.3803,4.5493,41.338
egg3-math-B,stage4,egg3,Legendary,math,B,random,7,beetle|mushroom,76,0,0,76,21.6579,17.8492,25.4665,2,8,17,41.5,89,100.6842,0.5,4.5132,40.5
egg3-science-A,stage4,egg3,Legendary,science,A,greedy-egg,1,mushroom,200,0,0,200,10.67,10.4476,10.8924,7,9,10,13,17,112.75,0,1.665,32.755
egg3-science-A,stage4,egg3,Legendary,science,A,greedy-egg,2,beetle|mushroom,200,0,0,200,11.835,11.4057,12.2643,4,8,11,16,20,113.76,0,2.35,23.975
egg3-science-A,stage4,egg3,Legendary,science,A,greedy-egg,3,mushroom|beetle,200,0,0,200,9.46,8.9398,9.9802,2,4.9,10,15,18,114.16,0,1.875,20.62
egg3-science-A,stage4,egg3,Legendary,science,A,greedy-egg,4,brute,200,0,0,200,14.945,14.4144,15.4756,3,10,16,19,23,113.2,0,2.965,51.895
egg3-science-A,stage4,egg3,Legendary,science,A,greedy-egg,5,beetle|mushroom,76,0,0,76,9.2237,8.3047,10.1427,2,4,9.5,14,19,113.5921,0,1.7368,23.8421
egg3-science-A,stage4,egg3,Legendary,science,A,greedy-egg,8,stag,200,0.14,0.11,200,44.36,42.7449,45.9751,12,30.9,43,60.1,79,101.35,0.4,9.415,145.305
egg3-science-A,stage4,egg3,Legendary,science,A,greedy-egg,6,beetle|mushroom,87,0,0,87,9.5402,8.6739,10.4065,2,4,10,15,18,114.1839,0,1.8276,18.2989
egg3-science-A,stage4,egg3,Legendary,science,A,greedy-egg,7,mushroom|beetle,70,0,0,70,8.7714,7.7592,9.7837,2,2.9,9,15,18,114.1571,0,1.8,19
egg3-science-A,stage4,egg3,Legendary,science,A,greedy,1,mushroom,200,0,0,200,11.645,11.3325,11.9575,7,9,11,15,18,111.06,0,1.925,40.355
egg3-science-A,stage4,egg3,Legendary,science,A,greedy,2,mushroom|beetle,200,0,0,200,13.01,12.5029,13.5171,3,9,13,17,28,110.885,0,2.5,34.835
egg3-science-A,stage4,egg3,Legendary,science,A,greedy,3,mushroom|beetle,200,0,0,200,10.8,10.2001,11.3999,2,5,11,17,21,111.335,0,2.195,25.445
egg3-science-A,stage4,egg3,Legendary,science,A,greedy,4,brute,200,0.005,0.005,200,15.255,14.5775,15.9325,2,8,16,21,25,109.28,0.005,3.005,61.205
egg3-science-A,stage4,egg3,Legendary,science,A,greedy,8,stag,199,0.1759,0.1658,199,43.1658,41.4233,44.9084,12,30,42,58,98,93.9548,0.3668,9.1508,161.3015
egg3-science-A,stage4,egg3,Legendary,science,A,greedy,5,mushroom|beetle,79,0,0,79,9.9747,8.8553,11.0941,1,3,11,16,23,111.6456,0.0127,2.0253,24.8608
egg3-science-A,stage4,egg3,Legendary,science,A,greedy,6,mushroom|beetle,78,0,0,78,9.5641,8.4316,10.6966,1,3,9.5,16,24,112.2308,0,1.9231,24.3462
egg3-science-A,stage4,egg3,Legendary,science,A,greedy,7,mushroom|beetle,92,0,0,92,9.3587,8.3587,10.3587,2,3,10,16,19,113.5978,0,1.9348,21.2826
egg3-science-A,stage4,egg3,Legendary,science,A,random,1,mushroom,200,0,0,200,12.89,12.5586,13.2214,7,10,13,16,21,106.885,0,2.105,48.54
egg3-science-A,stage4,egg3,Legendary,science,A,random,2,beetle|mushroom,200,0,0,200,13.445,12.8829,14.0071,6,8,13,19,25,110.17,0,2.685,36.85
egg3-science-A,stage4,egg3,Legendary,science,A,random,3,mushroom|beetle,200,0,0,200,10.855,10.2408,11.4692,2,5,11,16,24,111.51,0.005,2.18,30.17
egg3-science-A,stage4,egg3,Legendary,science,A,random,4,brute,200,0.01,0.01,200,16.065,15.3815,16.7485,2,9,17,21,27,106.795,0,3.26,69.32
egg3-science-A,stage4,egg3,Legendary,science,A,random,5,mushroom|beetle,76,0,0,76,10.5,9.271,11.729,1,3.5,11,17,26,111.7632,0,2.1316,30.1184
egg3-science-A,stage4,egg3,Legendary,science,A,random,6,mushroom|beetle,71,0,0,71,10.7606,9.6193,11.9018,4,5,10,17,23,112.6338,0,2.1408,31.493
egg3-science-A,stage4,egg3,Legendary,science,A,random,8,stag,198,0.2778,0.2071,198,45.8131,43.8709,47.7554,12,30,46,63,83,88.2374,0.6414,9.6768,192.8333
egg3-science-A,stage4,egg3,Legendary,science,A,random,7,beetle|mushroom,74,0,0,74,10.1486,9.0558,11.2415,1,4,10,16,23,112.8243,0.0135,1.9865,27.1892
egg3-science-B,stage4,egg3,Legendary,science,B,greedy-egg,1,mushroom,200,0,0,200,17.395,16.8095,17.9805,8,12,17,23,39,108.46,0,2.875,60.46
egg3-science-B,stage4,egg3,Legendary,science,B,greedy-egg,2,mushroom|beetle,200,0,0,200,17.555,16.6895,18.4205,2,10,17,25.1,34,111.095,0,3.46,51.97
egg3-science-B,stage4,egg3,Legendary,science,B,greedy-egg,3,beetle|mushroom,200,0.005,0.005,200,14.1,13.086,15.114,1,2,15,23,38,111.75,0,2.83,44.05
egg3-science-B,stage4,egg3,Legendary,science,B,greedy-egg,4,brute,199,0.0452,0.0352,199,18.2663,17.0161,19.5165,1,3.8,20,29,41,104.4472,0.0201,3.7035,87.7437
egg3-science-B,stage4,egg3,Legendary,science,B,greedy-egg,5,beetle|mushroom,77,0,0,77,13.8961,12.0494,15.7428,1,3,15,26,37,113.9091,0.039,2.8052,36.7662
egg3-science-B,stage4,egg3,Legendary,science,B,greedy-egg,8,stag,192,0.5156,0.474,192,39.8594,37.6326,42.0862,9,18.1,39,60,84,58.0313,0.7292,8.4583,223.0625
egg3-science-B,stage4,egg3,Legendary,science,B,greedy-egg,6,mushroom|beetle,80,0,0,80,14.5625,12.8908,16.2342,1,3,14.5,24,34,112.3,0,2.8875,42.2875
egg3-science-B,stage4,egg3,Legendary,science,B,greedy-egg,7,beetle|mushroom,79,0,0,79,11.7595,10.2231,13.2959,1,3,11,22,28,113.3544,0.038,2.4051,36.0886
egg3-science-B,stage4,egg3,Legendary,science,B,greedy,1,mushroom,200,0,0,200,24.825,23.7666,25.8834,9,16,24,36,46,93.07,0,4.385,101.425
egg3-science-B,stage4,egg3,Legendary,science,B,greedy,2,mushroom|beetle,200,0.015,0.005,200,23.47,22.0793,24.8607,1,12.9,23,35,72,100.595,0.015,4.63,79.125
egg3-science-B,stage4,egg3,Legendary,science,B,greedy,3,beetle|mushroom,199,0.0352,0.0151,199,20.3618,18.8523,21.8713,1,4.8,21,34,57,98.9548,0.0603,4.1106,69.5628
egg3-science-B,stage4,egg3,Legendary,science,B,greedy,4,brute,196,0.3316,0.2755,196,23.6429,22.0636,25.2221,1,10,22.5,39,62,71.9949,0.0969,4.8265,136.3878
egg3-science-B,stage4,egg3,Legendary,science,B,greedy,8,stag,136,0.8088,0.7794,136,34.2279,30.8872,37.5686,6,12,30.5,61.5,105,23.9412,0.7426,7.1618,235.5735
egg3-science-B,stage4,egg3,Legendary,science,B,greedy,6,mushroom|beetle,54,0.0556,0.037,54,18.4074,14.9789,21.8359,1,2.6,18,30,59,107.5741,0.2037,3.7963,60.7963
egg3-science-B,stage4,egg3,Legendary,science,B,greedy,7,beetle|mushroom,53,0.0377,0.0189,53,17.0566,14.4201,19.6931,1,2,17,29,35,104.1887,0.2453,3.5849,58.4151
egg3-science-B,stage4,egg3,Legendary,science,B,greedy,5,beetle|mushroom,61,0.0656,0.0492,61,19.9508,17.0377,22.8639,1,3,19,37,47,98.9016,0.2295,4.0656,64.9672
egg3-science-B,stage4,egg3,Legendary,science,B,random,1,mushroom,200,0.01,0.005,200,24.84,23.981,25.699,13,17,25,33,46,95.53,0.005,4.375,105.16
egg3-science-B,stage4,egg3,Legendary,science,B,random,2,beetle|mushroom,199,0.0653,0.0503,199,22.9598,21.4856,24.434,1,11,22,38,53,95.6884,0.0452,4.5377,82.8342
egg3-science-B,stage4,egg3,Legendary,science,B,random,3,beetle|mushroom,189,0.0423,0.0265,189,20.2063,18.6012,21.8115,1,4,20,35,54,99.8201,0.1111,4.164,73.0476
egg3-science-B,stage4,egg3,Legendary,science,B,random,4,brute,184,0.3804,0.3207,184,22.5435,20.9078,24.1792,1,9,21,37.7,51,64.2989,0.2065,4.6141,135.7011
egg3-science-B,stage4,egg3,Legendary,science,B,random,5,mushroom|beetle,51,0.1765,0.1765,51,19.4118,15.9728,22.8508,1,3,21,32,65,85,0.3137,3.9216,75.098
egg3-science-B,stage4,egg3,Legendary,science,B,random,8,stag,110,0.8909,0.8818,110,28.4091,25.5147,31.3035,3,12,24,51,72,13.3455,0.7364,6.0727,205.8182
egg3-science-B,stage4,egg3,Legendary,science,B,random,6,beetle|mushroom,42,0.119,0.0952,42,19.8571,16.5156,23.1987,2,6.3,18,30.9,58,93.0238,0.4048,4.1429,78.6429
egg3-science-B,stage4,egg3,Legendary,science,B,random,7,mushroom|beetle,44,0.0455,0.0455,44,17.3182,14.3498,20.2865,1,6.3,16,31.1,51,97.9545,0.1818,3.5909,59.7273
egg4-balanced-A,stage4,egg4,Rare,balanced,A,greedy-egg,1,mushroom,200,0.15,0.1,200,108.155,102.1162,114.1938,24,57,103,164,259,57.87,0.205,21.065,182.825
egg4-balanced-A,stage4,egg4,Rare,balanced,A,greedy-egg,2,mushroom|beetle,180,0.6444,0.5722,180,106.4167,95.9281,116.9052,3,17,96.5,213.2,348,27.65,0.9667,21.3778,146.2
egg4-balanced-A,stage4,egg4,Rare,balanced,A,greedy-egg,3,mushroom|beetle,77,0.8182,0.7922,77,64.5455,52.6691,76.4218,3,11,40,139.4,243,12.1299,1.2338,13.2727,97.2597
egg4-balanced-A,stage4,egg4,Rare,balanced,A,greedy-egg,4,brute,16,0.8125,0.8125,16,23.5625,15.6818,31.4432,6,6.5,20.5,46,50,3.8125,0.25,4.6875,88.125
egg4-balanced-A,stage4,egg4,Rare,balanced,A,greedy-egg,8,stag,1,1,1,1,7,7,7,7,7,7,7,7,0,0,2,33
egg4-balanced-A,stage4,egg4,Rare,balanced,A,greedy-egg,5,mushroom,1,1,1,1,5,5,5,5,5,5,5,5,0,0,1,23
egg4-balanced-A,stage4,egg4,Rare,balanced,A,greedy-egg,6,mushroom,1,1,1,1,7,7,7,7,7,7,7,7,0,0,2,24
egg4-balanced-A,stage4,egg4,Rare,balanced,A,greedy,1,mushroom,200,0.02,0.01,200,52.97,49.6187,56.3213,17,26,49,84,142,70.73,0.01,10.02,170.505
egg4-balanced-A,stage4,egg4,Rare,balanced,A,greedy,2,beetle|mushroom,198,0.3081,0.2273,198,47.9192,43.5181,52.3203,2,10,43,89.6,180,56.8838,0.1313,9.5505,139.6667
egg4-balanced-A,stage4,egg4,Rare,balanced,A,greedy,3,mushroom|beetle,153,0.3007,0.2418,153,43.6667,38.0848,49.2485,2,7,35,88.6,186,56.1569,0.5033,8.9739,119.3137
egg4-balanced-A,stage4,egg4,Rare,balanced,A,greedy,4,brute,116,0.8103,0.7241,116,42.3103,35.4532,49.1674,2,6,35,89,242,19.2845,0.5,8.6638,201.0172
egg4-balanced-A,stage4,egg4,Rare,balanced,A,greedy,7,mushroom|beetle,10,0.3,0.3,10,49.9,16.0532,83.7468,3,5.7,28.5,140.2,151,50.3,1.6,10.5,191.3
egg4-balanced-A,stage4,egg4,Rare,balanced,A,greedy,8,stag,21,1,1,21,29.5238,19.0536,39.994,3,6,33,69,72,0,0.4286,6.5238,181.5238
egg4-balanced-A,stage4,egg4,Rare,balanced,A,greedy,5,mushroom|beetle,13,0.4615,0.4615,13,35,16.2017,53.7983,1,3.6,27,52.6,135,30.9231,0.8462,7.3077,130
egg4-balanced-A,stage4,egg4,Rare,balanced,A,greedy,6,beetle|mushroom,7,0.2857,0.2857,7,53.1429,7.8515,98.4342,11,12.2,19,131,170,67,2,10.5714,169
egg4-balanced-A,stage4,egg4,Rare,balanced,A,random,1,mushroom,200,0.13,0.105,200,53.245,49.9367,56.5533,19,27,49,85.1,172,60.535,0.08,10.08,184.315
egg4-balanced-A,stage4,egg4,Rare,balanced,A,random,2,beetle|mushroom,179,0.4637,0.3799,179,50.9274,45.3901,56.4646,2,8,45,98.4,180,42.6983,0.4078,10.2346,142.3128
egg4-balanced-A,stage4,egg4,Rare,balanced,A,random,3,mushroom|beetle,111,0.3964,0.3333,111,42.6126,35.933,49.2922,1,6,34,95,177,47.8919,0.6126,8.9189,127.0541
egg4-balanced-A,stage4,egg4,Rare,balanced,A,random,4,brute,74,0.8243,0.7838,74,36.4459,28.8537,44.0382,3,6,23.5,91.5,143,12.6622,0.5,7.5,178.2838
egg4-balanced-A,stage4,egg4,Rare,balanced,A,random,6,mushroom|beetle,7,0.4286,0.4286,7,28.5714,17.3376,39.8052,15,15,22,46.8,54,50.5714,0.4286,5.8571,103.4286
egg4-balanced-A,stage4,egg4,Rare,balanced,A,random,5,beetle|mushroom,3,0.6667,0.3333,3,26.3333,-11.101,63.7677,2,4.2,13,53.8,64,43,0.6667,6,82.6667
egg4-balanced-A,stage4,egg4,Rare,balanced,A,random,8,stag,12,1,1,12,25.3333,17.305,33.3616,3,12.2,25,33.8,60,0,0.5833,5.4167,169.25
egg4-balanced-A,stage4,egg4,Rare,balanced,A,random,7,mushroom|beetle,5,0,0,5,42.4,17.3411,67.4589,14,18.4,27,74,78,72.6,0.6,8.8,118
egg4-balanced-B,stage4,egg4,Rare,balanced,B,greedy-egg,1,mushroom,200,0.19,0.16,200,106.93,101.1754,112.6846,24,57.9,103,163,259,51.17,0.165,20.82,193.9
egg4-balanced-B,stage4,egg4,Rare,balanced,B,greedy-egg,2,mushroom|beetle,168,0.6905,0.625,168,106.6726,94.5376,118.8076,2,16,92.5,211.5,375,23.6369,1.006,21.369,146.1369
egg4-balanced-B,stage4,egg4,Rare,balanced,B,greedy-egg,3,beetle|mushroom,63,0.7143,0.6667,63,73.8254,59.1798,88.471,4,8.4,68,147.6,261,18.9206,1.2222,15.2698,108.1746
egg4-balanced-B,stage4,egg4,Rare,balanced,B,greedy-egg,4,brute,21,0.7619,0.7619,21,33.5238,25.4271,41.6205,3,3,36,57,62,12.9524,0.381,6.7619,99.8571
egg4-balanced-B,stage4,egg4,Rare,balanced,B,greedy-egg,7,mushroom|beetle,3,1,0.6667,3,15,3.5154,26.4846,6,7.4,13,23.4,26,9.6667,0,3,44.6667
egg4-balanced-B,stage4,egg4,Rare,balanced,B,greedy-egg,8,stag,2,1,1,2,43.5,-30,117,6,13.5,43.5,73.5,81,0,1,10,99.5
egg4-balanced-B,stage4,egg4,Rare,balanced,B,greedy-egg,5,mushroom,2,0.5,0,2,30,24.12,35.88,27,27.6,30,32.4,33,64,0,6,60
egg4-balanced-B,stage4,egg4,Rare,balanced,B,greedy-egg,6,beetle|mushroom,2,0.5,0.5,2,26,0.52,51.48,13,15.6,26,36.4,39,7,0.5,5,62.5
egg4-balanced-B,stage4,egg4,Rare,balanced,B,greedy,1,mushroom,200,0.015,0.005,200,53.005,49.6544,56.3556,17,26,49,83.1,142,70.26,0.01,10.035,173.44
egg4-balanced-B,stage4,egg4,Rare,balanced,B,greedy,2,beetle|mushroom,199,0.3166,0.2513,199,48.1005,43.6872,52.5138,3,10,41,92.2,164,56.407,0.1256,9.603,134.603
egg4-balanced-B,stage4,egg4,Rare,balanced,B,greedy,3,mushroom|beetle,149,0.2617,0.1946,149,50.1946,43.9869,56.4024,3,7.8,40,96.6,192,61.8725,0.6242,10.2416,130.0604
egg4-balanced-B,stage4,egg4,Rare,balanced,B,greedy,4,brute,120,0.7333,0.7,120,48.8083,41.8525,55.7642,1,9,40,102.5,159,17.875,0.5667,10.0667,212.2167
egg4-balanced-B,stage4,egg4,Rare,balanced,B,greedy,6,mushroom|beetle,13,0.2308,0.2308,13,25.6923,17.5371,33.8476,2,6.4,26,45.8,50,50.3077,0.2308,5.4615,65.5385
egg4-balanced-B,stage4,egg4,Rare,balanced,B,greedy,8,stag,23,1,1,23,28.6957,16.4378,40.9535,3,6,19,80.6,111,0,0.5217,6.087,186.1739
egg4-balanced-B,stage4,egg4,Rare,balanced,B,greedy,7,beetle|mushroom,14,0.4286,0.4286,14,31.6429,15.5633,47.7224,4,6.6,25,78.8,103,46.4286,0.5,6.5714,93.2857
egg4-balanced-B,stage4,egg4,Rare,balanced,B,greedy,5,beetle|mushroom,11,0.4545,0.3636,11,30.6364,11.7639,49.5088,1,3,21,84,88,45.5455,0.2727,6.3636,79.7273
egg4-balanced-B,stage4,egg4,Rare,balanced,B,random,1,mushroom,200,0.125,0.095,200,53.63,50.3166,56.9434,19,27,49,87.1,172,60.915,0.07,10.15,185.895
egg4-balanced-B,stage4,egg4,Rare,balanced,B,random,2,beetle|mushroom,181,0.4641,0.3591,181,51.8508,46.3726,57.3291,2,8,45,100,157,46.0939,0.442,10.3591,141.2044
egg4-balanced-B,stage4,egg4,Rare,balanced,B,random,3,mushroom|beetle,116,0.3621,0.3362,116,41.2759,35.0922,47.4595,1,6,31,87.5,153,45.6207,0.7241,8.5,119.8017
egg4-balanced-B,stage4,egg4,Rare,balanced,B,random,4,brute,77,0.8571,0.8182,77,33.6623,26.7876,40.5371,3,6,21,84,144,10.5974,0.5065,6.8961,171.7273
egg4-balanced-B,stage4,egg4,Rare,balanced,B,random,8,stag,9,1,1,9,19.6667,10.9685,28.3648,6,8.4,13,36.4,46,0,0.1111,4,175.2222
egg4-balanced-B,stage4,egg4,Rare,balanced,B,random,6,mushroom|beetle,8,0.5,0.5,8,21,13.789,28.211,8,9.4,22.5,31.8,36,37.375,0.25,4.25,81.375
egg4-balanced-B,stage4,egg4,Rare,balanced,B,random,5,beetle,2,0,0,2,85.5,-23.28,194.28,30,41.1,85.5,129.9,141,106,3.5,18,334
egg4-balanced-B,stage4,egg4,Rare,balanced,B,random,7,mushroom|beetle,4,0.25,0.25,4,42,12.3722,71.6278,8,14.3,41,70.5,78,71.75,0.5,8.5,99.25
egg4-control,control_stage1-3,egg4,Rare,balanced,A,greedy-egg,1,mushroom,200,0.385,0.29,200,94.72,89.5542,99.8858,23,49.9,90,143.1,211,32.105,0.11,0,193.56
egg4-control,control_stage1-3,egg4,Rare,balanced,A,greedy-egg,2,beetle|mushroom,142,0.8099,0.7817,142,60.6408,50.469,70.8127,2,6,43,168,238,10.0775,0.3873,0,108.5
egg4-control,control_stage1-3,egg4,Rare,balanced,A,greedy-egg,3,mushroom|beetle,31,0.9677,0.9032,31,38,23.968,52.032,3,4,23,78,164,5.9677,0.4516,0,84.6774
egg4-control,control_stage1-3,egg4,Rare,balanced,A,greedy-egg,4,brute,3,1,1,3,32.3333,1.752,62.9146,6,11,31,54.2,60,0,0.3333,0,112.6667
egg4-control,control_stage1-3,egg4,Rare,balanced,A,greedy,1,mushroom,200,0.11,0.07,200,49.655,46.4282,52.8818,16,23.9,45,80.1,129,49.555,0.005,0,178.745
egg4-control,control_stage1-3,egg4,Rare,balanced,A,greedy,2,beetle|mushroom,186,0.5645,0.4355,186,40.3763,36.0206,44.732,2,6,35.5,82.5,164,36.2473,0.0753,0,129.3118
egg4-control,control_stage1-3,egg4,Rare,balanced,A,greedy,3,beetle|mushroom,105,0.3905,0.3143,105,38.2762,32.891,43.6614,1,6,35,67.6,156,46.0952,0.181,0,126.6762
egg4-control,control_stage1-3,egg4,Rare,balanced,A,greedy,4,brute,72,0.9444,0.9306,72,21.0556,17.176,24.9351,3,6,16,47.8,76,2.0556,0,0,129.4167
egg4-control,control_stage1-3,egg4,Rare,balanced,A,greedy,7,beetle,2,0,0,2,31.5,24.64,38.36,28,28.7,31.5,34.3,35,70,0.5,0,75.5
egg4-control,control_stage1-3,egg4,Rare,balanced,A,greedy,8,stag,4,1,1,4,11,7.1625,14.8375,6,7.2,11.5,14.4,15,0,0,0,94.25
egg4-control,control_stage1-3,egg4,Rare,balanced,A,greedy,5,mushroom|beetle,2,0.5,0,2,76.5,-20.52,173.52,27,36.9,76.5,116.1,126,78.5,0,0,229.5
egg4-control,control_stage1-3,egg4,Rare,balanced,A,greedy,6,mushroom,1,1,1,1,8,8,8,8,8,8,8,8,0,0,0,52
egg4-control,control_stage1-3,egg4,Rare,balanced,A,random,1,mushroom,200,0.35,0.25,200,48.975,45.654,52.296,16,25,44.5,80.1,168,41.135,0.065,0,188.355
egg4-control,control_stage1-3,egg4,Rare,balanced,A,random,2,mushroom|beetle,150,0.6267,0.5067,150,40.3933,34.7992,45.9875,2,6,34.5,88.1,153,25.9667,0.2933,0,134.84
egg4-control,control_stage1-3,egg4,Rare,balanced,A,random,3,beetle|mushroom,74,0.6216,0.5811,74,28.7568,22.533,34.9806,1,4,20,66,116,22.9324,0.2973,0,103.2703
egg4-control,control_stage1-3,egg4,Rare,balanced,A,random,4,brute,31,0.9355,0.9032,31,19.5484,12.1375,26.9593,3,3,12,66,69,2.1613,0.0645,0,119.1935
egg4-control,control_stage1-3,egg4,Rare,balanced,A,random,6,beetle|mushroom,2,1,1,2,15.5,0.8,30.2,8,9.5,15.5,21.5,23,0,0,0,53.5
egg4-control,control_stage1-3,egg4,Rare,balanced,A,random,5,beetle,1,1,1,1,3,3,3,3,3,3,3,3,0,0,0,16
egg4-math-A,stage4,egg4,Rare,math,A,greedy-egg,1,mushroom,200,0,0,200,25.55,25.0481,26.0519,15,20,25,30,35,72.735,0,4.975,66.69
egg4-math-A,stage4,egg4,Rare,math,A,greedy-egg,2,beetle|mushroom,200,0.105,0.07,200,33.75,32.1649,35.3351,8,20,30,50,57,52.965,0,6.745,65.19
egg4-math-A,stage4,egg4,Rare,math,A,greedy-egg,3,beetle|mushroom,186,0.3172,0.2473,186,26.7312,24.7028,28.7596,2,8,25,48,60,42.3656,0.0538,5.3011,51.5054
egg4-math-A,stage4,egg4,Rare,math,A,greedy-egg,4,brute,140,0.7857,0.7286,140,27.2786,24.0617,30.4954,3,6,23,57.1,68,11.0643,0.1357,5.3857,95.1857
egg4-math-A,stage4,egg4,Rare,math,A,greedy-egg,6,beetle|mushroom,17,0.3529,0.2353,17,21.7647,16.054,27.4754,2,3.2,24,32,43,33.0588,0.0588,4.3529,50.3529
egg4-math-A,stage4,egg4,Rare,math,A,greedy-egg,8,stag,23,1,1,23,17.7826,12.9675,22.5978,3,3.6,19,33.8,40,0,0.1739,3.5217,94.7391
egg4-math-A,stage4,egg4,Rare,math,A,greedy-egg,5,mushroom|beetle,12,0.5833,0.5,12,18.5833,11.8347,25.3319,2,2.1,24.5,28.7,35,24.5,0.0833,3.75,43.25
egg4-math-A,stage4,egg4,Rare,math,A,greedy-egg,7,beetle|mushroom,12,0.4167,0.4167,12,23.5,13.7402,33.2598,6,6.7,15.5,46.5,62,28.6667,0.3333,4.9167,43.6667
egg4-math-A,stage4,egg4,Rare,math,A,greedy,1,mushroom,200,0,0,200,22.245,21.5799,22.9101,11,15,23,28.1,35,71.38,0,4.23,88.345
egg4-math-A,stage4,egg4,Rare,math,A,greedy,2,beetle|mushroom,200,0.195,0.13,200,24.75,23.404,26.096,7,13,23,40,46,51.755,0,4.88,84.12
egg4-math-A,stage4,egg4,Rare,math,A,greedy,3,mushroom|beetle,174,0.2529,0.2069,174,21.1897,19.6237,22.7556,2,6,21.5,35,50,53.3391,0.0172,4.2644,70.2069
egg4-math-A,stage4,egg4,Rare,math,A,greedy,4,brute,138,0.6449,0.587,138,25.7101,22.9143,28.506,3,6,24,50.3,58,27.0217,0.1014,5.1014,138.7029
egg4-math-A,stage4,egg4,Rare,math,A,greedy,6,mushroom|beetle,24,0.25,0.1667,24,23.2917,16.7895,29.7938,2,5.3,20.5,48.5,53,60.1667,0.5,4.8333,73.875
egg4-math-A,stage4,egg4,Rare,math,A,greedy,7,mushroom|beetle,21,0.2381,0.1905,21,22.2381,18.0172,26.459,2,14,24,31,43,69.1905,0.1429,4.7143,56.3333
egg4-math-A,stage4,egg4,Rare,math,A,greedy,8,stag,45,1,1,45,23.3333,18.3154,28.3513,3,7.2,19,46.8,85,0,0.4,4.7778,176.7333
egg4-math-A,stage4,egg4,Rare,math,A,greedy,5,mushroom|beetle,26,0.2308,0.1538,26,24,18.98,29.02,2,12.5,23.5,36,56,59.3462,0.1538,4.8462,72.6154
egg4-math-A,stage4,egg4,Rare,math,A,random,1,mushroom,200,0,0,200,22.935,22.3076,23.5624,12,17.9,23,30,35,62.435,0,4.32,96.56
egg4-math-A,stage4,egg4,Rare,math,A,random,2,mushroom|beetle,200,0.41,0.305,200,21.99,20.492,23.488,4,8,21,38.1,47,41.4,0,4.325,79.45
egg4-math-A,stage4,egg4,Rare,math,A,random,3,beetle|mushroom,139,0.4173,0.3094,139,20.1583,18.2539,22.0626,2,5.6,21,34.2,52,44.259,0.0863,4.0216,71.8417
egg4-math-A,stage4,egg4,Rare,math,A,random,4,brute,96,0.8438,0.75,96,20.6146,17.7215,23.5077,3,6,16,43.5,65,15.4583,0.1771,4.0833,124.8854
egg4-math-A,stage4,egg4,Rare,math,A,random,8,stag,19,1,1,19,17.7895,11.5344,24.0445,3,6,12,35,54,0,0.5789,3.5789,153.7895
egg4-math-A,stage4,egg4,Rare,math,A,random,6,beetle|mushroom,7,0.2857,0.1429,7,31.5714,22.7555,40.3874,16,18.4,29,43.6,49,71.7143,1.1429,6.5714,126.2857
egg4-math-A,stage4,egg4,Rare,math,A,random,5,mushroom|beetle,9,0.4444,0.4444,9,24.2222,11.458,36.9864,3,3.8,20,50,50,58.2222,0.3333,4.8889,76
egg4-math-A,stage4,egg4,Rare,math,A,random,7,beetle|mushroom,6,0,0,6,29.5,19.0825,39.9175,14,16.5,27,45,46,90.5,1.1667,6.1667,132.5
egg4-math-B,stage4,egg4,Rare,math,B,greedy-egg,1,mushroom,200,0.035,0.015,200,109.88,103.9752,115.7848,24,60,105.5,163.1,259,78.43,0.2,21.38,141.06
egg4-math-B,stage4,egg4,Rare,math,B,greedy-egg,2,mushroom|beetle,197,0.3452,0.2944,197,140.4061,130.0335,150.7787,6,54.2,137,239.4,352,56.2792,1.4569,28.0406,115.9898
egg4-math-B,stage4,egg4,Rare,math,B,greedy-egg,3,beetle|mushroom,139,0.446,0.4101,139,98.964,86.9253,111.0028,2,22,84,207.6,320,42.8201,1.8489,20.2518,88.3597
egg4-math-B,stage4,egg4,Rare,math,B,greedy-egg,4,brute,82,0.7195,0.6585,82,80.2805,66.0223,94.5386,6,26.2,44,188.9,281,24.7195,1.3049,16.4024,127.6341
egg4-math-B,stage4,egg4,Rare,math,B,greedy-egg,6,mushroom|beetle,11,0.0909,0.0909,11,27.4545,19.9311,34.978,15,18,26,31,63,80.2727,0.3636,5.7273,33.4545
egg4-math-B,stage4,egg4,Rare,math,B,greedy-egg,7,beetle|mushroom,13,0.0769,0.0769,13,26.7692,23.9345,29.6039,17,18.8,28,32.6,34,70,0.3846,5.3846,31.6154
egg4-math-B,stage4,egg4,Rare,math,B,greedy-egg,8,stag,24,1,1,24,44.0417,34.0591,54.0242,6,16,37.5,77.4,96,0,0.875,9.1667,123.75
egg4-math-B,stage4,egg4,Rare,math,B,greedy-egg,5,beetle|mushroom,9,0.2222,0.2222,9,25.3333,19.554,31.1127,16,17.6,24,35.2,44,64.6667,0.3333,5.1111,18.2222
egg4-math-B,stage4,egg4,Rare,math,B,greedy,1,mushroom,200,0,0,200,53.025,49.6741,56.3759,17,26,49,84,142,88.475,0.01,10.035,123.175
egg4-math-B,stage4,egg4,Rare,math,B,greedy,2,beetle|mushroom,200,0.015,0.01,200,56.08,52.001,60.159,3,24,49.5,95.1,164,88.825,0.145,11.17,90.055
egg4-math-B,stage4,egg4,Rare,math,B,greedy,3,mushroom|beetle,198,0.0657,0.0556,198,52.2525,47.1305,57.3746,1,16,42.5,97.6,195,85.7828,0.6263,10.601,73.702
egg4-math-B,stage4,egg4,Rare,math,B,greedy,4,brute,187,0.3209,0.2727,187,68.2086,61.422,74.9951,1,18,58,125.8,263,54.7594,1.0107,13.9305,181.1658
egg4-math-B,stage4,egg4,Rare,math,B,greedy,8,stag,123,0.9919,0.9756,123,56.7642,48.207,65.3215,3,12.2,45,126.2,231,2.3089,1.3984,11.9675,251.748
egg4-math-B,stage4,egg4,Rare,math,B,greedy,6,beetle|mushroom,52,0.1538,0.1154,52,41.0385,27.6325,54.4445,2,9.2,26.5,90.4,303,79.2308,0.8462,8.8269,58.6346
egg4-math-B,stage4,egg4,Rare,math,B,greedy,5,beetle|mushroom,49,0.0816,0.0612,49,43.3061,31.9766,54.6356,2,11.6,27,91.8,178,71.3469,0.8776,8.8776,68.3469
egg4-math-B,stage4,egg4,Rare,math,B,greedy,7,beetle|mushroom,52,0.0769,0.0769,52,31.8462,22.909,40.7833,1,10.2,21,68.5,145,72.5,0.6346,6.5385,46.4231
egg4-math-B,stage4,egg4,Rare,math,B,random,1,mushroom,200,0.005,0,200,54.575,51.291,57.859,19,28.9,50.5,88.1,172,83.535,0.07,10.325,133.7
egg4-math-B,stage4,egg4,Rare,math,B,random,2,beetle|mushroom,200,0.085,0.06,200,62.425,57.4271,67.4229,6,26.9,53,113,191,84.445,0.535,12.44,93.685
egg4-math-B,stage4,egg4,Rare,math,B,random,3,mushroom|beetle,188,0.1543,0.1223,188,49.8723,44.0366,55.7081,1,11.7,38,103.9,290,73.4202,1,10.1862,79.4096
egg4-math-B,stage4,egg4,Rare,math,B,random,4,brute,165,0.503,0.4485,165,52.6242,47.5472,57.7013,3,16,47,100.6,162,37.0909,0.8909,10.7636,153.6788
egg4-math-B,stage4,egg4,Rare,math,B,random,8,stag,80,0.9875,0.9875,80,40.4125,32.2694,48.5556,3,11.9,30,73.1,222,0.925,1.075,8.525,195.6
egg4-math-B,stage4,egg4,Rare,math,B,random,7,mushroom|beetle,30,0.1,0.1,30,30.4333,16.9625,43.9041,1,9.9,18.5,68.2,202,58,0.9333,6.1,56.3667
egg4-math-B,stage4,egg4,Rare,math,B,random,6,mushroom|beetle,30,0.1333,0.1,30,25.4,17.2786,33.5214,1,6.6,18,58.5,94,65.2667,0.4667,5.3,49.4333
egg4-math-B,stage4,egg4,Rare,math,B,random,5,mushroom|beetle,28,0.25,0.1786,28,31.3929,17.5819,45.2038,1,4.7,19,78.9,164,59.1071,0.7143,6.6071,58.5357
egg4-science-A,stage4,egg4,Rare,science,A,greedy-egg,1,mushroom,200,0.035,0.03,200,47.765,46.2606,49.2694,17,36,47,63.1,81,61.31,0.005,9.09,109.325
egg4-science-A,stage4,egg4,Rare,science,A,greedy-egg,2,mushroom|beetle,194,0.4072,0.2887,194,48.067,44.9801,51.1539,2,16,49,75,100,40.2474,0.0567,9.6031,88.8351
egg4-science-A,stage4,egg4,Rare,science,A,greedy-egg,3,beetle|mushroom,138,0.5362,0.4493,138,33.5652,30.1773,36.9531,2,8,31,59,120,31.6594,0.2246,6.8696,65.8841
egg4-science-A,stage4,egg4,Rare,science,A,greedy-egg,4,brute,76,0.8421,0.8026,76,31.2368,25.4047,37.069,3,6,22.5,70.5,108,8.2368,0.1184,6.3553,103
egg4-science-A,stage4,egg4,Rare,science,A,greedy-egg,5,mushroom|beetle,8,0.75,0.75,8,18.5,7.0234,29.9766,3,5.1,13.5,39.4,52,10.375,0.25,3.75,44.125
egg4-science-A,stage4,egg4,Rare,science,A,greedy-egg,6,beetle|mushroom,4,0.25,0.25,4,28.75,18.7439,38.7561,23,23,24,38.3,44,25.75,0.5,5.75,62.75
egg4-science-A,stage4,egg4,Rare,science,A,greedy-egg,7,beetle|mushroom,5,0,0,5,38,21.3458,54.6542,23,23.8,33,57.6,70,67.6,0.2,8,57.4
egg4-science-A,stage4,egg4,Rare,science,A,greedy-egg,8,stag,8,1,1,8,19.75,13.1995,26.3005,6,6,21,30.3,31,0,0.125,4,135.5
egg4-science-A,stage4,egg4,Rare,science,A,greedy,1,mushroom,200,0.03,0.02,200,44.53,42.1156,46.9444,17,25,42,68,114,62.625,0,8.34,166.21
egg4-science-A,stage4,egg4,Rare,science,A,greedy,2,beetle|mushroom,196,0.4286,0.2755,196,43.6173,39.9312,47.3035,3,10.5,40.5,80,127,52.0459,0.0663,8.7143,138.3112
egg4-science-A,stage4,egg4,Rare,science,A,greedy,3,beetle|mushroom,142,0.3099,0.2324,142,40.1549,35.7417,44.5681,2,8,34.5,74,135,55.8099,0.3239,8.2324,121.5352
egg4-science-A,stage4,egg4,Rare,science,A,greedy,4,brute,109,0.9174,0.8807,109,25.8624,21.1203,30.6045,1,6,20,56.8,179,6.5229,0.3303,5.2477,159.055
egg4-science-A,stage4,egg4,Rare,science,A,greedy,8,stag,7,1,1,7,21,10.0788,31.9212,3,4.8,21,38,41,0,0.4286,4.5714,137.2857
egg4-science-A,stage4,egg4,Rare,science,A,greedy,6,beetle|mushroom,4,0.5,0.5,4,29.75,-4.5395,64.0395,2,3.2,19.5,64.5,78,45.75,0.5,6.25,94.25
egg4-science-A,stage4,egg4,Rare,science,A,greedy,7,mushroom|beetle,5,0.6,0.6,5,16.8,3.867,29.733,2,2.8,17,32,38,13.8,0.2,3.6,67
egg4-science-A,stage4,egg4,Rare,science,A,greedy,5,beetle|mushroom,4,0.25,0.25,4,31,9.6639,52.3361,6,10.5,31.5,51.1,55,64,0.75,6.5,101.5
egg4-science-A,stage4,egg4,Rare,science,A,random,1,mushroom,200,0.17,0.13,200,45.835,43.4143,48.2557,19,26,44,69.1,117,54.515,0.04,8.62,180.14
egg4-science-A,stage4,egg4,Rare,science,A,random,2,mushroom|beetle,174,0.5632,0.4598,174,38.3736,34.2237,42.5235,2,6,33,78.1,127,36.454,0.2529,7.6954,129.1954
egg4-science-A,stage4,egg4,Rare,science,A,random,3,beetle|mushroom,94,0.4681,0.4255,94,31.4468,25.9446,36.949,1,6,27,62,161,35.4043,0.4787,6.4149,116.3936
egg4-science-A,stage4,egg4,Rare,science,A,random,4,brute,54,0.8704,0.8704,54,17.8148,13.7601,21.8695,2,3,12,38.1,71,8.5741,0.0926,3.6481,111.7407
egg4-science-A,stage4,egg4,Rare,science,A,random,7,beetle|mushroom,2,0,0,2,29.5,26.56,32.44,28,28.3,29.5,30.7,31,44.5,0.5,6,87
egg4-science-A,stage4,egg4,Rare,science,A,random,8,stag,7,1,1,7,13.2857,2.6383,23.9331,3,4.8,9,25.2,45,0,0.1429,3,114.4286
egg4-science-A,stage4,egg4,Rare,science,A,random,5,beetle|mushroom,2,0,0,2,46.5,14.16,78.84,30,33.3,46.5,59.7,63,37.5,1,10,144
egg4-science-B,stage4,egg4,Rare,science,B,greedy-egg,1,mushroom,200,0.005,0.005,200,109.885,104.0507,115.7193,24,60,107,164,259,95.095,0.195,21.38,218.73
egg4-science-B,stage4,egg4,Rare,science,B,greedy-egg,2,mushroom|beetle,199,0.1759,0.1608,199,148.7839,139.3815,158.1864,6,69.6,140,237.6,347,81.2362,1.5226,29.7286,242.8643
egg4-science-B,stage4,egg4,Rare,science,B,greedy-egg,3,mushroom|beetle,167,0.3114,0.2695,167,120.012,107.7814,132.2426,3,29,107,238.4,325,69.6048,2.5988,24.515,218.0719
egg4-science-B,stage4,egg4,Rare,science,B,greedy-egg,4,brute,122,0.8033,0.7705,122,86.082,74.0541,98.1098,6,15.8,59.5,192.5,306,21.582,1.7705,17.582,280.9754
egg4-science-B,stage4,egg4,Rare,science,B,greedy-egg,6,mushroom|beetle,13,0.3077,0.3077,13,48.5385,25.8242,71.2527,6,20.6,31,93.6,159,63.3077,1,10.0769,105.9231
egg4-science-B,stage4,egg4,Rare,science,B,greedy-egg,8,stag,21,1,1,21,48.0952,34.3347,61.8558,3,12,35,97,110,0,1.619,9.8571,221.7619
egg4-science-B,stage4,egg4,Rare,science,B,greedy-egg,5,mushroom|beetle,11,0,0,11,36.4545,30.1816,42.7275,23,24,37,49,59,85.3636,0.6364,7.5455,93.8182
egg4-science-B,stage4,egg4,Rare,science,B,greedy-egg,7,beetle|mushroom,9,0.3333,0.3333,9,89.8889,8.4483,171.3295,3,19.8,38,251.8,375,73.1111,4.3333,19.1111,131.2222
egg4-science-B,stage4,egg4,Rare,science,B,greedy,1,mushroom,200,0.015,0.01,200,52.985,49.6304,56.3396,17,25.9,49,84,142,76.7,0.01,10.025,192.65
egg4-science-B,stage4,egg4,Rare,science,B,greedy,2,beetle|mushroom,198,0.2525,0.1869,198,50.9646,46.415,55.5143,3,12,43,93,164,64.5202,0.1313,10.1818,161.4394
egg4-science-B,stage4,egg4,Rare,science,B,greedy,3,mushroom|beetle,161,0.236,0.1801,161,47.3478,42.0611,52.6346,1,8,38,96,158,65.4161,0.5217,9.6273,147.0248
egg4-science-B,stage4,egg4,Rare,science,B,greedy,4,brute,132,0.8106,0.75,132,42.0758,35.2713,48.8803,1,6,26.5,98.9,171,17.447,0.447,8.7424,220.4697
egg4-science-B,stage4,egg4,Rare,science,B,greedy,7,mushroom|beetle,9,0.2222,0.2222,9,29.8889,19.8498,39.9279,14,16.4,25,48.4,62,56.7778,0.7778,6.4444,111.6667
egg4-science-B,stage4,egg4,Rare,science,B,greedy,8,stag,26,1,1,26,24.4615,17.0635,31.8596,6,6,21.5,45.5,78,0,0.3462,5.4231,175.3077
egg4-science-B,stage4,egg4,Rare,science,B,greedy,6,mushroom|beetle,14,0.2143,0.1429,14,28.6429,22.2253,35.0605,6,11.4,33.5,37,50,71.5714,0.2143,5.7143,86.2143
egg4-science-B,stage4,egg4,Rare,science,B,greedy,5,beetle|mushroom,12,0.3333,0.25,12,34.0833,26.004,42.1627,6,18.3,34,44.9,61,56.9167,0.5833,6.9167,107.5833
egg4-science-B,stage4,egg4,Rare,science,B,random,1,mushroom,200,0.1,0.09,200,53.635,50.2942,56.9758,19,27.9,49,88.1,172,63.99,0.07,10.145,204.99
egg4-science-B,stage4,egg4,Rare,science,B,random,2,beetle|mushroom,182,0.4341,0.3626,182,52.7582,47.3,58.2164,2,10,46.5,101.8,163,48.0824,0.4451,10.5549,165.6538
egg4-science-B,stage4,egg4,Rare,science,B,random,3,mushroom|beetle,116,0.4052,0.3276,116,44.3707,38.1051,50.6363,1,7,36.5,90,169,49.2586,0.7931,9.1897,149.0862
egg4-science-B,stage4,egg4,Rare,science,B,random,4,brute,78,0.8974,0.8462,78,26.0256,21.2587,30.7925,3,6,18,49.3,117,8.3718,0.2692,5.4103,158.1282
egg4-science-B,stage4,egg4,Rare,science,B,random,6,beetle|mushroom,6,0.5,0.3333,6,24.6667,15.2714,34.062,14,14.5,21,38.5,39,46.6667,0.6667,5.1667,93.3333
egg4-science-B,stage4,egg4,Rare,science,B,random,8,stag,6,1,1,6,18.3333,8.1029,28.5638,9,9,12,34,40,0,0.1667,4,140.1667
egg4-science-B,stage4,egg4,Rare,science,B,random,7,beetle|mushroom,4,0.5,0.5,4,16,4.4321,27.5679,6,6,14.5,27.2,29,42,0.25,3.25,54
egg4-science-B,stage4,egg4,Rare,science,B,random,5,beetle|mushroom,5,0.4,0.4,5,21.4,7.0157,35.7843,3,4.2,24,37.4,39,34,0.2,4.4,79.4
egg5-balanced-A,stage4,egg5,Epic,balanced,A,greedy-egg,1,mushroom,200,0.02,0.015,200,14.015,13.7508,14.2792,10,12,14,17,21,27.935,0,3.04,87.09
egg5-balanced-A,stage4,egg5,Epic,balanced,A,greedy-egg,2,mushroom|beetle,197,1,0.9086,197,7.9442,7.4111,8.4773,2,4,6,14,18,0.9543,0,1.8528,52.8477
egg5-balanced-A,stage4,egg5,Epic,balanced,A,greedy-egg,3,mushroom|beetle,18,1,1,18,3.6111,2.7856,4.4366,2,2,3,6,6,0,0,0.7778,21.8333
egg5-balanced-A,stage4,egg5,Epic,balanced,A,greedy,1,mushroom,200,0,0,200,16.51,16.1408,16.8792,12,13,17,20,26,35.13,0,3.43,94.965
egg5-balanced-A,stage4,egg5,Epic,balanced,A,greedy,2,mushroom|beetle,200,0.95,0.795,200,10.68,9.8122,11.5478,2,4,9,18.2,31,4.74,0,2.46,63.045
egg5-balanced-A,stage4,egg5,Epic,balanced,A,greedy,3,mushroom|beetle,41,0.8293,0.8293,41,6.2439,4.8382,7.6496,2,3,6,12,22,6.0976,0,1.3902,37.1707
egg5-balanced-A,stage4,egg5,Epic,balanced,A,greedy,4,brute,7,1,1,7,7.2857,3.689,10.8824,3,3,6,13.2,15,0,0,1.8571,73.7143
egg5-balanced-A,stage4,egg5,Epic,balanced,A,random,1,mushroom,200,0.065,0.03,200,17.085,16.7008,17.4692,12,14,17,21,25,28.33,0,3.53,102.545
egg5-balanced-A,stage4,egg5,Epic,balanced,A,random,2,mushroom|beetle,194,0.9845,0.933,194,8.9691,8.2097,9.7284,2,4,8,18,27,1.5722,0,2.0052,55.9278
egg5-balanced-A,stage4,egg5,Epic,balanced,A,random,3,mushroom|beetle,13,1,1,13,6,3.7151,8.2849,2,3,4,9,18,0,0,1.0769,39.8462
egg5-balanced-B,stage4,egg5,Epic,balanced,B,greedy-egg,1,mushroom,200,0,0,200,11.165,10.7813,11.5487,8,8,10.5,14,25,59.015,0,2.285,62.56
egg5-balanced-B,stage4,egg5,Epic,balanced,B,greedy-egg,2,mushroom|beetle,200,0.285,0.215,200,11.015,10.5556,11.4744,4,8,10,15.1,21,17.06,0,2.425,57.36
egg5-balanced-B,stage4,egg5,Epic,balanced,B,greedy-egg,3,mushroom|beetle,157,0.9299,0.7134,157,6.8854,6.2908,7.4799,2,3,6,12,18,6.0318,0,1.3439,39.9299
egg5-balanced-B,stage4,egg5,Epic,balanced,B,greedy-egg,4,brute,45,1,1,45,4.8,4.1973,5.4027,3,3,6,6,12,0,0,0.9333,43.8222
egg5-balanced-B,stage4,egg5,Epic,balanced,B,greedy,1,mushroom,200,0,0,200,14.73,14.1786,15.2814,8,9,14,20,25,65.64,0,2.875,76.225
egg5-balanced-B,stage4,egg5,Epic,balanced,B,greedy,2,mushroom|beetle,200,0.285,0.2,200,15.16,14.3455,15.9745,5,9,14,23.1,35,32.93,0,3.145,72.025
egg5-balanced-B,stage4,egg5,Epic,balanced,B,greedy,3,beetle|mushroom,160,0.6125,0.4625,160,11.7063,10.6287,12.7838,2,4,11,19,38,24.1375,0,2.3687,56.325
egg5-balanced-B,stage4,egg5,Epic,balanced,B,greedy,4,brute,86,0.8837,0.8023,86,11.907,10.1444,13.6695,3,3,9,24.5,41,8.686,0,2.4419,90.3837
egg5-balanced-B,stage4,egg5,Epic,balanced,B,greedy,5,mushroom|beetle,8,0.375,0.375,8,13.375,9.009,17.741,3,7.2,12.5,21,21,39.875,0.125,2.875,48.875
egg5-balanced-B,stage4,egg5,Epic,balanced,B,greedy,8,stag,12,1,1,12,15.5833,9.4066,21.76,3,3.3,13.5,32.4,34,0,0.25,3.3333,154
egg5-balanced-B,stage4,egg5,Epic,balanced,B,greedy,6,mushroom|beetle,5,0,0,5,16.4,9.6501,23.1499,8,10.4,15,23.8,29,73,0,3.6,68.4
egg5-balanced-B,stage4,egg5,Epic,balanced,B,greedy,7,mushroom|beetle,10,0.3,0.2,10,13.2,8.8979,17.5021,3,4.8,13,23.1,24,48.2,0,2.8,50
egg5-balanced-B,stage4,egg5,Epic,balanced,B,random,1,mushroom,200,0,0,200,14.455,13.9613,14.9487,8,9,14,20,25,58.805,0,2.805,77.845
egg5-balanced-B,stage4,egg5,Epic,balanced,B,random,2,mushroom|beetle,200,0.415,0.245,200,14.935,14.0925,15.7775,3,9,15,23.1,35,27.26,0,3.06,73.595
egg5-balanced-B,stage4,egg5,Epic,balanced,B,random,3,mushroom|beetle,151,0.6887,0.5364,151,10.3775,9.3624,11.3926,2,3,9,19,34,21.4768,0.0066,2.0795,52.8146
egg5-balanced-B,stage4,egg5,Epic,balanced,B,random,4,brute,70,0.9286,0.8857,70,11.5714,9.5611,13.5817,3,3,9,24,43,4.6,0.0571,2.2571,96.4286
egg5-balanced-B,stage4,egg5,Epic,balanced,B,random,5,beetle|mushroom,5,0.8,0.4,5,13.4,5.3045,21.4955,3,3.4,17,21.6,22,26,0,2.8,70.2
egg5-balanced-B,stage4,egg5,Epic,balanced,B,random,6,mushroom|beetle,3,0.3333,0.3333,3,9.6667,6.0291,13.3043,6,7,11,11.8,12,44,0,2,27.6667
egg5-balanced-B,stage4,egg5,Epic,balanced,B,random,7,beetle|mushroom,2,0.5,0.5,2,21,-8.4,50.4,6,9,21,33,36,45.5,1,4.5,118
egg5-balanced-B,stage4,egg5,Epic,balanced,B,random,8,stag,4,1,1,4,41.25,-0.3539,82.8539,12,12,25.5,83.1,102,0,1,9,397.25
egg5-control,control_stage1-3,egg5,Epic,balanced,A,greedy-egg,1,mushroom,200,0.65,0.475,200,19.365,18.8554,19.8746,13,16,19,23,42,10.675,0,0,119.79
egg5-control,control_stage1-3,egg5,Epic,balanced,A,greedy-egg,2,beetle|mushroom,105,1,0.9905,105,6.381,5.5615,7.2004,2,2,6,12,21,0.1048,0,0,38.8762
egg5-control,control_stage1-3,egg5,Epic,balanced,A,greedy-egg,3,beetle,1,1,1,1,3,3,3,3,3,3,3,3,0,0,0,16
egg5-control,control_stage1-3,egg5,Epic,balanced,A,greedy,1,mushroom,200,0.34,0.255,200,28.3,26.9068,29.6932,14,18,26,42,67,25.555,0,0,150.345
egg5-control,control_stage1-3,egg5,Epic,balanced,A,greedy,2,mushroom|beetle,149,0.8725,0.7651,149,16.443,14.0321,18.8538,2,4,10,40,68,11.9329,0,0,82.1275
egg5-control,control_stage1-3,egg5,Epic,balanced,A,greedy,3,beetle|mushroom,35,0.8,0.6857,35,15.2286,11.5957,18.8614,3,6,10,31,45,12.3714,0.0286,0,77.6571
egg5-control,control_stage1-3,egg5,Epic,balanced,A,greedy,4,brute,11,1,1,11,12.2727,6.422,18.1235,3,3,9,21,36,0,0,0,97.8182
egg5-control,control_stage1-3,egg5,Epic,balanced,A,random,1,mushroom,200,0.605,0.455,200,28.13,26.8751,29.3849,16,18,26,40.1,61,20.485,0,0,157.335
egg5-control,control_stage1-3,egg5,Epic,balanced,A,random,2,beetle|mushroom,109,0.9083,0.8807,109,14.8165,12.2982,17.3349,2,4,12,36,62,7.3211,0.0092,0,79.1193
egg5-control,control_stage1-3,egg5,Epic,balanced,A,random,3,mushroom|beetle,13,0.6154,0.5385,13,16,7.4941,24.5059,3,3.2,15,25,61,25,0.0769,0,83.2308
egg5-control,control_stage1-3,egg5,Epic,balanced,A,random,4,brute,6,1,1,6,10,4.3874,15.6126,6,6,7.5,16.5,24,0,0,0,99.3333
egg5-math-A,stage4,egg5,Epic,math,A,greedy-egg,1,mushroom,200,0,0,200,12.875,12.5282,13.2218,8,10,13,16,25,49.02,0,2.525,74.17
egg5-math-A,stage4,egg5,Epic,math,A,greedy-egg,2,mushroom|beetle,200,0.75,0.47,200,11.935,11.2773,12.5927,4,6,11,18,30,11.515,0,2.725,66.215
egg5-math-A,stage4,egg5,Epic,math,A,greedy-egg,3,mushroom|beetle,106,0.9434,0.8774,106,6.1981,5.3911,7.0051,2,3,6,12,21,2.0377,0,1.3868,36.217
egg5-math-A,stage4,egg5,Epic,math,A,greedy-egg,4,brute,13,1,1,13,3.9231,3.1397,4.7065,3,3,3,6,6,0,0,1.0769,33.2308
egg5-math-A,stage4,egg5,Epic,math,A,greedy,1,mushroom,200,0,0,200,16.91,16.3596,17.4604,8,12,17,22,30,59.265,0,3.235,89.525
egg5-math-A,stage4,egg5,Epic,math,A,greedy,2,beetle|mushroom,200,0.455,0.295,200,16.925,15.8809,17.9691,4,8,15,28,44,29.705,0,3.585,81.915
egg5-math-A,stage4,egg5,Epic,math,A,greedy,3,mushroom|beetle,141,0.5603,0.4894,141,12.7163,11.3544,14.0782,2,3,11,25,36,27.4752,0.0071,2.6099,62.9929
egg5-math-A,stage4,egg5,Epic,math,A,greedy,4,brute,72,0.9028,0.9028,72,14.3889,12.2104,16.5674,3,3.3,12,27,39,3.7639,0,3.0556,116.6806
egg5-math-A,stage4,egg5,Epic,math,A,greedy,6,beetle|mushroom,4,0.25,0.25,4,17.25,4.2889,30.2111,4,5.5,16,30,33,39.75,0.25,4,75.5
egg5-math-A,stage4,egg5,Epic,math,A,greedy,8,stag,6,1,1,6,21,9.5378,32.4622,6,9,15,39,39,0,0,4.6667,202
egg5-math-A,stage4,egg5,Epic,math,A,greedy,5,mushroom,2,0.5,0,2,19.5,12.64,26.36,16,16.7,19.5,22.3,23,63.5,0.5,3.5,105
egg5-math-A,stage4,egg5,Epic,math,A,greedy,7,beetle,2,0,0,2,18,18,18,18,18,18,18,18,92,0,3,69
egg5-math-A,stage4,egg5,Epic,math,A,random,1,mushroom,200,0.01,0,200,17.24,16.7131,17.7669,9,13,17,22,30,51.305,0,3.325,94.54
egg5-math-A,stage4,egg5,Epic,math,A,random,2,beetle|mushroom,200,0.68,0.5,200,15.795,14.7319,16.8581,3,6,14,27,39,20.355,0,3.27,81.745
egg5-math-A,stage4,egg5,Epic,math,A,random,3,beetle|mushroom,100,0.66,0.58,100,12.06,10.5739,13.5461,2,3,11.5,22.1,30,22.27,0.01,2.54,58.31
egg5-math-A,stage4,egg5,Epic,math,A,random,4,brute,42,0.9048,0.9048,42,13.2857,10.741,15.8304,3,3,12,24,41,5.8571,0.0238,2.8095,112.881
egg5-math-A,stage4,egg5,Epic,math,A,random,5,beetle|mushroom,3,0.6667,0.6667,3,14.6667,9.564,19.7694,10,11,15,18.2,19,30,0.3333,3,95
egg5-math-A,stage4,egg5,Epic,math,A,random,7,beetle,2,0,0,2,16,-3.6,35.6,6,8,16,24,26,38,0.5,4,73.5
egg5-math-A,stage4,egg5,Epic,math,A,random,8,stag,2,1,1,2,13.5,10.56,16.44,12,12.3,13.5,14.7,15,0,0,2.5,165
egg5-math-A,stage4,egg5,Epic,math,A,random,6,mushroom,1,0,0,1,16,16,16,16,16,16,16,16,32,0,3,91
egg5-math-B,stage4,egg5,Epic,math,B,greedy-egg,1,mushroom,200,0,0,200,21.96,21.3998,22.5202,13,17,21,27,43,71.535,0,4.595,61.67
egg5-math-B,stage4,egg5,Epic,math,B,greedy-egg,2,beetle|mushroom,200,0.025,0.02,200,24.785,23.8408,25.7292,10,16,24,34.1,49,58.185,0,5.865,38.53
egg5-math-B,stage4,egg5,Epic,math,B,greedy-egg,3,beetle|mushroom,196,0.1122,0.0816,196,18.7704,17.5586,19.9822,2,7,18,30,40,52.6327,0.0102,4.4694,29.8214
egg5-math-B,stage4,egg5,Epic,math,B,greedy-egg,4,brute,180,0.5278,0.3833,180,22.6944,21.0721,24.3168,3,8.7,23,38,47,28.0667,0.0278,5.4778,67.0722
egg5-math-B,stage4,egg5,Epic,math,B,greedy-egg,5,mushroom|beetle,36,0.2778,0.2778,36,17.3889,14.8426,19.9352,2,8,17.5,26,34,29.0278,0.0278,4.3333,30.0278
egg5-math-B,stage4,egg5,Epic,math,B,greedy-egg,6,mushroom|beetle,33,0.1515,0.0909,33,16.2121,12.4073,20.017,2,4,16,31.8,47,54.5455,0.0606,3.9697,22.7273
egg5-math-B,stage4,egg5,Epic,math,B,greedy-egg,7,beetle|mushroom,43,0.093,0.0698,43,15.0698,12.1789,17.9606,2,3.2,14,27.8,41,60.8372,0.0465,3.6512,24.6047
egg5-math-B,stage4,egg5,Epic,math,B,greedy-egg,8,stag,95,0.9789,0.9789,95,24.8632,21.5649,28.1614,3,6,21,45,87,1.3053,0.3368,6.4105,107.9158
egg5-math-B,stage4,egg5,Epic,math,B,greedy,1,mushroom,200,0,0,200,31.13,29.7295,32.5305,16,20,29,43.3,71,77.47,0,6.095,94.03
egg5-math-B,stage4,egg5,Epic,math,B,greedy,2,beetle|mushroom,200,0.055,0.025,200,34.895,32.9459,36.8441,7,19,32,54,89,80.54,0,7.595,63.37
egg5-math-B,stage4,egg5,Epic,math,B,greedy,3,mushroom|beetle,195,0.0769,0.041,195,28.6923,26.5478,30.8368,1,10,27,50.2,77,79.8718,0.0615,6.2513,51.9538
egg5-math-B,stage4,egg5,Epic,math,B,greedy,4,brute,187,0.1818,0.1551,187,39.0053,36.1211,41.8896,6,12,37,64.2,128,58.1658,0.1872,8.6203,125.123
egg5-math-B,stage4,egg5,Epic,math,B,greedy,5,mushroom|beetle,70,0.1429,0.1143,70,24.3714,20.8359,27.907,4,7.8,21,46.4,77,73.4429,0.2429,5.4714,43.9286
egg5-math-B,stage4,egg5,Epic,math,B,greedy,6,beetle|mushroom,65,0.0615,0.0615,65,25.5538,21.6848,29.4229,2,6,23,48,67,73.4154,0.3231,5.7385,49.5846
egg5-math-B,stage4,egg5,Epic,math,B,greedy,7,mushroom|beetle,58,0.0172,0.0172,58,26.6552,21.1201,32.1902,1,9,21,56.4,101,76.1379,0.3793,6,48.1552
egg5-math-B,stage4,egg5,Epic,math,B,greedy,8,stag,145,0.9724,0.9655,145,47.1379,40.997,53.2789,3,12,36,96,195,1.869,0.9655,10.7655,238.9379
egg5-math-B,stage4,egg5,Epic,math,B,random,1,mushroom,200,0.005,0.005,200,32.97,31.7596,34.1804,16,23,32,44,63,76.44,0,6.5,101.045
egg5-math-B,stage4,egg5,Epic,math,B,random,2,beetle|mushroom,199,0.0704,0.0302,199,35.3719,33.3824,37.3613,2,19,33,54,79,80.0151,0.0503,7.5628,66.9749
egg5-math-B,stage4,egg5,Epic,math,B,random,3,mushroom|beetle,193,0.0725,0.0674,193,29.772,27.0561,32.4879,2,12,26,50,115,74.6218,0.3057,6.5285,55.3057
egg5-math-B,stage4,egg5,Epic,math,B,random,4,brute,180,0.4167,0.3222,180,39.3389,35.7467,42.931,3,13.9,36,67,139,47.1889,0.5389,8.5444,144.9889
egg5-math-B,stage4,egg5,Epic,math,B,random,5,beetle|mushroom,56,0.1071,0.0536,56,29.375,24.6572,34.0928,5,12.5,23,61.5,87,68.75,0.5179,6.3214,57.125
egg5-math-B,stage4,egg5,Epic,math,B,random,7,mushroom|beetle,50,0.06,0.04,50,22.94,19.956,25.924,4,12,20.5,36,59,71.38,0.4,5.04,55.7
egg5-math-B,stage4,egg5,Epic,math,B,random,8,stag,113,1,1,113,34.9912,29.8777,40.1046,3,9,30,66.8,161,0,0.8584,7.7345,188.9912
egg5-math-B,stage4,egg5,Epic,math,B,random,6,beetle|mushroom,41,0.1463,0.0976,41,29.6341,23.3577,35.9106,3,15,24,58,119,76.5854,0.5366,6.5366,59.3902
egg5-science-A,stage4,egg5,Epic,science,A,greedy-egg,1,mushroom,200,0,0,200,11.955,11.7356,12.1744,9,10,12,14.1,17,54.72,0,2.125,67.48
egg5-science-A,stage4,egg5,Epic,science,A,greedy-egg,2,mushroom|beetle,200,0.625,0.415,200,11.77,11.3344,12.2056,6,8,12,16,19,10.99,0,2.795,66.095
egg5-science-A,stage4,egg5,Epic,science,A,greedy-egg,3,mushroom|beetle,117,0.9487,0.8376,117,6.2906,5.5416,7.0396,2,2,6,13,18,2.6239,0,1.6068,37.0256
egg5-science-A,stage4,egg5,Epic,science,A,greedy-egg,4,brute,19,1,1,19,3.9474,3.1617,4.733,3,3,3,6,9,0,0,0.9474,35.5789
egg5-science-A,stage4,egg5,Epic,science,A,greedy,1,mushroom,200,0,0,200,13.955,13.654,14.256,10,11,14,17,18,65.29,0,2.455,72.995
egg5-science-A,stage4,egg5,Epic,science,A,greedy,2,mushroom|beetle,200,0.23,0.185,200,14.525,13.9079,15.1421,6,9,14,20,28,36.36,0,3.06,72.51
egg5-science-A,stage4,egg5,Epic,science,A,greedy,3,beetle|mushroom,163,0.4969,0.4294,163,11.9448,11.0225,12.867,2,4,12,20,27,28.9325,0,2.5521,57.227
egg5-science-A,stage4,egg5,Epic,science,A,greedy,4,brute,93,0.7849,0.7527,93,13.3226,11.5935,15.0516,3,3,12,25.8,31,16.4624,0.0108,2.9032,106.3441
egg5-science-A,stage4,egg5,Epic,science,A,greedy,6,beetle|mushroom,7,0.2857,0.1429,7,18.2857,14.1674,22.404,10,13,18,24.8,26,61.1429,0,3.8571,96.5714
egg5-science-A,stage4,egg5,Epic,science,A,greedy,7,beetle|mushroom,10,0.2,0.1,10,14.3,11.3629,17.2371,6,9.6,15,19.2,21,52.8,0.1,3.2,61.7
egg5-science-A,stage4,egg5,Epic,science,A,greedy,8,stag,19,1,1,19,25.4737,17.4239,33.5235,3,5.4,23,46.6,57,0,0.5789,5.8947,250
egg5-science-A,stage4,egg5,Epic,science,A,greedy,5,beetle|mushroom,10,0.2,0.2,10,17.1,13.8405,20.3595,6,13.2,16.5,22.2,24,44.2,0,3.6,76.5
egg5-science-A,stage4,egg5,Epic,science,A,random,1,mushroom,200,0,0,200,14.3,14.0214,14.5786,9,12,14,17,18,58.55,0,2.525,77.625
egg5-science-A,stage4,egg5,Epic,science,A,random,2,beetle|mushroom,200,0.455,0.295,200,14.7,13.9456,15.4544,4,8,14,22,32,27.135,0,3.115,73.985
egg5-science-A,stage4,egg5,Epic,science,A,random,3,mushroom|beetle,141,0.6525,0.539,141,11.2837,10.3472,12.2202,2,4,12,19,25,19.7163,0,2.4326,60.305
egg5-science-A,stage4,egg5,Epic,science,A,random,4,brute,65,0.9231,0.8615,65,10.9846,9.201,12.7682,3,3,9,23.2,28,5.8615,0.0154,2.4154,93.6308
egg5-science-A,stage4,egg5,Epic,science,A,random,6,beetle|mushroom,5,0.4,0.4,5,16.8,12.0634,21.5366,8,11.2,18,21.2,22,41.2,0,3.4,93.2
egg5-science-A,stage4,egg5,Epic,science,A,random,8,stag,5,1,1,5,22.2,7.7252,36.6748,12,12,15,39,51,0,0.2,5,217.8
egg5-science-A,stage4,egg5,Epic,science,A,random,5,mushroom,1,1,1,1,8,8,8,8,8,8,8,8,0,0,2,60
egg5-science-A,stage4,egg5,Epic,science,A,random,7,beetle|mushroom,3,0.3333,0.3333,3,8.6667,2.1333,15.2,2,4,12,12,12,44,0,2,36
egg5-science-B,stage4,egg5,Epic,science,B,greedy-egg,1,mushroom,200,0,0,200,14.415,14.0771,14.7529,11,12,14,18,26,53.725,0,3.01,70.655
egg5-science-B,stage4,egg5,Epic,science,B,greedy-egg,2,mushroom|beetle,200,0.475,0.31,200,15.01,14.2805,15.7395,6,8,14,22,29,18.35,0,3.34,62.385
egg5-science-B,stage4,egg5,Epic,science,B,greedy-egg,3,mushroom|beetle,138,0.7899,0.6449,138,10.2971,9.2915,11.3027,2,3,9,18,24,7.7609,0,2.2681,42.2174
egg5-science-B,stage4,egg5,Epic,science,B,greedy-egg,4,brute,49,1,1,49,7.0408,5.7978,8.2838,3,3,6,15,18,0,0,1.5306,47.0408
egg5-science-B,stage4,egg5,Epic,science,B,greedy,1,mushroom,200,0,0,200,18.04,17.495,18.585,11,13,18,24,30,66.545,0,3.525,82.145
egg5-science-B,stage4,egg5,Epic,science,B,greedy,2,mushroom|beetle,200,0.195,0.15,200,19.99,18.9553,21.0247,8,12,18.5,31,46,46.22,0,4.255,73.01
egg5-science-B,stage4,egg5,Epic,science,B,greedy,3,beetle|mushroom,170,0.3529,0.2471,170,17.1,15.8242,18.3758,2,6,17,28.1,39,46.8882,0.0176,3.5647,62.6176
egg5-science-B,stage4,egg5,Epic,science,B,greedy,4,brute,128,0.6641,0.5547,128,21.5547,19.3584,23.751,3,6,21,37,55,26.1016,0.0469,4.6406,116.0156
egg5-science-B,stage4,egg5,Epic,science,B,greedy,5,beetle|mushroom,21,0.1429,0.0952,21,21.4286,16.7814,26.0758,2,4,23,36,37,56.4762,0.2381,4.381,71
egg5-science-B,stage4,egg5,Epic,science,B,greedy,6,mushroom|beetle,28,0.25,0.1429,28,21.5,18.097,24.903,4,5.7,21.5,32,36,58.3214,0.2143,4.7143,75.3214
egg5-science-B,stage4,egg5,Epic,science,B,greedy,7,mushroom|beetle,21,0.1905,0.1905,21,16.4762,13.7255,19.2269,2,8,17,22,27,65.8095,0.0476,3.381,69.7143
egg5-science-B,stage4,egg5,Epic,science,B,greedy,8,stag,47,1,1,47,33.6809,25.2671,42.0946,3,7.8,24,79.2,117,0,0.5532,7.4681,231.2128
egg5-science-B,stage4,egg5,Epic,science,B,random,1,mushroom,200,0,0,200,18.39,17.9228,18.8572,12,14,18.5,23.1,30,59.47,0,3.605,87.015
egg5-science-B,stage4,egg5,Epic,science,B,random,2,mushroom|beetle,200,0.35,0.26,200,20.045,18.965,21.125,3,10,19,31,39,38.345,0.005,4.155,76.475
egg5-science-B,stage4,egg5,Epic,science,B,random,3,mushroom|beetle,148,0.473,0.3784,148,15.8243,14.2869,17.3617,2,4,15,29,45,39.0203,0.0338,3.2432,58.0338
egg5-science-B,stage4,egg5,Epic,science,B,random,4,brute,92,0.6522,0.587,92,20.5217,18.0208,23.0227,3,6,18,36,52,25.4022,0.1087,4.4457,115.1304
egg5-science-B,stage4,egg5,Epic,science,B,random,5,mushroom|beetle,17,0.4118,0.3529,17,23.1765,18.6754,27.6776,4,12,24,34,35,46.2353,0.4706,4.8824,86.2353
egg5-science-B,stage4,egg5,Epic,science,B,random,8,stag,28,1,1,28,27.4643,20.6945,34.234,3,6,24,48.6,78,0,0.6429,5.8214,205.1786
egg5-science-B,stage4,egg5,Epic,science,B,random,6,beetle|mushroom,11,0.2727,0.2727,11,17.9091,12.5222,23.296,3,8,18,25,37,61.7273,0.0909,3.7273,73.4545
egg5-science-B,stage4,egg5,Epic,science,B,random,7,beetle|mushroom,9,0.1111,0.1111,9,22.8889,16.041,29.7368,12,15.2,18,34.8,46,56.2222,0.3333,5,84.4444
egg6-balanced-A,stage4,egg6,Epic,balanced,A,greedy-egg,1,mushroom,200,0,0,200,23.725,23.1347,24.3153,15,18,24,29,42,103.285,0,4.32,56.37
egg6-balanced-A,stage4,egg6,Epic,balanced,A,greedy-egg,2,beetle|mushroom,200,0,0,200,25.15,24.1977,26.1023,10,16,24,36,45,104.175,0,5.01,41.11
egg6-balanced-A,stage4,egg6,Epic,balanced,A,greedy-egg,3,beetle|mushroom,200,0,0,200,22.84,21.6909,23.9891,6,14,21,36,47,103.395,0.04,4.635,33.105
egg6-balanced-A,stage4,egg6,Epic,balanced,A,greedy-egg,4,brute,200,0.005,0,200,29.115,27.8811,30.3489,9,18,27,39,57,94.035,0.08,5.91,86.935
egg6-balanced-A,stage4,egg6,Epic,balanced,A,greedy-egg,5,mushroom|beetle,82,0,0,82,20.1829,18.1267,22.2392,4,8,19.5,35.8,42,99.5366,0.1098,4.1463,30.061
egg6-balanced-A,stage4,egg6,Epic,balanced,A,greedy-egg,6,mushroom|beetle,83,0.012,0.012,83,17.9277,15.6579,20.1975,2,6,18,33,47,99.8554,0.1205,3.6988,30.7349
egg6-balanced-A,stage4,egg6,Epic,balanced,A,greedy-egg,7,mushroom|beetle,78,0,0,78,16.9103,15.3019,18.5186,2,8,16,26.3,39,100.8462,0.1154,3.6026,28.1795
egg6-balanced-A,stage4,egg6,Epic,balanced,A,greedy-egg,8,stag,199,0.608,0.5829,199,65.7236,61.401,70.0463,12,29.4,60,108.6,174,34.809,1.2563,13.8844,265.603
egg6-balanced-A,stage4,egg6,Epic,balanced,A,greedy,1,mushroom,200,0,0,200,31.99,30.3294,33.6506,15,20,30,49.1,74,97.685,0,5.845,106.185
egg6-balanced-A,stage4,egg6,Epic,balanced,A,greedy,2,mushroom|beetle,200,0,0,200,34.655,32.6909,36.6191,9,19,30.5,54.1,82,101.095,0.005,6.885,79.1
egg6-balanced-A,stage4,egg6,Epic,balanced,A,greedy,3,mushroom|beetle,200,0,0,200,28.115,26.2688,29.9612,2,12,27,45,78,100.245,0.085,5.745,64.035
egg6-balanced-A,stage4,egg6,Epic,balanced,A,greedy,4,brute,200,0.055,0.05,200,39.125,36.7833,41.4667,5,18.9,37,60.3,99,82.12,0.25,7.98,166.36
egg6-balanced-A,stage4,egg6,Epic,balanced,A,greedy,5,beetle|mushroom,75,0.0133,0.0133,75,30.3333,26.3149,34.3517,2,11.4,27,53.6,80,95.56,0.2533,6.3067,71.72
egg6-balanced-A,stage4,egg6,Epic,balanced,A,greedy,6,mushroom|beetle,82,0,0,82,24.5366,20.63,28.4432,2,8.2,22,38.9,134,94.9878,0.3293,5.1341,65.8902
egg6-balanced-A,stage4,egg6,Epic,balanced,A,greedy,8,stag,189,0.9048,0.8889,189,59.8201,54.4794,65.1608,9,21,51,111.4,192,9.3175,1.2646,12.6032,379.7354
egg6-balanced-A,stage4,egg6,Epic,balanced,A,greedy,7,mushroom|beetle,73,0,0,73,24.3699,21.2953,27.4444,4,10,21,39.8,73,97.8493,0.3151,5.0822,56.9315
egg6-balanced-A,stage4,egg6,Epic,balanced,A,random,1,mushroom,200,0,0,200,33.485,32.2307,34.7393,18,22,32,46,65,98.545,0,6.19,116.835
egg6-balanced-A,stage4,egg6,Epic,balanced,A,random,2,mushroom|beetle,200,0,0,200,35.075,33.3032,36.8468,12,20,33.5,52,80,99.065,0.07,6.95,89.32
egg6-balanced-A,stage4,egg6,Epic,balanced,A,random,3,beetle|mushroom,200,0.005,0.005,200,29.905,27.8007,32.0093,2,13.9,27,51,93,97.28,0.185,6.16,78.16
egg6-balanced-A,stage4,egg6,Epic,balanced,A,random,4,brute,199,0.1357,0.1005,199,41.9246,39.1205,44.7288,6,21,37,65.6,148,72.1658,0.4975,8.598,199.3065
egg6-balanced-A,stage4,egg6,Epic,balanced,A,random,6,beetle|mushroom,66,0.0606,0.0606,66,27.5909,23.246,31.9358,1,9,23.5,48.5,86,84.3485,0.4848,5.7727,74.7879
egg6-balanced-A,stage4,egg6,Epic,balanced,A,random,8,stag,172,0.9593,0.936,172,48.0291,42.6843,53.3738,6,18,39,96,249,5.5349,1.1105,10.2035,325.2558
egg6-balanced-A,stage4,egg6,Epic,balanced,A,random,5,beetle|mushroom,69,0.058,0.0435,69,28.4058,24.8367,31.9749,2,12.8,24,48,77,82.9565,0.4348,5.8986,87.7681
egg6-balanced-A,stage4,egg6,Epic,balanced,A,random,7,mushroom|beetle,77,0,0,77,26.5714,23.1657,29.9771,2,12,23,42.8,71,90.6494,0.4675,5.6234,79.7792
egg6-balanced-B,stage4,egg6,Epic,balanced,B,greedy-egg,1,mushroom,200,0,0,200,24.47,23.7384,25.2016,16,18.9,24,30,49,77.645,0,4.465,56.18
egg6-balanced-B,stage4,egg6,Epic,balanced,B,greedy-egg,2,mushroom|beetle,200,0.01,0.01,200,20.69,19.4303,21.9497,2,8,20,33,48,70.22,0.005,4.125,29.185
egg6-balanced-B,stage4,egg6,Epic,balanced,B,greedy-egg,3,mushroom|beetle,198,0.0505,0.0303,198,16.1768,14.8748,17.4787,2,4,15,30,48,66.7374,0.0758,3.2929,21.4495
egg6-balanced-B,stage4,egg6,Epic,balanced,B,greedy-egg,4,brute,192,0.1563,0.125,192,21.3125,19.5828,23.0422,3,6,18,36,63,49.1458,0.1771,4.3073,44.1406
egg6-balanced-B,stage4,egg6,Epic,balanced,B,greedy-egg,5,beetle|mushroom,65,0.0923,0.0462,65,14.4923,12.2875,16.6971,2,3.4,12,25.2,39,46.0154,0.1077,2.9077,19.9692
egg6-balanced-B,stage4,egg6,Epic,balanced,B,greedy-egg,6,beetle|mushroom,66,0.0758,0.0606,66,13.9545,11.7003,16.2088,2,3.5,12,27.5,36,57.1364,0.1061,2.8182,14
egg6-balanced-B,stage4,egg6,Epic,balanced,B,greedy-egg,7,beetle|mushroom,74,0.1216,0.0811,74,13.3108,11.4502,15.1714,2,3,12,24,39,59.1892,0.1351,2.6892,16.7703
egg6-balanced-B,stage4,egg6,Epic,balanced,B,greedy-egg,8,stag,155,0.8129,0.7935,155,37.1613,33.8261,40.4965,3,7.2,36,65.2,90,8.529,0.6968,7.6194,103.5548
egg6-balanced-B,stage4,egg6,Epic,balanced,B,greedy,1,mushroom,200,0,0,200,29.65,28.3714,30.9286,11,20,28,41.1,68,81.065,0.005,5.44,77.875
egg6-balanced-B,stage4,egg6,Epic,balanced,B,greedy,2,mushroom|beetle,200,0.02,0.02,200,29.445,27.3542,31.5358,2,10,28,49.1,78,77.51,0.08,5.905,48.135
egg6-balanced-B,stage4,egg6,Epic,balanced,B,greedy,3,beetle|mushroom,196,0.0204,0.0102,196,21.1071,19.1389,23.0754,2,6,18,39,96,74.5459,0.148,4.2653,34.1276
egg6-balanced-B,stage4,egg6,Epic,balanced,B,greedy,4,brute,194,0.2216,0.1753,194,23.4175,21.3324,25.5027,3,6,24,42,90,57.6289,0.2268,4.7371,61.9072
egg6-balanced-B,stage4,egg6,Epic,balanced,B,greedy,8,stag,148,0.8649,0.8311,148,38.527,35.1912,41.8628,3,15,33,66,109,8.8986,0.8041,7.8986,144.4054
egg6-balanced-B,stage4,egg6,Epic,balanced,B,greedy,5,mushroom|beetle,60,0.1,0.0833,60,20.1833,17.2085,23.1582,2,5.8,18.5,36,52,64.65,0.25,4.05,35.5333
egg6-balanced-B,stage4,egg6,Epic,balanced,B,greedy,7,mushroom|beetle,63,0.0476,0.0317,63,15.7302,13.1444,18.316,2,4,15,29.8,51,73.7302,0.2381,3.3175,25.381
egg6-balanced-B,stage4,egg6,Epic,balanced,B,greedy,6,beetle|mushroom,56,0.0893,0.0893,56,17.3214,14.2784,20.3645,2,3.5,15.5,30,69,73.0179,0.2321,3.5,28.9643
egg6-balanced-B,stage4,egg6,Epic,balanced,B,random,1,mushroom,200,0,0,200,32.045,30.8128,33.2772,16,22,30,45,66,79.57,0.015,5.915,86.715
egg6-balanced-B,stage4,egg6,Epic,balanced,B,random,2,beetle|mushroom,200,0.07,0.05,200,28.9,27.0761,30.7239,4,14,27,46.1,75,70.495,0.235,5.745,48.295
egg6-balanced-B,stage4,egg6,Epic,balanced,B,random,3,beetle|mushroom,190,0.1211,0.0789,190,20.4263,18.5222,22.3305,1,6,18,39,83,67.7263,0.2474,4.2053,33.6789
egg6-balanced-B,stage4,egg6,Epic,balanced,B,random,4,brute,175,0.3371,0.2629,175,24.0057,21.8514,26.16,3,8,24,42,81,44.0857,0.4,4.8629,67.6286
egg6-balanced-B,stage4,egg6,Epic,balanced,B,random,7,mushroom|beetle,52,0.1538,0.1154,52,15,11.9974,18.0026,2,4.2,12,27.8,57,56.4423,0.25,3,28.4231
egg6-balanced-B,stage4,egg6,Epic,balanced,B,random,8,stag,110,0.9364,0.8909,110,32.9182,28.618,37.2184,3,6,30,63.6,107,5.1636,0.7636,6.7636,131.2273
egg6-balanced-B,stage4,egg6,Epic,balanced,B,random,5,mushroom|beetle,47,0.1702,0.1064,47,19.0638,15.3151,22.8126,2,4,18,36,54,58.8085,0.2979,3.8936,28.4681
egg6-balanced-B,stage4,egg6,Epic,balanced,B,random,6,beetle|mushroom,50,0.16,0.16,50,18.4,14.8961,21.9039,2,4,15,36.3,58,53.36,0.42,3.88,33.46
egg6-control,control_stage1-3,egg6,Epic,balanced,A,greedy-egg,1,mushroom,200,0,0,200,24.225,23.6259,24.8241,16,20,24,30,43,55.745,0,0,70.35
egg6-control,control_stage1-3,egg6,Epic,balanced,A,greedy-egg,2,mushroom|beetle,200,0.3,0.235,200,23.93,22.6961,25.1639,2,12,24,36,42,29.675,0,0,59.04
egg6-control,control_stage1-3,egg6,Epic,balanced,A,greedy-egg,3,beetle|mushroom,153,0.4771,0.3725,153,19.1895,17.4438,20.9353,2,4.4,18,36,48,21.451,0.0196,0,43.4771
egg6-control,control_stage1-3,egg6,Epic,balanced,A,greedy-egg,4,brute,96,0.8438,0.7708,96,14.4688,12.1086,16.8289,3,3,9,33,42,7.8125,0,0,58.0521
egg6-control,control_stage1-3,egg6,Epic,balanced,A,greedy-egg,6,mushroom|beetle,6,0.6667,0.5,6,21.1667,9.5005,32.8328,3,3.5,25.5,34.5,39,30,0,0,50
egg6-control,control_stage1-3,egg6,Epic,balanced,A,greedy-egg,8,stag,11,1,1,11,11.7273,5.823,17.6315,3,3,6,21,36,0,0,0,92.5455
egg6-control,control_stage1-3,egg6,Epic,balanced,A,greedy-egg,7,mushroom|beetle,3,0.3333,0.3333,3,7.3333,6.0267,8.64,6,6.4,8,8,8,12,0,0,17.3333
egg6-control,control_stage1-3,egg6,Epic,balanced,A,greedy-egg,5,mushroom|beetle,11,0.7273,0.6364,11,14,8.0963,19.9037,3,6,12,20,39,11.4545,0,0,36.5455
egg6-control,control_stage1-3,egg6,Epic,balanced,A,greedy,1,mushroom,200,0.04,0.035,200,31.61,30.1669,33.0531,15,21,30,44.1,77,53.285,0,0,124.86
egg6-control,control_stage1-3,egg6,Epic,balanced,A,greedy,2,mushroom|beetle,193,0.4922,0.3834,193,27.8705,25.4318,30.3092,2,7.2,26,51,81,36.4767,0.0104,0,94.2902
egg6-control,control_stage1-3,egg6,Epic,balanced,A,greedy,3,beetle|mushroom,119,0.3866,0.3025,119,24.9748,21.9208,28.0288,2,6,22,48,81,41.3193,0.0252,0,83.3529
egg6-control,control_stage1-3,egg6,Epic,balanced,A,greedy,4,brute,83,0.8795,0.8434,83,18.6867,15.9027,21.4708,3,6,15,36.8,54,6.3976,0,0,114.1446
egg6-control,control_stage1-3,egg6,Epic,balanced,A,greedy,6,mushroom|beetle,5,0.4,0.2,5,16.6,9.936,23.264,8,9.6,14,24.8,26,29.8,0,0,62.4
egg6-control,control_stage1-3,egg6,Epic,balanced,A,greedy,7,beetle|mushroom,5,0.4,0.4,5,28.2,21.0952,35.3048,18,20.4,27,36.6,39,45.4,0.2,0,85.4
egg6-control,control_stage1-3,egg6,Epic,balanced,A,greedy,8,stag,8,1,1,8,24.375,8.8403,39.9097,6,6,19.5,43.5,75,0,0,0,172.25
egg6-control,control_stage1-3,egg6,Epic,balanced,A,greedy,5,mushroom|beetle,3,0.6667,0.6667,3,25,5.3674,44.6326,10,12.2,21,39.4,44,17.3333,0,0,99.6667
egg6-control,control_stage1-3,egg6,Epic,balanced,A,random,1,mushroom,200,0.135,0.085,200,33.32,31.8472,34.7928,16,22,31,48,69,44.835,0.005,0,139.62
egg6-control,control_stage1-3,egg6,Epic,balanced,A,random,2,mushroom|beetle,183,0.6175,0.5191,183,25.3661,22.6955,28.0368,2,6,21,54,78,26.6175,0.0437,0,91.929
egg6-control,control_stage1-3,egg6,Epic,balanced,A,random,3,mushroom|beetle,88,0.5114,0.4318,88,24.0114,21.0103,27.0124,2,6,24,42,74,28.1705,0.125,0,86.4659
egg6-control,control_stage1-3,egg6,Epic,balanced,A,random,4,brute,50,0.94,0.9,50,13.32,10.778,15.862,3,3,12,27,42,5.52,0,0,88.38
egg6-control,control_stage1-3,egg6,Epic,balanced,A,random,5,mushroom|beetle,3,0.3333,0.3333,3,26.3333,19.7027,32.9639,22,22.4,24,31.2,33,62,0,0,107.6667
egg6-control,control_stage1-3,egg6,Epic,balanced,A,random,6,mushroom,2,0.5,0.5,2,34,26.16,41.84,30,30.8,34,37.2,38,49.5,0.5,0,172.5
egg6-control,control_stage1-3,egg6,Epic,balanced,A,random,7,beetle,1,0,0,1,27,27,27,27,27,27,27,27,86,0,0,86
egg6-control,control_stage1-3,egg6,Epic,balanced,A,random,8,stag,3,1,1,3,15,6.0182,23.9818,9,9.6,12,21.6,24,0,0,0,134
egg6-math-A,stage4,egg6,Epic,math,A,greedy-egg,1,mushroom,200,0,0,200,15.52,15.2463,15.7937,10,14,15,18,20,73.92,0,2.82,47.535
egg6-math-A,stage4,egg6,Epic,math,A,greedy-egg,2,beetle|mushroom,200,0.03,0.02,200,17.195,16.5118,17.8782,4,11,17,24,29,49.73,0,3.36,43.81
egg6-math-A,stage4,egg6,Epic,math,A,greedy-egg,3,mushroom|beetle,196,0.2296,0.1888,196,14.1531,13.4107,14.8955,3,6,14,21,27,32.2959,0,2.8571,36.1224
egg6-math-A,stage4,egg6,Epic,math,A,greedy-egg,4,brute,159,0.7296,0.566,159,14.4843,13.3135,15.6551,3,6,12,24.2,31,13.4088,0.0063,2.956,59.761
egg6-math-A,stage4,egg6,Epic,math,A,greedy-egg,5,mushroom|beetle,20,0.45,0.35,20,11.45,8.7316,14.1684,2,3.9,11,18.3,24,18.75,0,2.4,26.3
egg6-math-A,stage4,egg6,Epic,math,A,greedy-egg,6,beetle|mushroom,26,0.4231,0.3462,26,12.5385,10.2188,14.8582,3,5,14,20,27,26.5385,0,2.4231,29.9231
egg6-math-A,stage4,egg6,Epic,math,A,greedy-egg,8,stag,51,0.9804,0.9608,51,20.8431,16.4983,25.188,3,6,18,45,60,0.9804,0.1765,4.2549,100.3137
egg6-math-A,stage4,egg6,Epic,math,A,greedy-egg,7,mushroom|beetle,20,0.15,0.1,20,14.3,12.2049,16.3951,5,9.8,14.5,21.2,24,39.7,0.05,2.85,33.6
egg6-math-A,stage4,egg6,Epic,math,A,greedy,1,mushroom,200,0,0,200,17.42,16.987,17.853,10,14,17,21,25,69.125,0,3.18,70.66
egg6-math-A,stage4,egg6,Epic,math,A,greedy,2,beetle|mushroom,200,0.145,0.09,200,18.985,18.1059,19.8641,6,11.9,18,29,33,52.86,0,3.76,63.97
egg6-math-A,stage4,egg6,Epic,math,A,greedy,3,beetle|mushroom,182,0.3022,0.2473,182,15.1209,14.1338,16.108,2,6,15.5,24,34,43.4725,0.0055,2.978,51.7527
egg6-math-A,stage4,egg6,Epic,math,A,greedy,4,brute,137,0.7153,0.6058,137,18.2555,16.6503,19.8606,3,6,18,30.4,40,23.6058,0,3.6277,106.854
egg6-math-A,stage4,egg6,Epic,math,A,greedy,5,beetle|mushroom,24,0.2083,0.2083,24,14.6667,12.2642,17.0691,2,5.2,15.5,22.7,24,48.1667,0,3,50.0833
egg6-math-A,stage4,egg6,Epic,math,A,greedy,8,stag,45,1,1,45,20.0667,15.6446,24.4888,3,6,12,42,57,0,0.2,4.1111,161.4667
egg6-math-A,stage4,egg6,Epic,math,A,greedy,6,mushroom|beetle,25,0.16,0.16,25,14.16,11.0165,17.3035,1,2.8,14,21.6,33,59,0,2.88,50.44
egg6-math-A,stage4,egg6,Epic,math,A,greedy,7,beetle|mushroom,19,0.0526,0,19,14.7895,11.9512,17.6277,4,7.6,15,22,29,67,0.0526,3.0526,46.3684
egg6-math-A,stage4,egg6,Epic,math,A,random,1,mushroom,200,0,0,200,17.89,17.4874,18.2926,10,15,18,21,27,66.19,0,3.3,76.36
egg6-math-A,stage4,egg6,Epic,math,A,random,2,beetle|mushroom,200,0.265,0.18,200,18.935,17.9531,19.9169,2,10,18.5,29,36,42.83,0,3.705,69.33
egg6-math-A,stage4,egg6,Epic,math,A,random,3,beetle|mushroom,164,0.4146,0.2988,164,15.6707,14.4607,16.8807,2,5.3,15.5,27,36,40.4024,0,3.1646,57.7622
egg6-math-A,stage4,egg6,Epic,math,A,random,4,brute,115,0.7913,0.7043,115,17.313,15.4033,19.2228,3,6,15,32.6,38,12.9478,0.0609,3.4696,109.9391
egg6-math-A,stage4,egg6,Epic,math,A,random,5,mushroom|beetle,22,0.3182,0.3182,22,14.9545,11.3472,18.5619,4,4.1,15.5,25.9,33,47.9091,0.0455,2.9091,53.5909
egg6-math-A,stage4,egg6,Epic,math,A,random,7,mushroom|beetle,12,0.3333,0.1667,12,16.5833,11.4007,21.766,6,9.1,14.5,23.7,40,64.25,0.25,3.5833,68.8333
egg6-math-A,stage4,egg6,Epic,math,A,random,8,stag,25,1,1,25,23.72,18.3768,29.0632,3,8.4,21,36.4,63,0,0.56,4.88,181.96
egg6-math-A,stage4,egg6,Epic,math,A,random,6,beetle|mushroom,5,0,0,5,27.2,15.2231,39.1769,10,13.2,27,41,43,73.2,0.4,5.6,89.4
egg6-math-B,stage4,egg6,Epic,math,B,greedy-egg,1,mushroom,200,0,0,200,24.595,23.9699,25.2201,16,20,24,30,44,86.575,0,4.46,44.345
egg6-math-B,stage4,egg6,Epic,math,B,greedy-egg,2,beetle|mushroom,200,0,0,200,26.965,25.9569,27.9731,10,18,26,36,48,82.095,0,5.4,27.405
egg6-math-B,stage4,egg6,Epic,math,B,greedy-egg,3,mushroom|beetle,200,0.015,0.01,200,22.605,21.2684,23.9416,3,12,22,36,51,77,0.035,4.655,24.71
egg6-math-B,stage4,egg6,Epic,math,B,greedy-egg,4,brute,198,0.1465,0.1212,198,27.4798,26.0742,28.8854,3,15,27,42,54,58.6869,0.0657,5.5859,50.6717
egg6-math-B,stage4,egg6,Epic,math,B,greedy-egg,5,mushroom|beetle,81,0.1235,0.0864,81,23.0123,20.4094,25.6153,2,8,21,37,60,61.037,0.2222,4.7901,26.0123
egg6-math-B,stage4,egg6,Epic,math,B,greedy-egg,7,beetle|mushroom,66,0.0303,0.0303,66,17.6061,15.333,19.8791,2,7,16,31.5,45,73.1364,0.1212,3.7273,19.2727
egg6-math-B,stage4,egg6,Epic,math,B,greedy-egg,8,stag,161,0.8509,0.8199,161,48.5217,44.0225,53.021,3,12,46,86,141,9.7516,0.882,10.2174,118.9255
egg6-math-B,stage4,egg6,Epic,math,B,greedy-egg,6,beetle|mushroom,65,0.0769,0.0615,65,17,14.362,19.638,2,4,17,30,45,61.3077,0.0923,3.4,17.1538
egg6-math-B,stage4,egg6,Epic,math,B,greedy,1,mushroom,200,0,0,200,33.77,32.0548,35.4852,16,20,31,51.1,78,87.7,0,6.21,75.67
egg6-math-B,stage4,egg6,Epic,math,B,greedy,2,mushroom|beetle,200,0,0,200,35.92,33.8634,37.9766,2,20,33,59,89,86.63,0.01,7.185,52.23
egg6-math-B,stage4,egg6,Epic,math,B,greedy,3,beetle|mushroom,200,0.025,0.02,200,28.15,25.9506,30.3494,2,10,26,49.2,72,84.585,0.09,5.695,39.26
egg6-math-B,stage4,egg6,Epic,math,B,greedy,4,brute,196,0.1684,0.1327,196,41.4388,38.239,44.6385,3,18,36,70.5,165,66.5459,0.3724,8.4643,102.75
egg6-math-B,stage4,egg6,Epic,math,B,greedy,8,stag,161,0.9255,0.9068,161,53.528,47.1593,59.8966,3,12,44,102,228,6.7081,1.0745,11.3354,206.7764
egg6-math-B,stage4,egg6,Epic,math,B,greedy,5,mushroom|beetle,67,0.0597,0.0448,67,26.9403,22.3555,31.5251,3,8,21,50.8,114,71.2985,0.2836,5.5373,40.3881
egg6-math-B,stage4,egg6,Epic,math,B,greedy,6,beetle|mushroom,68,0.0735,0.0588,68,24.5588,20.3256,28.7921,1,10,18.5,44.5,94,79.3529,0.3235,5.0882,35.6765
egg6-math-B,stage4,egg6,Epic,math,B,greedy,7,beetle|mushroom,57,0.0351,0.0351,57,27.6491,21.2545,34.0438,4,6.6,20,66,130,74.2281,0.4912,5.7544,36.0175
egg6-math-B,stage4,egg6,Epic,math,B,random,1,mushroom,200,0,0,200,35.82,34.4133,37.2267,18,23,34,50.1,67,86.095,0,6.705,85.665
egg6-math-B,stage4,egg6,Epic,math,B,random,2,mushroom|beetle,200,0.03,0.02,200,36.645,34.5691,38.7209,6,18.9,35,58.2,99,85.83,0.1,7.23,54.815
egg6-math-B,stage4,egg6,Epic,math,B,random,3,beetle|mushroom,196,0.0357,0.0306,196,30.6582,28.1348,33.1815,2,13.5,28,49.5,119,82.0663,0.2347,6.3163,44.0816
egg6-math-B,stage4,egg6,Epic,math,B,random,4,brute,190,0.2895,0.2211,190,39.4947,36.414,42.5755,6,14.9,36,69.1,113,53.6211,0.4684,8.0842,104.2526
egg6-math-B,stage4,egg6,Epic,math,B,random,8,stag,132,0.9773,0.9621,132,38.0303,32.5977,43.4629,3,6.3,26.5,77.7,201,2.4697,0.8409,7.9773,168.5758
egg6-math-B,stage4,egg6,Epic,math,B,random,5,beetle|mushroom,47,0.1277,0.1064,47,30.1277,24.1667,36.0886,4,10,25,55.2,112,76.9362,0.5106,6.4255,40.7447
egg6-math-B,stage4,egg6,Epic,math,B,random,7,beetle|mushroom,53,0.1132,0.0755,53,25.283,20.4953,30.0708,2,6.2,21,50.4,90,74.9623,0.434,5.3208,37.3962
egg6-math-B,stage4,egg6,Epic,math,B,random,6,mushroom|beetle,69,0.1014,0.1014,69,26.9275,22.3216,31.5335,2,7.8,20,60,90,71.3478,0.4783,5.7246,41.1884
egg6-science-A,stage4,egg6,Epic,science,A,greedy-egg,1,mushroom,200,0,0,200,15.485,15.1308,15.8392,10,12,15,18,25,73.67,0,2.775,48.565
egg6-science-A,stage4,egg6,Epic,science,A,greedy-egg,2,mushroom|beetle,200,0.025,0.015,200,17.005,16.3043,17.7057,4,10,17.5,24,33,50.915,0,3.395,42.92
egg6-science-A,stage4,egg6,Epic,science,A,greedy-egg,3,beetle|mushroom,197,0.2284,0.1878,197,13.5635,12.7706,14.3563,2,6,13,21,29,32.8274,0,2.7005,38.0508
egg6-science-A,stage4,egg6,Epic,science,A,greedy-egg,4,brute,160,0.7562,0.6125,160,13.5813,12.498,14.6645,3,6,12,24,30,12.1813,0.0063,2.7313,57.6187
egg6-science-A,stage4,egg6,Epic,science,A,greedy-egg,5,mushroom|beetle,22,0.5,0.4545,22,10.9545,8.2883,13.6208,2,3,11,17.9,24,18.7727,0,2.0909,25.5
egg6-science-A,stage4,egg6,Epic,science,A,greedy-egg,8,stag,39,0.9487,0.9487,39,15.1282,11.232,19.0244,3,6,9,30,60,2,0.1282,3.0513,73.1795
egg6-science-A,stage4,egg6,Epic,science,A,greedy-egg,6,mushroom|beetle,23,0.4348,0.3478,23,10.6522,7.9062,13.3982,3,3.2,10,20.4,24,21.5217,0,2.2174,32.5217
egg6-science-A,stage4,egg6,Epic,science,A,greedy-egg,7,mushroom|beetle,18,0.3889,0.2778,18,11.2222,8.9449,13.4996,4,6,11,18.3,20,28,0,2.5556,32.2778
egg6-science-A,stage4,egg6,Epic,science,A,greedy,1,mushroom,200,0,0,200,19.145,18.5258,19.7642,11,14,20,25,30,68.65,0,3.495,77.505
egg6-science-A,stage4,egg6,Epic,science,A,greedy,2,beetle|mushroom,200,0.19,0.115,200,20.82,19.7487,21.8913,6,11.9,20,31.1,40,49.11,0,4.135,71.515
egg6-science-A,stage4,egg6,Epic,science,A,greedy,3,beetle|mushroom,177,0.3164,0.2373,177,16.0678,14.8747,17.2609,2,5.2,16,27,42,42.3785,0.0113,3.209,56.1751
egg6-science-A,stage4,egg6,Epic,science,A,greedy,4,brute,135,0.7259,0.6148,135,18.6519,16.6676,20.6361,3,6,18,33,51,17.5778,0.0222,3.763,106.8815
egg6-science-A,stage4,egg6,Epic,science,A,greedy,5,beetle|mushroom,19,0.3684,0.2632,19,19.1053,13.8147,24.3958,2,7,17,32,49,60,0.2105,3.7368,71.5789
egg6-science-A,stage4,egg6,Epic,science,A,greedy,7,beetle|mushroom,19,0.1053,0.1053,19,15.4211,12.4751,18.367,4,8.4,15,24.4,27,67.3158,0.0526,3.1579,53.5263
egg6-science-A,stage4,egg6,Epic,science,A,greedy,8,stag,42,1,1,42,24.4048,18.6766,30.133,3,6,21,47.9,75,0,0.4048,5.1429,185.7143
egg6-science-A,stage4,egg6,Epic,science,A,greedy,6,mushroom|beetle,19,0.2632,0.1579,19,19.8947,14.5936,25.1959,4,6,19,33,48,60.9474,0.1579,4.0526,64.2632
egg6-science-A,stage4,egg6,Epic,science,A,random,1,mushroom,200,0,0,200,19.8,19.1992,20.4008,10,15,20,25.1,30,61.985,0,3.625,85.05
egg6-science-A,stage4,egg6,Epic,science,A,random,2,mushroom|beetle,200,0.335,0.245,200,19.37,18.1936,20.5464,4,8,19,33,42,40.415,0,3.845,72.535
egg6-science-A,stage4,egg6,Epic,science,A,random,3,beetle|mushroom,151,0.457,0.3311,151,16.4371,15.0491,17.8251,2,4,17,27,36,40.6159,0.0265,3.2583,59.6954
egg6-science-A,stage4,egg6,Epic,science,A,random,4,brute,101,0.7723,0.7327,101,18.9505,16.6609,21.2401,3,3,18,34,50,14.1584,0.099,3.8317,117.9802
egg6-science-A,stage4,egg6,Epic,science,A,random,6,mushroom|beetle,10,0.2,0.2,10,22.7,14.7677,30.6323,4,7.6,20.5,34.5,48,64.6,0.4,4.8,75.9
egg6-science-A,stage4,egg6,Epic,science,A,random,5,mushroom|beetle,12,0.4167,0.3333,12,16.6667,10.8497,22.4836,2,8.1,12,32.2,35,39.1667,0,3.5,54.6667
egg6-science-A,stage4,egg6,Epic,science,A,random,8,stag,20,1,1,20,22.85,14.1155,31.5845,6,6,16.5,44.1,81,0,0.5,4.7,193.7
egg6-science-A,stage4,egg6,Epic,science,A,random,7,beetle|mushroom,7,0.1429,0.1429,7,17,13.0567,20.9433,10,11.2,18,22.4,26,75.5714,0,3.4286,55.7143
egg6-science-B,stage4,egg6,Epic,science,B,greedy-egg,1,mushroom,200,0,0,200,22,21.4975,22.5025,16,18,22,28,36,86.505,0,3.995,40.595
egg6-science-B,stage4,egg6,Epic,science,B,greedy-egg,2,mushroom|beetle,200,0,0,200,23.935,22.9891,24.8809,10,16,24,33,42,84.405,0,4.72,24.52
egg6-science-B,stage4,egg6,Epic,science,B,greedy-egg,3,beetle|mushroom,200,0.005,0.005,200,19.085,17.8941,20.2759,4,10,18,30,42,80.185,0.025,3.945,16.985
egg6-science-B,stage4,egg6,Epic,science,B,greedy-egg,4,brute,199,0.0503,0.0302,199,24.2965,23.0516,25.5414,3,15,24,36,45,72.005,0.0251,4.9095,33.2161
egg6-science-B,stage4,egg6,Epic,science,B,greedy-egg,6,beetle|mushroom,80,0.0125,0,80,16.0625,14.1562,17.9688,2,7.8,14,24.3,48,70.9625,0.0375,3.4125,17.325
egg6-science-B,stage4,egg6,Epic,science,B,greedy-egg,7,mushroom|beetle,81,0.037,0.0123,81,14.3704,12.7818,15.959,2,4,12,24,36,73.0247,0.037,2.9877,15.0864
egg6-science-B,stage4,egg6,Epic,science,B,greedy-egg,8,stag,191,0.7435,0.6545,191,54.0681,50.1684,57.9677,3,21,51,90,156,19.8743,0.9581,11.3351,107.555
egg6-science-B,stage4,egg6,Epic,science,B,greedy-egg,5,mushroom|beetle,76,0.0263,0.0132,76,17.5132,15.5796,19.4467,4,8,15.5,30,42,67.5658,0.0395,3.6974,19.3158
egg6-science-B,stage4,egg6,Epic,science,B,greedy,1,mushroom,200,0,0,200,30.2,28.813,31.587,15,20,28,42.1,70,86.47,0,5.55,73.255
egg6-science-B,stage4,egg6,Epic,science,B,greedy,2,mushroom|beetle,200,0.01,0.01,200,32.94,31.0194,34.8606,4,18,30,50.1,75,89.09,0.015,6.515,47.925
egg6-science-B,stage4,egg6,Epic,science,B,greedy,3,beetle|mushroom,198,0.0202,0.0152,198,27.3737,25.2965,29.4509,3,12,24.5,46,90,87.5455,0.0606,5.6414,39.803
egg6-science-B,stage4,egg6,Epic,science,B,greedy,4,brute,195,0.0667,0.0462,195,40.0205,36.9468,43.0942,3,17,36,69.6,138,76.2359,0.3026,8.1487,88.8872
egg6-science-B,stage4,egg6,Epic,science,B,greedy,5,beetle|mushroom,74,0.0541,0.0405,74,26.8108,22.7124,30.9092,1,11,24,47.7,121,78.5405,0.2432,5.6081,41.6081
egg6-science-B,stage4,egg6,Epic,science,B,greedy,7,beetle|mushroom,81,0.037,0.0123,81,19.4815,16.503,22.46,1,6,16,34,72,79.6296,0.2469,4.0494,30.1358
egg6-science-B,stage4,egg6,Epic,science,B,greedy,8,stag,181,0.8398,0.7901,181,73.4586,65.5405,81.3766,6,18,60,143,288,15.326,1.768,15.4917,248.221
egg6-science-B,stage4,egg6,Epic,science,B,greedy,6,mushroom|beetle,73,0.0137,0.0137,73,22.5342,18.869,26.1995,2,12,20,36,124,83.0685,0.3288,4.6301,37.0411
egg6-science-B,stage4,egg6,Epic,science,B,random,1,mushroom,200,0,0,200,32.075,30.749,33.401,17,21.9,30,44,64,81.74,0,5.91,85.04
egg6-science-B,stage4,egg6,Epic,science,B,random,2,mushroom|beetle,200,0.04,0.03,200,32.69,30.9567,34.4233,2,18,30,49.1,75,79.715,0.03,6.45,50.53
egg6-science-B,stage4,egg6,Epic,science,B,random,3,mushroom|beetle,194,0.0515,0.0464,194,27.732,25.4733,29.9906,4,12,24,47.7,126,80.8299,0.1959,5.6753,44.0412
egg6-science-B,stage4,egg6,Epic,science,B,random,4,brute,185,0.1892,0.1676,185,38.6865,35.8595,41.5135,6,18,36,60.6,126,63.5946,0.4973,7.827,93.8486
egg6-science-B,stage4,egg6,Epic,science,B,random,6,mushroom|beetle,62,0.0484,0.0484,62,29.0323,21.4976,36.5669,4,10,20.5,54.8,177,78.6452,0.871,6.0645,47.3387
egg6-science-B,stage4,egg6,Epic,science,B,random,7,beetle|mushroom,55,0.0182,0.0182,55,21.2182,15.9551,26.4813,4,8.4,16,36,147,74.1455,0.4182,4.4545,36.8
egg6-science-B,stage4,egg6,Epic,science,B,random,8,stag,146,0.9521,0.9384,146,52.8562,46.7004,59.0119,3,16,45,105,198,4.6027,1.5137,11.1096,200.3699
egg6-science-B,stage4,egg6,Epic,science,B,random,5,beetle|mushroom,63,0.0794,0.0635,63,29.9206,23.9358,35.9055,3,8.2,22,59.2,120,77.7778,0.4603,6.3492,47.0317
